poseidon_run,triad,1,1,1.3002843333333334,1
poseidon_run,triad,1,2,1.2995026666666667,1
poseidon_run,triad,1,4,1.2958255,1
poseidon_run,triad,1,8,1.3111558333333333,1
poseidon_run,triad,1,16,1.2968623333333333,1
poseidon_run,sum,1,1,1.2142501666666667,1
poseidon_run,sum,1,2,1.2149613333333333,1
poseidon_run,sum,1,4,1.2144961666666667,1
poseidon_run,sum,1,8,1.2170548333333333,1
poseidon_run,sum,1,16,1.2196755,1
poseidon_run,stream,1,1,1.4394745,1
poseidon_run,stream,1,2,1.439595,1
poseidon_run,stream,1,4,1.4405483333333333,1
poseidon_run,stream,1,8,1.4428533333333333,1
poseidon_run,stream,1,16,1.4461806666666666,1
poseidon_run,peakflops,1,1,1.3998791666666666,1
poseidon_run,peakflops,1,2,1.4000855,1
poseidon_run,peakflops,1,4,1.4008385,1
poseidon_run,peakflops,1,8,1.4020664999999999,1
poseidon_run,peakflops,1,16,1.4050678333333333,1
poseidon_run,ddot,1,1,1.8076711666666667,1
poseidon_run,ddot,1,2,1.8052388333333333,1
poseidon_run,ddot,1,4,1.8093683333333332,1
poseidon_run,ddot,1,8,1.8097558333333332,1
poseidon_run,ddot,1,16,1.8147291666666667,1
poseidon_run,daxpy,1,1,1.0158141666666667,1
poseidon_run,daxpy,1,2,1.0161376666666666,1
poseidon_run,daxpy,1,4,1.016668,1
poseidon_run,daxpy,1,8,1.0176555,1
poseidon_run,daxpy,1,16,1.0189843333333333,1
poseidon_run,triad,2,1,1.3040941666666668,1
poseidon_run,triad,2,2,1.3150383333333333,1
poseidon_run,triad,2,4,1.3114166666666667,1
poseidon_run,triad,2,8,1.3102896666666666,1
poseidon_run,triad,2,16,1.3093948333333334,1
poseidon_run,sum,2,1,1.2151573333333332,1
poseidon_run,sum,2,2,1.2152451666666666,1
poseidon_run,sum,2,4,1.2143708333333334,1
poseidon_run,sum,2,8,1.2166768333333333,1
poseidon_run,sum,2,16,1.2186313333333334,1
poseidon_run,stream,2,1,1.4404854999999999,1
poseidon_run,stream,2,2,1.4410143333333334,1
poseidon_run,stream,2,4,1.441145,1
poseidon_run,stream,2,8,1.4434006666666668,1
poseidon_run,stream,2,16,1.4449313333333333,1
poseidon_run,peakflops,2,1,1.4001695,1
poseidon_run,peakflops,2,2,1.4001153333333334,1
poseidon_run,peakflops,2,4,1.4010743333333333,1
poseidon_run,peakflops,2,8,1.4026568333333334,1
poseidon_run,peakflops,2,16,1.4049853333333333,1
poseidon_run,ddot,2,1,1.8062369999999999,1
poseidon_run,ddot,2,2,1.8072563333333334,1
poseidon_run,ddot,2,4,1.8058901666666667,1
poseidon_run,ddot,2,8,1.8107,1
poseidon_run,ddot,2,16,1.8150408333333332,1
poseidon_run,daxpy,2,1,1.0159023333333332,1
poseidon_run,daxpy,2,2,1.0164283333333333,1
poseidon_run,daxpy,2,4,1.0167125,1
poseidon_run,daxpy,2,8,1.0152366666666666,1
poseidon_run,daxpy,2,16,1.0197673333333332,1
poseidon_run,triad,3,1,1.2982013333333333,1
poseidon_run,triad,3,2,1.2992018333333333,1
poseidon_run,triad,3,4,1.2986211666666667,1
poseidon_run,triad,3,8,1.3078326666666666,1
poseidon_run,triad,3,16,1.3082143333333334,1
poseidon_run,sum,3,1,1.214327,1
poseidon_run,sum,3,2,1.2145431666666666,1
poseidon_run,sum,3,4,1.2151805,1
poseidon_run,sum,3,8,1.2169198333333333,1
poseidon_run,sum,3,16,1.2191221666666667,1
poseidon_run,stream,3,1,1.441318,1
poseidon_run,stream,3,2,1.4409873333333334,1
poseidon_run,stream,3,4,1.4406768333333333,1
poseidon_run,stream,3,8,1.442389,1
poseidon_run,stream,3,16,1.446493,1
poseidon_run,peakflops,3,1,1.3998351666666666,1
poseidon_run,peakflops,3,2,1.4002928333333333,1
poseidon_run,peakflops,3,4,1.4009544999999999,1
poseidon_run,peakflops,3,8,1.4029401666666665,1
poseidon_run,peakflops,3,16,1.4054876666666667,1
poseidon_run,ddot,3,1,1.8080288333333332,1
poseidon_run,ddot,3,2,1.8100733333333334,1
poseidon_run,ddot,3,4,1.809259,1
poseidon_run,ddot,3,8,1.8141345,1
poseidon_run,ddot,3,16,1.8155246666666667,1
poseidon_run,daxpy,3,1,1.0142413333333333,1
poseidon_run,daxpy,3,2,1.0162308333333334,1
poseidon_run,daxpy,3,4,1.0162916666666666,1
poseidon_run,daxpy,3,8,1.0175921666666667,1
poseidon_run,daxpy,3,16,1.0192903333333334,1
poseidon_run,triad,4,1,1.2950756666666667,1
poseidon_run,triad,4,2,1.3069368333333333,1
poseidon_run,triad,4,4,1.2927885,1
poseidon_run,triad,4,8,1.2991708333333334,1
poseidon_run,triad,4,16,1.3020536666666667,1
poseidon_run,sum,4,1,1.2147336666666666,1
poseidon_run,sum,4,2,1.2157428333333333,1
poseidon_run,sum,4,4,1.214702,1
poseidon_run,sum,4,8,1.2160525,1
poseidon_run,sum,4,16,1.2185166666666667,1
poseidon_run,stream,4,1,1.4403625,1
poseidon_run,stream,4,2,1.4408838333333334,1
poseidon_run,stream,4,4,1.4418513333333334,1
poseidon_run,stream,4,8,1.4429105,1
poseidon_run,stream,4,16,1.4443351666666666,1
poseidon_run,peakflops,4,1,1.400224,1
poseidon_run,peakflops,4,2,1.400085,1
poseidon_run,peakflops,4,4,1.4010535,1
poseidon_run,peakflops,4,8,1.4026871666666667,1
poseidon_run,peakflops,4,16,1.4049271666666667,1
poseidon_run,ddot,4,1,1.8070361666666666,1
poseidon_run,ddot,4,2,1.8103120000000001,1
poseidon_run,ddot,4,4,1.8092326666666667,1
poseidon_run,ddot,4,8,1.8131748333333333,1
poseidon_run,ddot,4,16,1.8121355,1
poseidon_run,daxpy,4,1,1.0159421666666666,1
poseidon_run,daxpy,4,2,1.0164458333333333,1
poseidon_run,daxpy,4,4,1.0135596666666666,1
poseidon_run,daxpy,4,8,1.0167801666666667,1
poseidon_run,daxpy,4,16,1.0193211666666668,1
poseidon_run,triad,5,1,1.3000393333333333,1
poseidon_run,triad,5,2,1.3069875,1
poseidon_run,triad,5,4,1.3065291666666667,1
poseidon_run,triad,5,8,1.3077475,1
poseidon_run,triad,5,16,1.3058186666666667,1
poseidon_run,sum,5,1,1.214398,1
poseidon_run,sum,5,2,1.2145921666666666,1
poseidon_run,sum,5,4,1.2145513333333333,1
poseidon_run,sum,5,8,1.2166553333333334,1
poseidon_run,sum,5,16,1.219158,1
poseidon_run,stream,5,1,1.4392786666666666,1
poseidon_run,stream,5,2,1.4409545,1
poseidon_run,stream,5,4,1.44108,1
poseidon_run,stream,5,8,1.4437345000000001,1
poseidon_run,stream,5,16,1.446189,1
poseidon_run,peakflops,5,1,1.4007331666666667,1
poseidon_run,peakflops,5,2,1.400186,1
poseidon_run,peakflops,5,4,1.4005056666666666,1
poseidon_run,peakflops,5,8,1.4032121666666668,1
poseidon_run,peakflops,5,16,1.4056961666666667,1
poseidon_run,ddot,5,1,1.80927,1
poseidon_run,ddot,5,2,1.8094125,1
poseidon_run,ddot,5,4,1.8054638333333335,1
poseidon_run,ddot,5,8,1.8111570000000001,1
poseidon_run,ddot,5,16,1.8129391666666665,1
poseidon_run,daxpy,5,1,1.01589,1
poseidon_run,daxpy,5,2,1.0139848333333332,1
poseidon_run,daxpy,5,4,1.0166741666666665,1
poseidon_run,daxpy,5,8,1.0178391666666666,1
poseidon_run,daxpy,5,16,1.0195231666666666,1
poseidon_run,triad,6,1,1.3072885,1
poseidon_run,triad,6,2,1.2961393333333333,1
poseidon_run,triad,6,4,1.3041541666666667,1
poseidon_run,triad,6,8,1.2987626666666667,1
poseidon_run,triad,6,16,1.2987535000000001,1
poseidon_run,sum,6,1,1.2147751666666666,1
poseidon_run,sum,6,2,1.2142433333333333,1
poseidon_run,sum,6,4,1.2160513333333334,1
poseidon_run,sum,6,8,1.2177326666666666,1
poseidon_run,sum,6,16,1.2186701666666668,1
poseidon_run,stream,6,1,1.4388714999999999,1
poseidon_run,stream,6,2,1.4409511666666666,1
poseidon_run,stream,6,4,1.4412645,1
poseidon_run,stream,6,8,1.4424506666666665,1
poseidon_run,stream,6,16,1.4464266666666667,1
poseidon_run,peakflops,6,1,1.3997733333333333,1
poseidon_run,peakflops,6,2,1.4001975,1
poseidon_run,peakflops,6,4,1.4010708333333333,1
poseidon_run,peakflops,6,8,1.4023745,1
poseidon_run,peakflops,6,16,1.4048663333333333,1
poseidon_run,ddot,6,1,1.808616,1
poseidon_run,ddot,6,2,1.8078458333333334,1
poseidon_run,ddot,6,4,1.8127925,1
poseidon_run,ddot,6,8,1.8079151666666666,1
poseidon_run,ddot,6,16,1.8189665,1
poseidon_run,daxpy,6,1,1.0136623333333332,1
poseidon_run,daxpy,6,2,1.0146796666666666,1
poseidon_run,daxpy,6,4,1.0159333333333334,1
poseidon_run,daxpy,6,8,1.0161958333333334,1
poseidon_run,daxpy,6,16,1.018802,1
poseidon_run,triad,7,1,1.3008075,1
poseidon_run,triad,7,2,1.2942246666666666,1
poseidon_run,triad,7,4,1.3112211666666667,1
poseidon_run,triad,7,8,1.3059111666666667,1
poseidon_run,triad,7,16,1.2992946666666667,1
poseidon_run,sum,7,1,1.2141266666666666,1
poseidon_run,sum,7,2,1.2162928333333334,1
poseidon_run,sum,7,4,1.2158618333333333,1
poseidon_run,sum,7,8,1.2166956666666666,1
poseidon_run,sum,7,16,1.2203271666666666,1
poseidon_run,stream,7,1,1.439857,1
poseidon_run,stream,7,2,1.4398305,1
poseidon_run,stream,7,4,1.4411260000000001,1
poseidon_run,stream,7,8,1.4427385,1
poseidon_run,stream,7,16,1.4453315,1
poseidon_run,peakflops,7,1,1.3999433333333333,1
poseidon_run,peakflops,7,2,1.4033646666666666,1
poseidon_run,peakflops,7,4,1.4021471666666667,1
poseidon_run,peakflops,7,8,1.4023718333333333,1
poseidon_run,peakflops,7,16,1.4047241666666668,1
poseidon_run,ddot,7,1,1.8101801666666666,1
poseidon_run,ddot,7,2,1.81022,1
poseidon_run,ddot,7,4,1.8052668333333333,1
poseidon_run,ddot,7,8,1.8078156666666667,1
poseidon_run,ddot,7,16,1.8165753333333334,1
poseidon_run,daxpy,7,1,1.015654,1
poseidon_run,daxpy,7,2,1.0164318333333333,1
poseidon_run,daxpy,7,4,1.0157161666666665,1
poseidon_run,daxpy,7,8,1.0174633333333334,1
poseidon_run,daxpy,7,16,1.0189388333333333,1
poseidon_run,triad,8,1,1.3019158333333334,1
poseidon_run,triad,8,2,1.2929198333333334,1
poseidon_run,triad,8,4,1.2997063333333334,1
poseidon_run,triad,6,1,1.3079505,1
poseidon_run,triad,6,2,1.3037183333333333,1
poseidon_run,triad,6,4,1.3033646666666667,1
poseidon_run,triad,6,8,1.3129835,1
poseidon_run,triad,6,16,1.3100938333333334,1
poseidon_run,sum,6,1,1.2137651666666667,1
poseidon_run,sum,6,2,1.2156386666666668,1
poseidon_run,sum,6,4,1.2153413333333334,1
poseidon_run,sum,6,8,1.2160801666666667,1
poseidon_run,sum,6,16,1.2195376666666666,1
poseidon_run,stream,6,1,1.4407246666666667,1
poseidon_run,stream,6,2,1.4405233333333334,1
poseidon_run,stream,6,4,1.4424606666666666,1
poseidon_run,stream,6,8,1.4422946666666667,1
poseidon_run,stream,6,16,1.446119,1
poseidon_run,peakflops,6,1,1.4000508333333332,1
poseidon_run,peakflops,6,2,1.4001455,1
poseidon_run,peakflops,6,4,1.4014798333333334,1
poseidon_run,peakflops,6,8,1.4023516666666667,1
poseidon_run,peakflops,6,16,1.4054381666666667,1
poseidon_run,ddot,6,1,1.8059973333333335,1
poseidon_run,ddot,6,2,1.8065866666666668,1
poseidon_run,ddot,6,4,1.8111606666666666,1
poseidon_run,ddot,6,8,1.825109,1
poseidon_run,ddot,6,16,1.8137483333333333,1
poseidon_run,daxpy,6,1,1.0154619999999999,1
poseidon_run,daxpy,6,2,1.0154848333333333,1
poseidon_run,daxpy,6,4,1.0165896666666667,1
poseidon_run,daxpy,6,8,1.0176161666666668,1
poseidon_run,daxpy,6,16,1.0190485,1
poseidon_run,triad,7,1,1.2972563333333333,1
poseidon_run,triad,7,2,1.3046548333333332,1
poseidon_run,triad,7,4,1.3054171666666667,1
poseidon_run,triad,7,8,1.3033985000000001,1
poseidon_run,triad,7,16,1.3187748333333333,1
poseidon_run,sum,7,1,1.2145871666666668,1
poseidon_run,sum,7,2,1.2149103333333333,1
poseidon_run,sum,7,4,1.2153191666666667,1
poseidon_run,sum,7,8,1.2181921666666666,1
poseidon_run,sum,7,16,1.2190838333333334,1
poseidon_run,stream,7,1,1.4477666666666666,1
poseidon_run,stream,7,2,1.441227,1
poseidon_run,stream,7,4,1.4417561666666667,1
poseidon_run,stream,7,8,1.4440251666666666,1
poseidon_run,stream,7,16,1.4458046666666666,1
poseidon_run,peakflops,7,1,1.4000555000000001,1
poseidon_run,peakflops,7,2,1.4003598333333334,1
poseidon_run,peakflops,7,4,1.4011051666666667,1
poseidon_run,peakflops,7,8,1.4025806666666667,1
poseidon_run,peakflops,7,16,1.4053198333333332,1
poseidon_run,ddot,7,1,1.8059028333333333,1
poseidon_run,ddot,7,2,1.8087426666666666,1
poseidon_run,ddot,7,4,1.8097923333333334,1
poseidon_run,ddot,7,8,1.8094508333333335,1
poseidon_run,ddot,7,16,1.8131718333333333,1
poseidon_run,daxpy,7,1,1.013676,1
poseidon_run,daxpy,7,2,1.0164616666666666,1
poseidon_run,daxpy,7,4,1.0164508333333333,1
poseidon_run,daxpy,7,8,1.0176033333333334,1
poseidon_run,daxpy,7,16,1.01982,1
poseidon_run,triad,8,1,1.2993436666666667,1
poseidon_run,triad,8,2,1.3018561666666666,1
poseidon_run,triad,8,4,1.3011156666666668,1
poseidon_run,triad,8,8,1.2971636666666666,1
poseidon_run,triad,8,16,1.2989305,1
poseidon_run,sum,8,1,1.214867,1
poseidon_run,sum,8,2,1.2141438333333334,1
poseidon_run,sum,8,4,1.2150366666666668,1
poseidon_run,sum,8,8,1.2164751666666667,1
poseidon_run,sum,8,16,1.2192915,1
poseidon_run,stream,8,1,1.4402826666666666,1
poseidon_run,stream,8,2,1.4406481666666666,1
poseidon_run,stream,8,4,1.4425688333333333,1
poseidon_run,stream,8,8,1.443098,1
poseidon_run,stream,8,16,1.4453038333333332,1
poseidon_run,peakflops,8,1,1.3999268333333335,1
poseidon_run,peakflops,8,2,1.4006281666666667,1
poseidon_run,peakflops,8,4,1.4010216666666666,1
poseidon_run,peakflops,8,8,1.4032326666666668,1
poseidon_run,peakflops,8,16,1.4055026666666668,1
poseidon_run,ddot,8,1,1.8100941666666668,1
poseidon_run,ddot,8,2,1.8102063333333334,1
poseidon_run,ddot,8,4,1.8109330000000001,1
poseidon_run,ddot,8,8,1.8089538333333333,1
poseidon_run,ddot,8,16,1.8136926666666666,1
poseidon_run,daxpy,8,1,1.0159425,1
poseidon_run,daxpy,8,2,1.0162003333333334,1
poseidon_run,daxpy,8,4,1.0167323333333333,1
poseidon_run,daxpy,8,8,1.0172475,1
poseidon_run,daxpy,8,16,1.0186263333333334,1
poseidon_run,triad,9,1,1.2993286666666666,1
poseidon_run,triad,9,2,1.304144,1
poseidon_run,triad,9,4,1.2992013333333332,1
poseidon_run,triad,9,8,1.3159038333333333,1
poseidon_run,triad,9,16,1.3055525000000001,1
poseidon_run,sum,9,1,1.2141513333333334,1
poseidon_run,sum,9,2,1.2143506666666668,1
poseidon_run,sum,9,4,1.2181526666666667,1
poseidon_run,sum,9,8,1.2166461666666666,1
poseidon_run,sum,9,16,1.2189711666666667,1
poseidon_run,stream,9,1,1.439539,1
poseidon_run,stream,9,2,1.4398858333333333,1
poseidon_run,stream,9,4,1.4419763333333333,1
poseidon_run,stream,9,8,1.4433018333333334,1
poseidon_run,stream,9,16,1.445641,1
poseidon_run,peakflops,9,1,1.3999535,1
poseidon_run,peakflops,9,2,1.4004341666666666,1
poseidon_run,peakflops,9,4,1.4036266666666666,1
poseidon_run,peakflops,9,8,1.4022593333333333,1
poseidon_run,peakflops,9,16,1.4054628333333334,1
poseidon_run,ddot,9,1,1.8079233333333333,1
poseidon_run,ddot,9,2,1.8078435,1
poseidon_run,ddot,9,4,1.809969,1
poseidon_run,ddot,9,8,1.8103845,1
poseidon_run,ddot,9,16,1.8139243333333335,1
poseidon_run,daxpy,9,1,1.011971,1
poseidon_run,daxpy,9,2,1.0167133333333334,1
poseidon_run,daxpy,9,4,1.0164356666666667,1
poseidon_run,daxpy,9,8,1.0162848333333334,1
poseidon_run,daxpy,9,16,1.0183981666666666,1
poseidon_run,triad,10,1,1.2966921666666666,1
poseidon_run,triad,10,2,1.2948978333333334,1
poseidon_run,triad,10,4,1.3025251666666666,1
poseidon_run,triad,10,8,1.3025645,1
poseidon_run,triad,10,16,1.3084825,1
poseidon_run,sum,10,1,1.2140826666666666,1
poseidon_run,sum,10,2,1.2137158333333333,1
poseidon_run,sum,10,4,1.2156654999999998,1
poseidon_run,sum,10,8,1.2168815,1
poseidon_run,sum,10,16,1.2189813333333335,1
poseidon_run,stream,10,1,1.4409016666666665,1
poseidon_run,stream,10,2,1.4416451666666665,1
poseidon_run,stream,10,4,1.4421531666666667,1
poseidon_run,stream,10,8,1.4441186666666668,1
poseidon_run,stream,10,16,1.4461308333333334,1
poseidon_run,peakflops,10,1,1.3999733333333333,1
poseidon_run,peakflops,10,2,1.4002131666666666,1
poseidon_run,peakflops,10,4,1.4010695,1
poseidon_run,peakflops,10,8,1.4022333333333334,1
poseidon_run,peakflops,10,16,1.404752,1
poseidon_run,ddot,10,1,1.8068843333333333,1
poseidon_run,ddot,10,2,1.8144695,1
poseidon_run,ddot,10,4,1.8093261666666667,1
poseidon_run,ddot,10,8,1.8127453333333332,1
poseidon_run,ddot,10,16,1.8187558333333333,1
poseidon_run,daxpy,10,1,1.0151186666666667,1
poseidon_run,daxpy,10,2,1.0144786666666668,1
poseidon_run,daxpy,10,4,1.0161538333333333,1
poseidon_run,daxpy,10,8,1.0170658333333333,1
poseidon_run,daxpy,10,16,1.0193333333333332,1
poseidon_run,triad,11,1,1.2877615,1
poseidon_run,triad,11,2,1.2994601666666667,1
poseidon_run,triad,11,4,1.306191,1
poseidon_run,triad,11,8,1.3134618333333332,1
poseidon_run,triad,11,16,1.3103321666666667,1
poseidon_run,sum,11,1,1.2135123333333333,1
poseidon_run,sum,11,2,1.2145578333333333,1
poseidon_run,sum,11,4,1.233965,1
poseidon_run,sum,11,8,1.2173966666666667,1
poseidon_run,sum,11,16,1.219149,1
poseidon_run,stream,11,1,1.4412115,1
poseidon_run,stream,11,2,1.4406861666666666,1
poseidon_run,stream,11,4,1.4416963333333335,1
poseidon_run,stream,11,8,1.443411,1
poseidon_run,stream,11,16,1.445144,1
poseidon_run,peakflops,11,1,1.3998543333333333,1
poseidon_run,peakflops,11,2,1.4007243333333332,1
poseidon_run,peakflops,11,4,1.4009041666666666,1
poseidon_run,peakflops,11,8,1.4021205,1
poseidon_run,peakflops,11,16,1.4046505,1
poseidon_run,ddot,11,1,1.8110095,1
poseidon_run,ddot,11,2,1.80869,1
poseidon_run,ddot,11,4,1.8078738333333333,1
poseidon_run,ddot,11,8,1.8102613333333333,1
poseidon_run,ddot,11,16,1.8129123333333332,1
poseidon_run,daxpy,11,1,1.0151371666666666,1
poseidon_run,daxpy,11,2,1.0268513333333333,1
poseidon_run,daxpy,11,4,1.0162081666666667,1
poseidon_run,daxpy,11,8,1.016619,1
poseidon_run,daxpy,11,16,1.0197878333333332,1
poseidon_run,triad,12,1,1.2965975,1
poseidon_run,triad,12,2,1.2923548333333332,1
poseidon_run,triad,12,4,1.3065281666666666,1
poseidon_run,triad,12,8,1.3018983333333334,1
poseidon_run,triad,12,16,1.3065648333333333,1
poseidon_run,sum,12,1,1.2142125,1
poseidon_run,sum,12,2,1.2152833333333333,1
poseidon_run,sum,12,4,1.215155,1
poseidon_run,sum,12,8,1.2161698333333333,1
poseidon_run,sum,12,16,1.2191401666666666,1
poseidon_run,stream,12,1,1.4449401666666666,1
poseidon_run,stream,12,2,1.440399,1
poseidon_run,stream,12,4,1.4394878333333334,1
poseidon_run,stream,12,8,1.4432935,1
poseidon_run,stream,12,16,1.4456693333333333,1
poseidon_run,peakflops,12,1,1.4005876666666666,1
poseidon_run,peakflops,12,2,1.4002105,1
poseidon_run,peakflops,12,4,1.4095958333333334,1
poseidon_run,peakflops,12,8,1.4023916666666667,1
poseidon_run,peakflops,12,16,1.4050071666666666,1
poseidon_run,ddot,12,1,1.8054435,1
poseidon_run,ddot,12,2,1.8089396666666666,1
poseidon_run,ddot,12,4,1.8091515,1
poseidon_run,ddot,12,8,1.8143775,1
poseidon_run,ddot,12,16,1.8154333333333332,1
poseidon_run,daxpy,12,1,1.016034,1
poseidon_run,daxpy,12,2,1.0163315,1
poseidon_run,daxpy,12,4,1.0170895,1
poseidon_run,daxpy,12,8,1.0181678333333333,1
poseidon_run,daxpy,12,16,1.0179991666666666,1
poseidon_run,triad,13,1,1.3074958333333333,1
poseidon_run,triad,13,2,1.3115983333333332,1
poseidon_run,triad,13,4,1.2979898333333333,1
poseidon_run,triad,13,8,1.31866,1
poseidon_run,triad,13,16,1.309928,1
poseidon_run,sum,13,1,1.2150996666666667,1
poseidon_run,sum,13,2,1.2144983333333335,1
poseidon_run,sum,13,4,1.215954,1
poseidon_run,sum,13,8,1.2163650000000001,1
poseidon_run,sum,13,16,1.2193805,1
poseidon_run,stream,13,1,1.4405513333333333,1
poseidon_run,stream,13,2,1.440982,1
poseidon_run,stream,13,4,1.4388788333333333,1
poseidon_run,stream,13,8,1.4430273333333332,1
poseidon_run,stream,13,16,1.4481708333333334,1
poseidon_run,peakflops,13,1,1.3999965,1
poseidon_run,peakflops,13,2,1.4001785,1
poseidon_run,peakflops,13,4,1.4008515,1
poseidon_run,peakflops,13,8,1.4030378333333333,1
poseidon_run,peakflops,13,16,1.405174,1
poseidon_run,ddot,13,1,1.8072965,1
poseidon_run,ddot,13,2,1.8090871666666666,1
poseidon_run,ddot,13,4,1.8085823333333333,1
poseidon_run,ddot,13,8,1.8104331666666666,1
poseidon_run,ddot,13,16,1.816141,1
poseidon_run,daxpy,13,1,1.0161771666666668,1
poseidon_run,daxpy,13,2,1.0164279999999999,1
poseidon_run,daxpy,13,4,1.0168476666666666,1
poseidon_run,daxpy,13,8,1.0177086666666666,1
poseidon_run,daxpy,13,16,1.0207225,1
poseidon_run,triad,14,1,1.2968915,1
poseidon_run,triad,14,2,1.2888283333333332,1
poseidon_run,triad,14,4,1.3051651666666666,1
poseidon_run,triad,14,8,1.292064,1
poseidon_run,triad,14,16,1.299719,1
poseidon_run,sum,14,1,1.2149713333333334,1
poseidon_run,sum,14,2,1.2157658333333332,1
poseidon_run,sum,14,4,1.2150828333333334,1
poseidon_run,sum,14,8,1.2161521666666666,1
poseidon_run,sum,14,16,1.2184583333333332,1
poseidon_run,stream,14,1,1.4393018333333334,1
poseidon_run,stream,14,2,1.4412781666666667,1
poseidon_run,stream,14,4,1.4410671666666668,1
poseidon_run,stream,14,8,1.4426336666666666,1
poseidon_run,stream,14,16,1.4451085,1
poseidon_run,peakflops,14,1,1.4001428333333332,1
poseidon_run,peakflops,14,2,1.400329,1
poseidon_run,peakflops,14,4,1.4040031666666666,1
poseidon_run,peakflops,14,8,1.4028856666666667,1
poseidon_run,peakflops,14,16,1.4054471666666666,1
poseidon_run,ddot,14,1,1.80463,1
poseidon_run,ddot,14,2,1.8062643333333335,1
poseidon_run,ddot,14,4,1.8118606666666668,1
poseidon_run,ddot,14,8,1.8163111666666667,1
poseidon_run,ddot,14,16,1.815908,1
poseidon_run,daxpy,14,1,1.0157996666666667,1
poseidon_run,daxpy,14,2,1.0163001666666667,1
poseidon_run,daxpy,14,4,1.0166525,1
poseidon_run,daxpy,14,8,1.0176381666666667,1
poseidon_run,daxpy,14,16,1.0203361666666666,1
poseidon_run,triad,15,1,1.303256,1
poseidon_run,triad,15,2,1.3004748333333334,1
poseidon_run,triad,15,4,1.2993301666666666,1
poseidon_run,triad,15,8,1.3097466666666666,1
poseidon_run,triad,15,16,1.2989355,1
poseidon_run,sum,15,1,1.2148795000000001,1
poseidon_run,sum,15,2,1.2153245,1
poseidon_run,sum,15,4,1.2161133333333334,1
poseidon_run,sum,15,8,1.2164115,1
poseidon_run,sum,15,16,1.2188468333333333,1
poseidon_run,stream,15,1,1.4382336666666666,1
poseidon_run,stream,15,2,1.4376446666666667,1
poseidon_run,stream,15,4,1.4389046666666667,1
poseidon_run,stream,15,8,1.4395825,1
poseidon_run,stream,15,16,1.4450206666666667,1
poseidon_run,peakflops,15,1,1.399929,1
poseidon_run,peakflops,15,2,1.4003428333333334,1
poseidon_run,peakflops,15,4,1.4013416666666667,1
poseidon_run,peakflops,15,8,1.4026093333333334,1
poseidon_run,peakflops,15,16,1.4052196666666668,1
poseidon_run,ddot,15,1,1.812437,1
poseidon_run,ddot,15,2,1.8062886666666667,1
poseidon_run,ddot,15,4,1.8116161666666666,1
poseidon_run,ddot,15,8,1.8082715,1
poseidon_run,ddot,15,16,1.81387,1
poseidon_run,daxpy,15,1,1.0120529999999999,1
poseidon_run,daxpy,15,2,1.0139758333333333,1
poseidon_run,daxpy,15,4,1.014727,1
poseidon_run,daxpy,15,8,1.0152166666666667,1
poseidon_run,daxpy,15,16,1.019088,1
poseidon_run,triad,16,1,1.2921763333333334,1
poseidon_run,triad,16,2,1.2958496666666666,1
poseidon_run,triad,16,4,1.3058608333333332,1
poseidon_run,triad,16,8,1.3073316666666668,1
poseidon_run,triad,16,16,1.3179823333333334,1
poseidon_run,sum,16,1,1.2153946666666666,1
poseidon_run,sum,16,2,1.2161026666666668,1
poseidon_run,sum,16,4,1.2152466666666666,1
poseidon_run,sum,16,8,1.2171041666666667,1
poseidon_run,sum,16,16,1.2194133333333332,1
poseidon_run,stream,16,1,1.4405033333333332,1
poseidon_run,stream,16,2,1.4409351666666668,1
poseidon_run,stream,16,4,1.441888,1
poseidon_run,stream,16,8,1.4439558333333333,1
poseidon_run,stream,16,16,1.4481708333333332,1
poseidon_run,peakflops,16,1,1.3999451666666667,1
poseidon_run,peakflops,16,2,1.4013146666666667,1
poseidon_run,peakflops,16,4,1.4010936666666667,1
poseidon_run,peakflops,16,8,1.4025008333333333,1
poseidon_run,peakflops,16,16,1.4050773333333333,1
poseidon_run,ddot,16,1,1.8088925,1
poseidon_run,ddot,16,2,1.8061713333333334,1
poseidon_run,ddot,16,4,1.8102435000000001,1
poseidon_run,ddot,16,8,1.8083556666666667,1
poseidon_run,ddot,16,16,1.814114,1
poseidon_run,daxpy,16,1,1.0136319999999999,1
poseidon_run,daxpy,16,2,1.0138586666666667,1
poseidon_run,daxpy,16,4,1.0165103333333334,1
poseidon_run,daxpy,16,8,1.0174633333333334,1
poseidon_run,daxpy,16,16,1.0197496666666666,1
poseidon_run,triad,17,1,1.2970519999999999,1
poseidon_run,triad,17,2,1.3237186666666667,1
poseidon_run,triad,17,4,1.3120615,1
poseidon_run,triad,17,8,1.3089498333333334,1
poseidon_run,triad,17,16,1.2983233333333333,1
poseidon_run,sum,17,1,1.215231,1
poseidon_run,sum,17,2,1.2158158333333333,1
poseidon_run,sum,17,4,1.2157008333333332,1
poseidon_run,sum,17,8,1.2168006666666666,1
poseidon_run,sum,17,16,1.2200978333333332,1
poseidon_run,stream,17,1,1.4405350000000001,1
poseidon_run,stream,17,2,1.4409366666666668,1
poseidon_run,stream,17,4,1.4421666666666666,1
poseidon_run,stream,17,8,1.4435471666666666,1
poseidon_run,stream,17,16,1.452816,1
poseidon_run,peakflops,17,1,1.4006675,1
poseidon_run,peakflops,17,2,1.4006765,1
poseidon_run,peakflops,17,4,1.4014855,1
poseidon_run,peakflops,17,8,1.4096671666666667,1
poseidon_run,peakflops,17,16,1.4269071666666666,1
poseidon_run,ddot,17,1,1.8110478333333333,1
poseidon_run,ddot,17,2,1.8068375,1
poseidon_run,ddot,17,4,1.8180436666666666,1
poseidon_run,ddot,17,8,1.8078721666666666,1
poseidon_run,ddot,17,16,1.815549,1
poseidon_run,daxpy,17,1,1.0151235,1
poseidon_run,daxpy,17,2,1.0162795,1
poseidon_run,daxpy,17,4,1.0162621666666667,1
poseidon_run,daxpy,17,8,1.0173803333333333,1
poseidon_run,daxpy,17,16,1.0202593333333334,1
poseidon_run,triad,18,1,1.3115773333333334,1
poseidon_run,triad,18,2,1.3009536666666668,1
poseidon_run,triad,18,4,1.3056456666666667,1
poseidon_run,triad,18,8,1.320972,1
poseidon_run,triad,18,16,1.312995,1
poseidon_run,sum,18,1,1.2146293333333333,1
poseidon_run,sum,18,2,1.2147468333333333,1
poseidon_run,sum,18,4,1.2168975,1
poseidon_run,sum,18,8,1.2171493333333334,1
poseidon_run,sum,18,16,1.2194346666666667,1
poseidon_run,stream,18,1,1.4398833333333334,1
poseidon_run,stream,18,2,1.4404931666666667,1
poseidon_run,stream,18,4,1.4421103333333334,1
poseidon_run,stream,18,8,1.4515895,1
poseidon_run,stream,18,16,1.4463578333333333,1
poseidon_run,peakflops,18,1,1.400028,1
poseidon_run,peakflops,18,2,1.4003626666666666,1
poseidon_run,peakflops,18,4,1.4063503333333334,1
poseidon_run,peakflops,18,8,1.402412,1
poseidon_run,peakflops,18,16,1.4046938333333334,1
poseidon_run,ddot,18,1,1.8068898333333334,1
poseidon_run,ddot,18,2,1.8098026666666667,1
poseidon_run,ddot,18,4,1.8123113333333334,1
poseidon_run,ddot,18,8,1.8120114999999999,1
poseidon_run,ddot,18,16,1.8157855,1
poseidon_run,daxpy,18,1,1.016024,1
poseidon_run,daxpy,18,2,1.0167691666666667,1
poseidon_run,daxpy,18,4,1.015538,1
poseidon_run,daxpy,18,8,1.0180338333333334,1
poseidon_run,daxpy,18,16,1.0196051666666668,1
poseidon_run,triad,19,1,1.2977305000000001,1
poseidon_run,triad,19,2,1.3024471666666666,1
poseidon_run,triad,19,4,1.3004466666666665,1
poseidon_run,triad,19,8,1.2951031666666668,1
poseidon_run,triad,19,16,1.3009491666666666,1
poseidon_run,sum,19,1,1.2152781666666665,1
poseidon_run,sum,19,2,1.2150168333333333,1
poseidon_run,sum,19,4,1.2234196666666666,1
poseidon_run,sum,19,8,1.2167535,1
poseidon_run,sum,19,16,1.2190086666666666,1
poseidon_run,stream,19,1,1.4413806666666666,1
poseidon_run,stream,19,2,1.4409986666666668,1
poseidon_run,stream,19,4,1.4419406666666668,1
poseidon_run,stream,19,8,1.4432321666666668,1
poseidon_run,stream,19,16,1.4419858333333333,1
poseidon_run,peakflops,19,1,1.4006286666666665,1
poseidon_run,peakflops,19,2,1.4002513333333333,1
poseidon_run,peakflops,19,4,1.4015371666666667,1
poseidon_run,peakflops,19,8,1.4026026666666667,1
poseidon_run,peakflops,19,16,1.4051811666666667,1
poseidon_run,ddot,19,1,1.8086638333333334,1
poseidon_run,ddot,19,2,1.8100728333333334,1
poseidon_run,ddot,19,4,1.8072473333333334,1
poseidon_run,ddot,19,8,1.8084483333333334,1
poseidon_run,ddot,19,16,1.8158701666666668,1
poseidon_run,daxpy,19,1,1.0155781666666666,1
poseidon_run,daxpy,19,2,1.0212955,1
poseidon_run,daxpy,19,4,1.0169165,1
poseidon_run,daxpy,19,8,1.0172714999999999,1
poseidon_run,daxpy,19,16,1.0198215,1
poseidon_run,triad,20,1,1.3156385000000002,1
poseidon_run,triad,20,2,1.3092833333333334,1
poseidon_run,triad,20,4,1.313121,1
poseidon_run,triad,20,8,1.2940568333333333,1
poseidon_run,triad,20,16,1.3097325,1
poseidon_run,sum,20,1,1.2148313333333334,1
poseidon_run,sum,20,2,1.2151555,1
poseidon_run,sum,20,4,1.2154023333333335,1
poseidon_run,sum,20,8,1.218116,1
poseidon_run,sum,20,16,1.2198158333333333,1
poseidon_run,stream,20,1,1.4486976666666667,1
poseidon_run,stream,20,2,1.4420801666666667,1
poseidon_run,stream,20,4,1.4415978333333332,1
poseidon_run,stream,20,8,1.4437013333333333,1
poseidon_run,stream,20,16,1.4453021666666668,1
poseidon_run,peakflops,20,1,1.4003831666666666,1
poseidon_run,peakflops,20,2,1.4037441666666666,1
poseidon_run,peakflops,20,4,1.4047043333333333,1
poseidon_run,peakflops,20,8,1.403228,1
poseidon_run,peakflops,20,16,1.4055726666666666,1
poseidon_run,ddot,20,1,1.8076461666666668,1
poseidon_run,ddot,20,2,1.8113934999999999,1
poseidon_run,ddot,20,4,1.8091813333333333,1
poseidon_run,ddot,20,8,1.8158166666666666,1
poseidon_run,ddot,20,16,1.8171256666666666,1
poseidon_run,daxpy,20,1,1.0166355,1
poseidon_run,daxpy,20,2,1.0165111666666666,1
poseidon_run,daxpy,20,4,1.0172585,1
poseidon_run,daxpy,20,8,1.0180175,1
poseidon_run,daxpy,20,16,1.0202151666666668,1
poseidon_run,triad,21,1,1.305512,1
poseidon_run,triad,21,2,1.308128,1
poseidon_run,triad,21,4,1.3017376666666667,1
poseidon_run,triad,21,8,1.2986211666666667,1
poseidon_run,triad,21,16,1.308775,1
poseidon_run,sum,21,1,1.2145763333333333,1
poseidon_run,sum,21,2,1.2151656666666666,1
poseidon_run,sum,21,4,1.2160806666666666,1
poseidon_run,sum,21,8,1.2180653333333333,1
poseidon_run,sum,21,16,1.2193468333333333,1
poseidon_run,stream,21,1,1.4407343333333333,1
poseidon_run,stream,21,2,1.4416738333333334,1
poseidon_run,stream,21,4,1.4415256666666667,1
poseidon_run,stream,21,8,1.4443891666666666,1
poseidon_run,stream,21,16,1.4501593333333334,1
poseidon_run,peakflops,21,1,1.4013891666666667,1
poseidon_run,peakflops,21,2,1.4007436666666666,1
poseidon_run,peakflops,21,4,1.4012633333333333,1
poseidon_run,peakflops,21,8,1.402316,1
poseidon_run,peakflops,21,16,1.4053968333333333,1
poseidon_run,ddot,21,1,1.8081651666666667,1
poseidon_run,ddot,21,2,1.8060088333333333,1
poseidon_run,ddot,21,4,1.8106223333333333,1
poseidon_run,ddot,21,8,1.8108178333333333,1
poseidon_run,ddot,21,16,1.8172966666666668,1
poseidon_run,daxpy,21,1,1.0269255,1
poseidon_run,daxpy,21,2,1.0159176666666667,1
poseidon_run,daxpy,21,4,1.017138,1
poseidon_run,daxpy,21,8,1.0187563333333334,1
poseidon_run,daxpy,21,16,1.0198945,1
poseidon_run,triad,22,1,1.297779,1
poseidon_run,triad,22,2,1.3100243333333332,1
poseidon_run,triad,22,4,1.3013766666666666,1
poseidon_run,triad,22,8,1.3060895,1
poseidon_run,triad,22,16,1.3116413333333334,1
poseidon_run,sum,22,1,1.215457,1
poseidon_run,sum,22,2,1.2155735,1
poseidon_run,sum,22,4,1.2165426666666668,1
poseidon_run,sum,22,8,1.2172183333333333,1
poseidon_run,sum,22,16,1.2200013333333333,1
poseidon_run,stream,22,1,1.4396233333333333,1
poseidon_run,stream,22,2,1.4416048333333333,1
poseidon_run,stream,22,4,1.4418443333333333,1
poseidon_run,stream,22,8,1.4371051666666665,1
poseidon_run,stream,22,16,1.443964,1
poseidon_run,peakflops,22,1,1.400617,1
poseidon_run,peakflops,22,2,1.4014473333333333,1
poseidon_run,peakflops,22,4,1.4014,1
poseidon_run,peakflops,22,8,1.4027916666666667,1
poseidon_run,peakflops,22,16,1.4053736666666667,1
poseidon_run,ddot,22,1,1.8097791666666667,1
poseidon_run,ddot,22,2,1.8058468333333333,1
poseidon_run,ddot,22,4,1.8093353333333333,1
poseidon_run,ddot,22,8,1.8092549999999998,1
poseidon_run,ddot,22,16,1.8135676666666667,1
poseidon_run,daxpy,22,1,1.0160991666666666,1
poseidon_run,daxpy,22,2,1.0166063333333333,1
poseidon_run,daxpy,22,4,1.0167985,1
poseidon_run,daxpy,22,8,1.0179026666666666,1
poseidon_run,daxpy,22,16,1.029189,1
poseidon_run,triad,23,1,1.296723,1
poseidon_run,triad,23,2,1.297464,1
poseidon_run,triad,23,4,1.2971788333333334,1
poseidon_run,triad,23,8,1.3062735,1
poseidon_run,triad,23,16,1.2980643333333333,1
poseidon_run,sum,23,1,1.2151381666666667,1
poseidon_run,sum,23,2,1.2160873333333333,1
poseidon_run,sum,23,4,1.2158438333333332,1
poseidon_run,sum,23,8,1.2174998333333333,1
poseidon_run,sum,23,16,1.2199941666666667,1
poseidon_run,stream,23,1,1.4428231666666667,1
poseidon_run,stream,23,2,1.4429938333333334,1
poseidon_run,stream,23,4,1.4394343333333333,1
poseidon_run,stream,23,8,1.44045,1
poseidon_run,stream,23,16,1.4453924999999999,1
poseidon_run,peakflops,23,1,1.4003038333333333,1
poseidon_run,peakflops,23,2,1.400606,1
poseidon_run,peakflops,23,4,1.4017473333333332,1
poseidon_run,peakflops,23,8,1.4085153333333333,1
poseidon_run,peakflops,23,16,1.4062035000000002,1
poseidon_run,ddot,23,1,1.8093486666666667,1
poseidon_run,ddot,23,2,1.8053383333333333,1
poseidon_run,ddot,23,4,1.8097656666666666,1
poseidon_run,ddot,23,8,1.8074888333333332,1
poseidon_run,ddot,23,16,1.818585,1
poseidon_run,daxpy,23,1,1.0188293333333334,1
poseidon_run,daxpy,23,2,1.016283,1
poseidon_run,daxpy,23,4,1.0164498333333334,1
poseidon_run,daxpy,23,8,1.0159253333333333,1
poseidon_run,daxpy,23,16,1.0202615,1
poseidon_run,triad,24,1,1.3015248333333334,1
poseidon_run,triad,24,2,1.3050905,1
poseidon_run,triad,24,4,1.29694,1
poseidon_run,triad,24,8,1.3076255,1
poseidon_run,triad,24,16,1.3035466666666666,1
poseidon_run,sum,24,1,1.2143186666666668,1
poseidon_run,sum,24,2,1.2141783333333334,1
poseidon_run,sum,24,4,1.2165035,1
poseidon_run,sum,24,8,1.2166876666666666,1
poseidon_run,sum,24,16,1.2198103333333334,1
poseidon_run,stream,24,1,1.4398308333333334,1
poseidon_run,stream,24,2,1.4384703333333333,1
poseidon_run,stream,24,4,1.4423405,1
poseidon_run,stream,24,8,1.4420225,1
poseidon_run,stream,24,16,1.4448103333333333,1
poseidon_run,peakflops,24,1,1.4013863333333332,1
poseidon_run,peakflops,24,2,1.4006005,1
poseidon_run,peakflops,24,4,1.4015255,1
poseidon_run,peakflops,24,8,1.4026051666666666,1
poseidon_run,peakflops,24,16,1.4057215,1
poseidon_run,ddot,24,1,1.8085385,1
poseidon_run,ddot,24,2,1.8095364999999999,1
poseidon_run,ddot,24,4,1.816331,1
poseidon_run,ddot,24,8,1.8164528333333334,1
poseidon_run,ddot,24,16,1.814139,1
poseidon_run,daxpy,24,1,1.0161448333333334,1
poseidon_run,daxpy,24,2,1.0205735,1
poseidon_run,daxpy,24,4,1.0166516666666665,1
poseidon_run,daxpy,24,8,1.017266,1
poseidon_run,daxpy,24,16,1.0183808333333333,1
poseidon_run,triad,25,1,1.3191626666666667,1
poseidon_run,triad,25,2,1.3038451666666666,1
poseidon_run,triad,25,4,1.3003616666666666,1
poseidon_run,triad,25,8,1.3042913333333335,1
poseidon_run,triad,25,16,1.2981695,1
poseidon_run,sum,25,1,1.2152246666666666,1
poseidon_run,sum,25,2,1.2147426666666667,1
poseidon_run,sum,25,4,1.2156708333333333,1
poseidon_run,sum,25,8,1.2160493333333333,1
poseidon_run,sum,25,16,1.218228,1
poseidon_run,stream,25,1,1.439802,1
poseidon_run,stream,25,2,1.4419353333333333,1
poseidon_run,stream,25,4,1.4408305,1
poseidon_run,stream,25,8,1.4420673333333334,1
poseidon_run,stream,25,16,1.445513,1
poseidon_run,peakflops,25,1,1.4003758333333334,1
poseidon_run,peakflops,25,2,1.4008873333333334,1
poseidon_run,peakflops,25,4,1.4011925,1
poseidon_run,peakflops,25,8,1.4027406666666666,1
poseidon_run,peakflops,25,16,1.4053198333333334,1
poseidon_run,ddot,25,1,1.809413,1
poseidon_run,ddot,25,2,1.8058731666666668,1
poseidon_run,ddot,25,4,1.8118906666666668,1
poseidon_run,ddot,25,8,1.8172343333333334,1
poseidon_run,ddot,25,16,1.816182,1
poseidon_run,daxpy,25,1,1.0162423333333332,1
poseidon_run,daxpy,25,2,1.0155205,1
poseidon_run,daxpy,25,4,1.0169486666666667,1
poseidon_run,daxpy,25,8,1.0174806666666667,1
poseidon_run,daxpy,25,16,1.0212463333333333,1
poseidon_run,triad,6,1,1.3018463333333332,1
poseidon_run,triad,6,2,1.3084458333333333,1
poseidon_run,triad,6,4,1.3136146666666666,1
poseidon_run,triad,6,8,1.3050888333333335,1
poseidon_run,triad,16,1,0.9867178260563279,1
poseidon_run,triad,16,2,0.9963036991520372,1
poseidon_run,triad,16,4,0.997174939999938,1
poseidon_run,triad,16,8,0.987039001807368,1
