poseidon_run,triad,fp_arith_scalar_double_err,1,1,-0.000538177527810166,1
poseidon_run,triad,fp_arith_scalar_double_err,1,2,-0.00046872014099889236,1
poseidon_run,triad,fp_arith_scalar_double_err,1,4,-0.004622892306843068,1
poseidon_run,triad,fp_arith_scalar_double_err,1,8,-0.003730239073644598,1
poseidon_run,triad,fp_arith_scalar_double_err,1,16,-0.006609623298541516,1
poseidon_run,triad,fp_arith_scalar_double_err,1,32,-0.008072465452811662,1
poseidon_run,triad,fp_arith_scalar_double_err,1,64,-0.007221389891132408,1
poseidon_run,triad,fp_arith_scalar_double_err,1,128,-0.01036953907840058,1
poseidon_run,triad,fp_arith_scalar_double_err,1,256,-0.010212519581351163,1
poseidon_run,sum,fp_arith_scalar_double_err,1,1,-0.00028416512807092584,1
poseidon_run,sum,fp_arith_scalar_double_err,1,2,-0.008383316966918707,1
poseidon_run,sum,fp_arith_scalar_double_err,1,4,-0.005225788120581004,1
poseidon_run,sum,fp_arith_scalar_double_err,1,8,-0.0012370448401773772,1
poseidon_run,sum,fp_arith_scalar_double_err,1,16,-0.007113615591479294,1
poseidon_run,sum,fp_arith_scalar_double_err,1,32,-0.007464970758970506,1
poseidon_run,sum,fp_arith_scalar_double_err,1,64,-0.007892746867078894,1
poseidon_run,sum,fp_arith_scalar_double_err,1,128,-0.011483730467736684,1
poseidon_run,sum,fp_arith_scalar_double_err,1,256,-0.007174930631676912,1
poseidon_run,stream,fp_arith_scalar_double_err,1,1,1.363409484251376e-05,1
poseidon_run,stream,fp_arith_scalar_double_err,1,2,0.00023554542160785188,1
poseidon_run,stream,fp_arith_scalar_double_err,1,4,-0.008599565192095456,1
poseidon_run,stream,fp_arith_scalar_double_err,1,8,-0.0014480010356460696,1
poseidon_run,stream,fp_arith_scalar_double_err,1,16,-0.006307187978245478,1
poseidon_run,stream,fp_arith_scalar_double_err,1,32,-0.007200679992475814,1
poseidon_run,stream,fp_arith_scalar_double_err,1,64,-0.007835360218080878,1
poseidon_run,stream,fp_arith_scalar_double_err,1,128,-0.010178665104599907,1
poseidon_run,stream,fp_arith_scalar_double_err,1,256,-0.012217542332448825,1
poseidon_run,peakflops,fp_arith_scalar_double_err,1,1,-0.0002595881201230513,1
poseidon_run,peakflops,fp_arith_scalar_double_err,1,2,-0.009156868982007014,1
poseidon_run,peakflops,fp_arith_scalar_double_err,1,4,-0.008369601644195791,1
poseidon_run,peakflops,fp_arith_scalar_double_err,1,8,-0.0023266071779471675,1
poseidon_run,peakflops,fp_arith_scalar_double_err,1,16,-0.006549222734553506,1
poseidon_run,peakflops,fp_arith_scalar_double_err,1,32,-0.007535071368487668,1
poseidon_run,peakflops,fp_arith_scalar_double_err,1,64,-0.006974204267754584,1
poseidon_run,peakflops,fp_arith_scalar_double_err,1,128,-0.0073554032141058415,1
poseidon_run,peakflops,fp_arith_scalar_double_err,1,256,-0.01030401049663016,1
poseidon_run,ddot,fp_arith_scalar_double_err,1,1,-0.00010805206625782177,1
poseidon_run,ddot,fp_arith_scalar_double_err,1,2,-0.012514666360670335,1
poseidon_run,ddot,fp_arith_scalar_double_err,1,4,-0.005270194416633539,1
poseidon_run,ddot,fp_arith_scalar_double_err,1,8,-0.001441825654840249,1
poseidon_run,ddot,fp_arith_scalar_double_err,1,16,-0.006791275060358687,1
poseidon_run,ddot,fp_arith_scalar_double_err,1,32,-0.011856026579272098,1
poseidon_run,ddot,fp_arith_scalar_double_err,1,64,-0.0072783489935504386,1
poseidon_run,ddot,fp_arith_scalar_double_err,1,128,-0.010278915147346555,1
poseidon_run,ddot,fp_arith_scalar_double_err,1,256,-0.013261763656592809,1
poseidon_run,daxpy,fp_arith_scalar_double_err,1,1,0.00010101344972523938,1
poseidon_run,daxpy,fp_arith_scalar_double_err,1,2,-0.012451518709186923,1
poseidon_run,daxpy,fp_arith_scalar_double_err,1,4,-0.005246931392261026,1
poseidon_run,daxpy,fp_arith_scalar_double_err,1,8,-0.0014683291316453823,1
poseidon_run,daxpy,fp_arith_scalar_double_err,1,16,-0.006160287292035481,1
poseidon_run,daxpy,fp_arith_scalar_double_err,1,32,-0.007527243809176404,1
poseidon_run,daxpy,fp_arith_scalar_double_err,1,64,-0.007657793925233799,1
poseidon_run,daxpy,fp_arith_scalar_double_err,1,128,-0.009478321797366402,1
poseidon_run,daxpy,fp_arith_scalar_double_err,1,256,-0.01002005140067333,1
poseidon_run,triad,fp_arith_scalar_double_err,2,1,-0.00044525666730503045,1
poseidon_run,triad,fp_arith_scalar_double_err,2,2,-0.0006156986796310843,1
poseidon_run,triad,fp_arith_scalar_double_err,2,4,-0.010138398467262662,1
poseidon_run,triad,fp_arith_scalar_double_err,2,8,-0.0021964212638325635,1
poseidon_run,triad,fp_arith_scalar_double_err,2,16,-0.006542042714422951,1
poseidon_run,triad,fp_arith_scalar_double_err,2,32,-0.007775264569694471,1
poseidon_run,triad,fp_arith_scalar_double_err,2,64,-0.007370672253713939,1
poseidon_run,triad,fp_arith_scalar_double_err,2,128,-0.009762644935458123,1
poseidon_run,triad,fp_arith_scalar_double_err,2,256,-0.010364117721075095,1
poseidon_run,sum,fp_arith_scalar_double_err,2,1,-0.00022633479765611793,1
poseidon_run,sum,fp_arith_scalar_double_err,2,2,-0.012395886635765496,1
poseidon_run,sum,fp_arith_scalar_double_err,2,4,-0.004785021131336866,1
poseidon_run,sum,fp_arith_scalar_double_err,2,8,-0.0010404723189001116,1
poseidon_run,sum,fp_arith_scalar_double_err,2,16,-0.006634825122697429,1
poseidon_run,sum,fp_arith_scalar_double_err,2,32,-0.007555826693291626,1
poseidon_run,sum,fp_arith_scalar_double_err,2,64,-0.007679846626101319,1
poseidon_run,sum,fp_arith_scalar_double_err,2,128,-0.007910511014464617,1
poseidon_run,sum,fp_arith_scalar_double_err,2,256,-0.008184148291343408,1
poseidon_run,stream,fp_arith_scalar_double_err,2,1,0.00023459372785037693,1
poseidon_run,stream,fp_arith_scalar_double_err,2,2,0.00010941754495109864,1
poseidon_run,stream,fp_arith_scalar_double_err,2,4,-0.008192714796019886,1
poseidon_run,stream,fp_arith_scalar_double_err,2,8,-0.002279823886265756,1
poseidon_run,stream,fp_arith_scalar_double_err,2,16,-0.005790653653402785,1
poseidon_run,stream,fp_arith_scalar_double_err,2,32,-0.0072715159458523184,1
poseidon_run,stream,fp_arith_scalar_double_err,2,64,-0.007451320169868895,1
poseidon_run,stream,fp_arith_scalar_double_err,2,128,-0.009320817540852561,1
poseidon_run,stream,fp_arith_scalar_double_err,2,256,-0.0072931852541708204,1
poseidon_run,peakflops,fp_arith_scalar_double_err,2,1,-0.0002157318196533597,1
poseidon_run,peakflops,fp_arith_scalar_double_err,2,2,-0.00030908842532982817,1
poseidon_run,peakflops,fp_arith_scalar_double_err,2,4,-0.007889462431647539,1
poseidon_run,peakflops,fp_arith_scalar_double_err,2,8,-0.002843756869008852,1
poseidon_run,peakflops,fp_arith_scalar_double_err,2,16,-0.006140811276263062,1
poseidon_run,peakflops,fp_arith_scalar_double_err,2,32,-0.007640809872588026,1
poseidon_run,peakflops,fp_arith_scalar_double_err,2,64,-0.0073156053102287405,1
poseidon_run,peakflops,fp_arith_scalar_double_err,2,128,-0.009219333923356011,1
poseidon_run,peakflops,fp_arith_scalar_double_err,2,256,-0.012378445002218956,1
poseidon_run,ddot,fp_arith_scalar_double_err,2,1,-0.004199515101737498,1
poseidon_run,ddot,fp_arith_scalar_double_err,2,2,-0.012913702848732115,1
poseidon_run,ddot,fp_arith_scalar_double_err,2,4,-0.01035619268408921,1
poseidon_run,ddot,fp_arith_scalar_double_err,2,8,-0.004869163598379983,1
poseidon_run,ddot,fp_arith_scalar_double_err,2,16,-0.006300553663180747,1
poseidon_run,ddot,fp_arith_scalar_double_err,2,32,-0.007714973939453621,1
poseidon_run,ddot,fp_arith_scalar_double_err,2,64,-0.007465781481912242,1
poseidon_run,ddot,fp_arith_scalar_double_err,2,128,-0.013207097591331386,1
poseidon_run,ddot,fp_arith_scalar_double_err,2,256,-0.009273007321627544,1
poseidon_run,daxpy,fp_arith_scalar_double_err,2,1,-0.00012189925223162452,1
poseidon_run,daxpy,fp_arith_scalar_double_err,2,2,-0.011016129229430311,1
poseidon_run,daxpy,fp_arith_scalar_double_err,2,4,-0.00543311152940045,1
poseidon_run,daxpy,fp_arith_scalar_double_err,2,8,-0.0009552648501832539,1
poseidon_run,daxpy,fp_arith_scalar_double_err,2,16,-0.006212996443777043,1
poseidon_run,daxpy,fp_arith_scalar_double_err,2,32,-0.007538976663199507,1
poseidon_run,daxpy,fp_arith_scalar_double_err,2,64,-0.007865659486328643,1
poseidon_run,daxpy,fp_arith_scalar_double_err,2,128,-0.008998885728702046,1
poseidon_run,daxpy,fp_arith_scalar_double_err,2,256,-0.009008287564980781,1
poseidon_run,triad,fp_arith_scalar_double_err,3,1,-0.000695837827874899,1
poseidon_run,triad,l1_bw,3,1,0.0011470827328747886,1
poseidon_run,triad,ai,3,1,0.0623849536264012,1
poseidon_run,triad,ai_err,3,1,-0.937614216897445,1
poseidon_run,triad,fp_arith_scalar_double_err,3,2,-0.0030273632046354027,1
poseidon_run,triad,l1_bw,3,2,-0.0019611745426815546,1
poseidon_run,triad,ai,3,2,0.062434898379496215,1
poseidon_run,triad,ai_err,3,2,-0.93760524062531,1
poseidon_run,triad,fp_arith_scalar_double_err,3,4,-0.005593659140083746,1
poseidon_run,triad,l1_bw,3,4,-0.0017421727000112605,1
poseidon_run,triad,ai,3,4,0.062261300220890034,1
poseidon_run,triad,ai_err,3,4,-0.9377984795019705,1
poseidon_run,triad,fp_arith_scalar_double_err,3,8,-0.0035130415758192752,1
poseidon_run,triad,l1_bw,3,8,-0.0014711885250944883,1
poseidon_run,triad,ai,3,8,0.06237291032455529,1
poseidon_run,triad,ai_err,3,8,-0.9376471263895291,1
poseidon_run,triad,fp_arith_scalar_double_err,3,16,-0.00636638013579267,1
poseidon_run,triad,l1_bw,3,16,-0.009696493381346588,1
poseidon_run,triad,ai,3,16,0.06275358213952817,1
poseidon_run,triad,ai_err,3,16,-0.9360262281175679,1
poseidon_run,triad,fp_arith_scalar_double_err,3,32,-0.008140723650456635,1
poseidon_run,triad,l1_bw,3,32,-0.007731446567278167,1
poseidon_run,triad,ai,3,32,0.06247859471484322,1
poseidon_run,triad,ai_err,3,32,-0.9373803761553181,1
poseidon_run,triad,fp_arith_scalar_double_err,3,64,-0.007934291552905164,1
poseidon_run,triad,l1_bw,3,64,-0.007646773615631582,1
poseidon_run,triad,ai,3,64,0.062489977676669306,1
poseidon_run,triad,ai_err,3,64,-0.9381722836735812,1
poseidon_run,triad,fp_arith_scalar_double_err,3,128,-0.007710410323567655,1
poseidon_run,triad,l1_bw,3,128,-0.028752512682254722,1
poseidon_run,triad,ai,3,128,0.06387258331118531,1
poseidon_run,triad,ai_err,3,128,-0.9367498962882566,1
poseidon_run,triad,fp_arith_scalar_double_err,3,256,-0.009784080734495576,1
poseidon_run,triad,l1_bw,3,256,-0.021513236966225542,1
poseidon_run,triad,ai,3,256,0.06328206261796175,1
poseidon_run,triad,ai_err,3,256,-0.935510641975453,1
poseidon_run,sum,fp_arith_scalar_double_err,3,1,-0.00021097488189947532,1
poseidon_run,sum,l1_bw,3,1,0.0014462855552930063,1
poseidon_run,sum,ai,3,1,0.12479314312678871,1
poseidon_run,sum,ai_err,3,1,-0.8751913146663487,1
poseidon_run,sum,fp_arith_scalar_double_err,3,2,-0.012284645752839354,1
poseidon_run,sum,l1_bw,3,2,-0.010698356261294388,1
poseidon_run,sum,ai,3,2,0.12479976808911653,1
poseidon_run,sum,ai_err,3,2,-0.8752636332381957,1
poseidon_run,sum,fp_arith_scalar_double_err,3,4,-0.004890467420119263,1
poseidon_run,sum,l1_bw,3,4,-0.0034879534614390703,1
poseidon_run,sum,ai,3,4,0.12482425696552074,1
poseidon_run,sum,ai_err,3,4,-0.8754345475087314,1
poseidon_run,sum,fp_arith_scalar_double_err,3,8,-0.0010929201493340146,1
poseidon_run,sum,l1_bw,3,8,0.0002278087140494626,1
poseidon_run,sum,ai,3,8,0.124835196247894,1
poseidon_run,sum,ai_err,3,8,-0.8755097732836896,1
poseidon_run,sum,fp_arith_scalar_double_err,3,16,-0.006440495443715366,1
poseidon_run,sum,l1_bw,3,16,-0.005919571583346578,1
poseidon_run,sum,ai,3,16,0.12498264690608507,1
poseidon_run,sum,ai_err,3,16,-0.8766517300592357,1
poseidon_run,sum,fp_arith_scalar_double_err,3,32,-0.0076735878891919795,1
poseidon_run,sum,l1_bw,3,32,-0.008490564215030378,1
poseidon_run,sum,ai,3,32,0.12510738655713805,1
poseidon_run,sum,ai_err,3,32,-0.8749159305010289,1
poseidon_run,sum,fp_arith_scalar_double_err,3,64,-0.007775096155987044,1
poseidon_run,sum,l1_bw,3,64,-0.002846319522740703,1
poseidon_run,sum,ai,3,64,0.12439701943217195,1
poseidon_run,sum,ai_err,3,64,-0.8762695582771816,1
poseidon_run,sum,fp_arith_scalar_double_err,3,128,-0.011909153191686776,1
poseidon_run,sum,l1_bw,3,128,-0.019674179740210664,1
poseidon_run,sum,ai,3,128,0.1260464189915941,1
poseidon_run,sum,ai_err,3,128,-0.8704296784949488,1
poseidon_run,sum,fp_arith_scalar_double_err,3,256,-0.008154611332713252,1
poseidon_run,sum,l1_bw,3,256,-0.02811865923497048,1
poseidon_run,sum,ai,3,256,0.12758334506894384,1
poseidon_run,sum,ai_err,3,256,-0.8719528581842279,1
poseidon_run,stream,fp_arith_scalar_double_err,3,1,0.0002668753628126459,1
poseidon_run,stream,l1_bw,3,1,0.002106309890511048,1
poseidon_run,stream,ai,3,1,0.08318037055426651,1
poseidon_run,stream,ai_err,3,1,-0.9167998687995496,1
poseidon_run,stream,fp_arith_scalar_double_err,3,2,-0.00641708089690838,1
poseidon_run,stream,l1_bw,3,2,-0.00577644427567086,1
poseidon_run,stream,ai,3,2,0.08328407797227025,1
poseidon_run,stream,ai_err,3,2,-0.9168170829608108,1
poseidon_run,stream,fp_arith_scalar_double_err,3,4,-0.004288706267777371,1
poseidon_run,stream,l1_bw,3,4,-0.00018177225413297207,1
poseidon_run,stream,ai,3,4,0.08299269682606841,1
poseidon_run,stream,ai_err,3,4,-0.9172408416017033,1
poseidon_run,stream,fp_arith_scalar_double_err,3,8,-0.0021703958086344835,1
poseidon_run,stream,l1_bw,3,8,-8.474843496767147e-05,1
poseidon_run,stream,ai,3,8,0.08316007588616003,1
poseidon_run,stream,ai_err,3,8,-0.9168469009208723,1
poseidon_run,stream,fp_arith_scalar_double_err,3,16,-0.005669292827373219,1
poseidon_run,stream,l1_bw,3,16,0.002221879517988226,1
poseidon_run,stream,ai,3,16,0.08280447881417498,1
poseidon_run,stream,ai_err,3,16,-0.920478657835184,1
poseidon_run,stream,fp_arith_scalar_double_err,3,32,-0.006758994585882998,1
poseidon_run,stream,l1_bw,3,32,0.000763185656953616,1
poseidon_run,stream,ai,3,32,0.08271223910772563,1
poseidon_run,stream,ai_err,3,32,-0.918429710270934,1
poseidon_run,stream,fp_arith_scalar_double_err,3,64,-0.00720291406321431,1
poseidon_run,stream,l1_bw,3,64,-0.011084582370049298,1
poseidon_run,stream,ai,3,64,0.0836658351722884,1
poseidon_run,stream,ai_err,3,64,-0.9178650735795814,1
poseidon_run,stream,fp_arith_scalar_double_err,3,128,-0.007203943257877261,1
poseidon_run,stream,l1_bw,3,128,-0.007522196265713277,1
poseidon_run,stream,ai,3,128,0.08337675548846675,1
poseidon_run,stream,ai_err,3,128,-0.9142998036741505,1
poseidon_run,stream,fp_arith_scalar_double_err,3,256,-0.00939056085874281,1
poseidon_run,stream,l1_bw,3,256,-0.014450981797034048,1
poseidon_run,stream,ai,3,256,0.08377795034544228,1
poseidon_run,stream,ai_err,3,256,-0.915192111421437,1
poseidon_run,peakflops,fp_arith_scalar_double_err,3,1,-0.004962168345153564,1
poseidon_run,peakflops,l1_bw,3,1,-0.002036985510875194,1
poseidon_run,peakflops,ai,3,1,1.9942699427548165,1
poseidon_run,peakflops,ai_err,3,1,0.9917544503304014,1
poseidon_run,peakflops,fp_arith_scalar_double_err,3,2,-0.013208307664035034,1
poseidon_run,peakflops,l1_bw,3,2,-0.009397337226475939,1
poseidon_run,peakflops,ai,3,2,1.9925167360028642,1
poseidon_run,peakflops,ai_err,3,2,1.0115847366639361,1
poseidon_run,peakflops,fp_arith_scalar_double_err,3,4,-0.009031290051251285,1
poseidon_run,peakflops,l1_bw,3,4,-0.0070404816228642735,1
poseidon_run,peakflops,ai,3,4,1.9960100654676667,1
poseidon_run,peakflops,ai_err,3,4,0.9889204308036581,1
poseidon_run,peakflops,fp_arith_scalar_double_err,3,8,-0.001642670644910657,1
poseidon_run,peakflops,l1_bw,3,8,0.0029210515154897876,1
poseidon_run,peakflops,ai,3,8,1.9909027729001603,1
poseidon_run,peakflops,ai_err,3,8,0.9919543269394675,1
poseidon_run,peakflops,fp_arith_scalar_double_err,3,16,-0.005814126026535392,1
poseidon_run,peakflops,l1_bw,3,16,0.010397053629702786,1
poseidon_run,peakflops,ai,3,16,1.9707851304861228,1
poseidon_run,peakflops,ai_err,3,16,0.8975027409854162,1
poseidon_run,peakflops,fp_arith_scalar_double_err,3,32,-0.007896711743511404,1
poseidon_run,peakflops,l1_bw,3,32,-0.007080659172688029,1
poseidon_run,peakflops,ai,3,32,1.998438683312597,1
poseidon_run,peakflops,ai_err,3,32,0.9841304943693867,1
poseidon_run,peakflops,fp_arith_scalar_double_err,3,64,-0.007486172964361234,1
poseidon_run,peakflops,l1_bw,3,64,-0.0006559601136493582,1
poseidon_run,peakflops,ai,3,64,1.9866379888506545,1
poseidon_run,peakflops,ai_err,3,64,0.9908196865741472,1
poseidon_run,peakflops,fp_arith_scalar_double_err,3,128,-0.007717921053449915,1
poseidon_run,peakflops,l1_bw,3,128,-0.012952597271675156,1
poseidon_run,peakflops,ai,3,128,2.0109965760032162,1
poseidon_run,peakflops,ai_err,3,128,1.038796499454949,1
poseidon_run,peakflops,fp_arith_scalar_double_err,3,256,-0.008298052810159148,1
poseidon_run,peakflops,l1_bw,3,256,-0.02471053720445269,1
poseidon_run,peakflops,ai,3,256,2.034035694135759,1
poseidon_run,peakflops,ai_err,3,256,1.0323270555914084,1
poseidon_run,ddot,fp_arith_scalar_double_err,3,1,-0.00011547106536321765,1
poseidon_run,ddot,l1_bw,3,1,0.001481728880379797,1
poseidon_run,ddot,ai,3,1,0.1248006485383149,1
poseidon_run,ddot,ai_err,3,1,-0.875190314440232,1
poseidon_run,ddot,fp_arith_scalar_double_err,3,2,-0.005817487536831305,1
poseidon_run,ddot,l1_bw,3,2,-0.002609887890193687,1
poseidon_run,ddot,ai,3,2,0.12460119551735951,1
poseidon_run,ddot,ai_err,3,2,-0.8758208255467463,1
poseidon_run,ddot,fp_arith_scalar_double_err,3,4,-0.007246283712398012,1
poseidon_run,ddot,l1_bw,3,4,-0.005129134497047513,1
poseidon_run,ddot,ai,3,4,0.12473404835382906,1
poseidon_run,ddot,ai_err,3,4,-0.8753323180405124,1
poseidon_run,ddot,fp_arith_scalar_double_err,3,8,-0.001113525339007221,1
poseidon_run,ddot,l1_bw,3,8,0.0008751966083212724,1
poseidon_run,ddot,ai,3,8,0.12475175268823493,1
poseidon_run,ddot,ai_err,3,8,-0.8751858100678225,1
poseidon_run,ddot,fp_arith_scalar_double_err,3,16,-0.00667788208774036,1
poseidon_run,ddot,l1_bw,3,16,-0.004144543112013934,1
poseidon_run,ddot,ai,3,16,0.12479725665644313,1
poseidon_run,ddot,ai_err,3,16,-0.878660669954026,1
poseidon_run,ddot,fp_arith_scalar_double_err,3,32,-0.008235689922771721,1
poseidon_run,ddot,l1_bw,3,32,-0.005652200372963822,1
poseidon_run,ddot,ai,3,32,0.12467783360211955,1
poseidon_run,ddot,ai_err,3,32,-0.8748190694120866,1
poseidon_run,ddot,fp_arith_scalar_double_err,3,64,-0.011405976734471825,1
poseidon_run,ddot,l1_bw,3,64,-0.007264112617674242,1
poseidon_run,ddot,ai,3,64,0.12449099038472107,1
poseidon_run,ddot,ai_err,3,64,-0.8739623975459758,1
poseidon_run,ddot,fp_arith_scalar_double_err,3,128,-0.00892324643918719,1
poseidon_run,ddot,l1_bw,3,128,-0.01855347149321951,1
poseidon_run,ddot,ai,3,128,0.12627298579703253,1
poseidon_run,ddot,ai_err,3,128,-0.8779227850579253,1
poseidon_run,ddot,fp_arith_scalar_double_err,3,256,-0.008352688189984962,1
poseidon_run,ddot,l1_bw,3,256,-0.02334628599387595,1
poseidon_run,ddot,ai,3,256,0.12694302867623025,1
poseidon_run,ddot,ai_err,3,256,-0.8745293989606544,1
poseidon_run,daxpy,fp_arith_scalar_double_err,3,1,-0.006696371975201981,1
poseidon_run,daxpy,l1_bw,3,1,-0.006692335093912959,1
poseidon_run,daxpy,ai,3,1,0.08333672909495626,1
poseidon_run,daxpy,ai_err,3,1,-0.9162971674253529,1
poseidon_run,daxpy,fp_arith_scalar_double_err,3,2,-0.014644982970448412,1
poseidon_run,daxpy,l1_bw,3,2,-0.013097451021376404,1
poseidon_run,daxpy,ai,3,2,0.08320352739995805,1
poseidon_run,daxpy,ai_err,3,2,-0.9167417914227496,1
poseidon_run,daxpy,fp_arith_scalar_double_err,3,4,-0.005990069163252841,1
poseidon_run,daxpy,l1_bw,3,4,-0.00456009804984776,1
poseidon_run,daxpy,ai,3,4,0.08321367267351872,1
poseidon_run,daxpy,ai_err,3,4,-0.9168285780095884,1
poseidon_run,daxpy,fp_arith_scalar_double_err,3,8,-0.0009979345775672976,1
poseidon_run,daxpy,l1_bw,3,8,0.000638190316712472,1
poseidon_run,daxpy,ai,3,8,0.08319726020259759,1
poseidon_run,daxpy,ai_err,3,8,-0.9167918942994925,1
poseidon_run,daxpy,fp_arith_scalar_double_err,3,16,-0.006181847151125387,1
poseidon_run,daxpy,l1_bw,3,16,-0.008039751291780443,1
poseidon_run,daxpy,ai,3,16,0.08349945608191807,1
poseidon_run,daxpy,ai_err,3,16,-0.915593344108674,1
poseidon_run,daxpy,fp_arith_scalar_double_err,3,32,-0.007233535317842629,1
poseidon_run,daxpy,l1_bw,3,32,-0.007700290084214117,1
poseidon_run,daxpy,ai,3,32,0.08337437232351888,1
poseidon_run,daxpy,ai_err,3,32,-0.9167267843157445,1
poseidon_run,daxpy,fp_arith_scalar_double_err,3,64,-0.00785383397225272,1
poseidon_run,daxpy,l1_bw,3,64,-0.005321247274308108,1
poseidon_run,daxpy,ai,3,64,0.08314458101820414,1
poseidon_run,daxpy,ai_err,3,64,-0.9169218830231373,1
poseidon_run,daxpy,fp_arith_scalar_double_err,3,128,-0.009603743020619322,1
poseidon_run,daxpy,l1_bw,3,128,-0.013080833067786539,1
poseidon_run,daxpy,ai,3,128,0.08365380309114388,1
poseidon_run,daxpy,ai_err,3,128,-0.9172961503886177,1
poseidon_run,daxpy,fp_arith_scalar_double_err,3,256,-0.00906050648875419,1
poseidon_run,daxpy,l1_bw,3,256,-0.013136879353482019,1
poseidon_run,daxpy,ai,3,256,0.0836917298684834,1
poseidon_run,daxpy,ai_err,3,256,-0.917723207048112,1
poseidon_run,triad,fp_arith_scalar_double_err,4,1,-0.0005184280923527716,1
poseidon_run,triad,instruction_retired_err,4,1,0.0017720837240550655,1
poseidon_run,triad,l1_bw,4,1,0.0012355105735530995,1
poseidon_run,triad,ai,4,1,0.062390509089019476,1
poseidon_run,triad,ai_err,4,1,-0.9376316764891346,1
poseidon_run,triad,fp_arith_scalar_double_err,4,2,-0.0030955047652440762,1
poseidon_run,triad,instruction_retired_err,4,2,-0.0007717580248151301,1
poseidon_run,triad,l1_bw,4,2,-0.001854477812923931,1
poseidon_run,triad,ai,4,2,0.06242364594129407,1
poseidon_run,triad,ai_err,4,2,-0.9376149832637146,1
poseidon_run,triad,fp_arith_scalar_double_err,4,4,-0.010450533595894245,1
poseidon_run,triad,instruction_retired_err,4,4,-0.008171267152560457,1
poseidon_run,triad,l1_bw,4,4,-0.0086255598927263,1
poseidon_run,triad,ai,4,4,0.062385032121088625,1
poseidon_run,triad,ai_err,4,4,-0.9376697024688283,1
poseidon_run,triad,fp_arith_scalar_double_err,4,8,-0.0015074090322748526,1
poseidon_run,triad,instruction_retired_err,4,8,0.0008010903392012895,1
poseidon_run,triad,l1_bw,4,8,0.000338078781313964,1
poseidon_run,triad,ai,4,8,0.06238494251650642,1
poseidon_run,triad,ai_err,4,8,-0.9379008221709758,1
poseidon_run,triad,fp_arith_scalar_double_err,4,16,-0.006954684736303485,1
poseidon_run,triad,instruction_retired_err,4,16,0.03879568669436811,1
poseidon_run,triad,l1_bw,4,16,-0.006476880976388584,1
poseidon_run,triad,ai,4,16,0.06250808078252809,1
poseidon_run,triad,ai_err,4,16,-0.9358641040987467,1
poseidon_run,triad,fp_arith_scalar_double_err,4,32,-0.007471787708524483,1
poseidon_run,triad,instruction_retired_err,4,32,0.05779561269497562,1
poseidon_run,triad,l1_bw,4,32,-0.0024487497169570147,1
poseidon_run,triad,ai,4,32,0.06218695656264287,1
poseidon_run,triad,ai_err,4,32,-0.9383527823826352,1
poseidon_run,triad,fp_arith_scalar_double_err,4,64,-0.00833418098518165,1
poseidon_run,triad,instruction_retired_err,4,64,0.07470010655602287,1
poseidon_run,triad,l1_bw,4,64,-0.005765549410213178,1
poseidon_run,triad,ai,4,64,0.06235702843025241,1
poseidon_run,triad,ai_err,4,64,-0.9396081551752348,1
poseidon_run,triad,fp_arith_scalar_double_err,4,128,-0.008619582559542685,1
poseidon_run,triad,instruction_retired_err,4,128,0.09040184836700808,1
poseidon_run,triad,l1_bw,4,128,-0.0005701754037963973,1
poseidon_run,triad,ai,4,128,0.06201417640250843,1
poseidon_run,triad,ai_err,4,128,-0.9355584415362789,1
poseidon_run,triad,fp_arith_scalar_double_err,4,256,-0.011209269937429005,1
poseidon_run,triad,instruction_retired_err,4,256,0.08852765339087079,1
poseidon_run,triad,l1_bw,4,256,-0.01336281608001728,1
poseidon_run,triad,ai,4,256,0.06266826851503252,1
poseidon_run,triad,ai_err,4,256,-0.9382585509526437,1
poseidon_run,sum,fp_arith_scalar_double_err,4,1,-0.00017962086852217366,1
poseidon_run,sum,instruction_retired_err,4,1,0.0020148940421689946,1
poseidon_run,sum,l1_bw,4,1,0.0015142036591230066,1
poseidon_run,sum,ai,4,1,0.12478859242364707,1
poseidon_run,sum,ai_err,4,1,-0.8752068355417449,1
poseidon_run,sum,fp_arith_scalar_double_err,4,2,-0.009696361710068971,1
poseidon_run,sum,instruction_retired_err,4,2,-0.0074500508741973,1
poseidon_run,sum,l1_bw,4,2,-0.007660484590892734,1
poseidon_run,sum,ai,4,2,0.12474412806604657,1
poseidon_run,sum,ai_err,4,2,-0.875191153557534,1
poseidon_run,sum,fp_arith_scalar_double_err,4,4,-0.005042737538117619,1
poseidon_run,sum,instruction_retired_err,4,4,-0.002851335092524553,1
poseidon_run,sum,l1_bw,4,4,-0.0030030925083690055,1
poseidon_run,sum,ai,4,4,0.12474429066587292,1
poseidon_run,sum,ai_err,4,4,-0.8750963666442547,1
poseidon_run,sum,fp_arith_scalar_double_err,4,8,-0.00082797498854595,1
poseidon_run,sum,instruction_retired_err,4,8,0.0017320713078385257,1
poseidon_run,sum,l1_bw,4,8,0.000697662907572636,1
poseidon_run,sum,ai,4,8,0.1248095865265446,1
poseidon_run,sum,ai_err,4,8,-0.8752242656531917,1
poseidon_run,sum,fp_arith_scalar_double_err,4,16,-0.006494552264610506,1
poseidon_run,sum,instruction_retired_err,4,16,0.0371212360759259,1
poseidon_run,sum,l1_bw,4,16,-0.006061406152490479,1
poseidon_run,sum,ai,4,16,0.124998294032081,1
poseidon_run,sum,ai_err,4,16,-0.877734687208628,1
poseidon_run,sum,fp_arith_scalar_double_err,4,32,-0.007455425252396024,1
poseidon_run,sum,instruction_retired_err,4,32,0.0580266450255776,1
poseidon_run,sum,l1_bw,4,32,-0.0044066572702358385,1
poseidon_run,sum,ai,4,32,0.12462001128659861,1
poseidon_run,sum,ai_err,4,32,-0.8750601019035474,1
poseidon_run,sum,fp_arith_scalar_double_err,4,64,-0.007687919123763576,1
poseidon_run,sum,instruction_retired_err,4,64,0.07882976932472893,1
poseidon_run,sum,l1_bw,4,64,-0.00709201265373649,1
poseidon_run,sum,ai,4,64,0.12493067246466531,1
poseidon_run,sum,ai_err,4,64,-0.875934973312481,1
poseidon_run,sum,fp_arith_scalar_double_err,4,128,-0.010125900290272128,1
poseidon_run,sum,instruction_retired_err,4,128,0.08607678448478209,1
poseidon_run,sum,l1_bw,4,128,-0.014809632948565833,1
poseidon_run,sum,ai,4,128,0.12569201670410943,1
poseidon_run,sum,ai_err,4,128,-0.8745578222955341,1
poseidon_run,sum,fp_arith_scalar_double_err,4,256,-0.0071108816007081814,1
poseidon_run,sum,instruction_retired_err,4,256,0.09725085082437077,1
poseidon_run,sum,l1_bw,4,256,0.0034281325994791507,1
poseidon_run,sum,ai,4,256,0.12377173481116316,1
poseidon_run,sum,ai_err,4,256,-0.8781527762456944,1
poseidon_run,stream,fp_arith_scalar_double_err,4,1,0.0002992081729348312,1
poseidon_run,stream,instruction_retired_err,4,1,0.0019728524898039858,1
poseidon_run,stream,l1_bw,4,1,0.0021482355859475367,1
poseidon_run,stream,ai,4,1,0.08317957848356537,1
poseidon_run,stream,ai_err,4,1,-0.9168116876357042,1
poseidon_run,stream,fp_arith_scalar_double_err,4,2,0.00015293141194847824,1
poseidon_run,stream,instruction_retired_err,4,2,0.001852920361038905,1
poseidon_run,stream,l1_bw,4,2,0.0022152702239956992,1
poseidon_run,stream,ai,4,2,0.08316185401624226,1
poseidon_run,stream,ai_err,4,2,-0.9168480935275168,1
poseidon_run,stream,fp_arith_scalar_double_err,4,4,-0.00867178073494682,1
poseidon_run,stream,instruction_retired_err,4,4,-0.007089881346471216,1
poseidon_run,stream,l1_bw,4,4,-0.007215037005126576,1
poseidon_run,stream,ai,4,4,0.0832114547743631,1
poseidon_run,stream,ai_err,4,4,-0.916738085070834,1
poseidon_run,stream,fp_arith_scalar_double_err,4,8,-0.001085469880126635,1
poseidon_run,stream,instruction_retired_err,4,8,0.0004870145089883684,1
poseidon_run,stream,l1_bw,4,8,0.0016156485962207777,1
poseidon_run,stream,ai,4,8,0.08310874347452539,1
poseidon_run,stream,ai_err,4,8,-0.916918536367584,1
poseidon_run,stream,fp_arith_scalar_double_err,4,16,-0.005487544815047673,1
poseidon_run,stream,instruction_retired_err,4,16,0.03811366345384798,1
poseidon_run,stream,l1_bw,4,16,0.00247886193953591,1
poseidon_run,stream,ai,4,16,0.08280572990933283,1
poseidon_run,stream,ai_err,4,16,-0.9209279747886278,1
poseidon_run,stream,fp_arith_scalar_double_err,4,32,-0.007297186494259281,1
poseidon_run,stream,instruction_retired_err,4,32,0.058715368823021086,1
poseidon_run,stream,l1_bw,4,32,-0.007996898940077468,1
poseidon_run,stream,ai,4,32,0.08339623368303573,1
poseidon_run,stream,ai_err,4,32,-0.915944879839007,1
poseidon_run,stream,fp_arith_scalar_double_err,4,64,-0.008061937767407417,1
poseidon_run,stream,instruction_retired_err,4,64,0.07657705222176134,1
poseidon_run,stream,l1_bw,4,64,-0.00832102321160103,1
poseidon_run,stream,ai,4,64,0.08338179446633562,1
poseidon_run,stream,ai_err,4,64,-0.9175075790948114,1
poseidon_run,stream,fp_arith_scalar_double_err,4,128,-0.010048760424411551,1
poseidon_run,stream,instruction_retired_err,4,128,0.08432582035985015,1
poseidon_run,stream,l1_bw,4,128,-0.0027817122542539902,1
poseidon_run,stream,ai,4,128,0.08277656332707654,1
poseidon_run,stream,ai_err,4,128,-0.9204722436768427,1
poseidon_run,stream,fp_arith_scalar_double_err,4,256,-0.009638031985783517,1
poseidon_run,stream,instruction_retired_err,4,256,0.08105085597990344,1
poseidon_run,stream,l1_bw,4,256,-0.015478507678835463,1
poseidon_run,stream,ai,4,256,0.08384744766028443,1
poseidon_run,stream,ai_err,4,256,-0.913597302016096,1
poseidon_run,peakflops,fp_arith_scalar_double_err,4,1,-0.00019436594134218468,1
poseidon_run,peakflops,instruction_retired_err,4,1,0.00010800470314235374,1
poseidon_run,peakflops,l1_bw,4,1,0.0037791838982922346,1
poseidon_run,peakflops,ai,4,1,1.9920828497046525,1
poseidon_run,peakflops,ai_err,4,1,0.9921376885051494,1
poseidon_run,peakflops,fp_arith_scalar_double_err,4,2,-0.015035475480884256,1
poseidon_run,peakflops,instruction_retired_err,4,2,-0.01481220038980672,1
poseidon_run,peakflops,l1_bw,4,2,-0.012528759460990012,1
poseidon_run,peakflops,ai,4,2,1.9950781867457132,1
poseidon_run,peakflops,ai_err,4,2,1.0078735853215055,1
poseidon_run,peakflops,fp_arith_scalar_double_err,4,4,-0.008954225581360312,1
poseidon_run,peakflops,instruction_retired_err,4,4,-0.008562224518949751,1
poseidon_run,peakflops,l1_bw,4,4,-0.0040337992965269655,1
poseidon_run,peakflops,ai,4,4,1.9901220405737208,1
poseidon_run,peakflops,ai_err,4,4,0.9873357745224396,1
poseidon_run,peakflops,fp_arith_scalar_double_err,4,8,-0.001560478113411198,1
poseidon_run,peakflops,instruction_retired_err,4,8,-0.0008239066508966597,1
poseidon_run,peakflops,l1_bw,4,8,0.001777557019990738,1
poseidon_run,peakflops,ai,4,8,1.993351647679447,1
poseidon_run,peakflops,ai_err,4,8,0.9853473646660136,1
poseidon_run,peakflops,fp_arith_scalar_double_err,4,16,-0.006322182859034321,1
poseidon_run,peakflops,instruction_retired_err,4,16,0.03390114359270473,1
poseidon_run,peakflops,l1_bw,4,16,-0.004508043330145448,1
poseidon_run,peakflops,ai,4,16,1.9999897600656553,1
poseidon_run,peakflops,ai_err,4,16,1.090940887759312,1
poseidon_run,peakflops,fp_arith_scalar_double_err,4,32,-0.007607530164453725,1
poseidon_run,peakflops,instruction_retired_err,4,32,0.05868317615600405,1
poseidon_run,peakflops,l1_bw,4,32,-0.0052124970929956615,1
poseidon_run,peakflops,ai,4,32,1.995259757256702,1
poseidon_run,peakflops,ai_err,4,32,1.0056057079404024,1
poseidon_run,peakflops,fp_arith_scalar_double_err,4,64,-0.007995649481990667,1
poseidon_run,peakflops,instruction_retired_err,4,64,0.07524132050740591,1
poseidon_run,peakflops,l1_bw,4,64,-0.0017664512387756692,1
poseidon_run,peakflops,ai,4,64,1.987852694704232,1
poseidon_run,peakflops,ai_err,4,64,0.9830515225521992,1
poseidon_run,peakflops,fp_arith_scalar_double_err,4,128,-0.007753645984914008,1
poseidon_run,peakflops,instruction_retired_err,4,128,0.08392731889305347,1
poseidon_run,peakflops,l1_bw,4,128,0.001860443971888948,1
poseidon_run,peakflops,ai,4,128,1.9819740993952195,1
poseidon_run,peakflops,ai_err,4,128,0.9915835442453416,1
poseidon_run,peakflops,fp_arith_scalar_double_err,4,256,-0.010003186859811612,1
poseidon_run,peakflops,instruction_retired_err,4,256,0.08716027631373255,1
poseidon_run,peakflops,l1_bw,4,256,-0.0068991527573440984,1
poseidon_run,peakflops,ai,4,256,1.9942597375026656,1
poseidon_run,peakflops,ai_err,4,256,0.9610367507742994,1
poseidon_run,ddot,fp_arith_scalar_double_err,4,1,-0.007536409315385127,1
poseidon_run,ddot,instruction_retired_err,4,1,-0.0060692517849024125,1
poseidon_run,ddot,l1_bw,4,1,-0.006732539978966231,1
poseidon_run,ddot,ai,4,1,0.12490343949778202,1
poseidon_run,ddot,ai_err,4,1,-0.8752273975489235,1
poseidon_run,ddot,fp_arith_scalar_double_err,4,2,-0.016068856268223717,1
poseidon_run,ddot,instruction_retired_err,4,2,-0.015035144587471285,1
poseidon_run,ddot,l1_bw,4,2,-0.013712743077984632,1
poseidon_run,ddot,ai,4,2,0.12470127254549823,1
poseidon_run,ddot,ai_err,4,2,-0.8752854867000617,1
poseidon_run,ddot,fp_arith_scalar_double_err,4,4,-0.006292615024826057,1
poseidon_run,ddot,instruction_retired_err,4,4,-0.00483142200780616,1
poseidon_run,ddot,l1_bw,4,4,-0.005290577294741762,1
poseidon_run,ddot,ai,4,4,0.1248752838452665,1
poseidon_run,ddot,ai_err,4,4,-0.8757544477658317,1
poseidon_run,ddot,fp_arith_scalar_double_err,4,8,-0.004727340358276598,1
poseidon_run,ddot,instruction_retired_err,4,8,-0.003253737735267088,1
poseidon_run,ddot,l1_bw,4,8,-0.0026369537345655447,1
poseidon_run,ddot,ai,4,8,0.12473804880086115,1
poseidon_run,ddot,ai_err,4,8,-0.8754362496300381,1
poseidon_run,ddot,fp_arith_scalar_double_err,4,16,-0.006081087385253474,1
poseidon_run,ddot,instruction_retired_err,4,16,0.04479833170545101,1
poseidon_run,ddot,l1_bw,4,16,-0.00010419476674237773,1
poseidon_run,ddot,ai,4,16,0.12437377898573268,1
poseidon_run,ddot,ai_err,4,16,-0.8716049260203098,1
poseidon_run,ddot,fp_arith_scalar_double_err,4,32,-0.007391607369503989,1
poseidon_run,ddot,instruction_retired_err,4,32,0.05753972595562284,1
poseidon_run,ddot,l1_bw,4,32,-0.004861849370551548,1
poseidon_run,ddot,ai,4,32,0.12469178349018771,1
poseidon_run,ddot,ai_err,4,32,-0.8749233017699193,1
poseidon_run,ddot,fp_arith_scalar_double_err,4,64,-0.007358091683334225,1
poseidon_run,ddot,instruction_retired_err,4,64,0.07907244648156422,1
poseidon_run,ddot,l1_bw,4,64,-0.010022487430110427,1
poseidon_run,ddot,ai,4,64,0.12537535327654656,1
poseidon_run,ddot,ai_err,4,64,-0.8754104197335193,1
poseidon_run,ddot,fp_arith_scalar_double_err,4,128,-0.008737405325142895,1
poseidon_run,ddot,instruction_retired_err,4,128,0.09141848637729943,1
poseidon_run,ddot,l1_bw,4,128,-0.007959973595704073,1
poseidon_run,ddot,ai,4,128,0.1249301667267691,1
poseidon_run,ddot,ai_err,4,128,-0.8748158081236712,1
poseidon_run,ddot,fp_arith_scalar_double_err,4,256,-0.01328478713665515,1
poseidon_run,ddot,instruction_retired_err,4,256,0.0774077444946252,1
poseidon_run,ddot,l1_bw,4,256,-0.014713320861948076,1
poseidon_run,ddot,ai,4,256,0.1252484580482992,1
poseidon_run,ddot,ai_err,4,256,-0.8720704444168682,1
poseidon_run,daxpy,fp_arith_scalar_double_err,4,1,-0.006646426012948035,1
poseidon_run,daxpy,instruction_retired_err,4,1,-0.0055508426050546655,1
poseidon_run,daxpy,l1_bw,4,1,-0.006762405620427782,1
poseidon_run,daxpy,ai,4,1,0.08334723175929021,1
poseidon_run,daxpy,ai_err,4,1,-0.9167850007650038,1
poseidon_run,daxpy,fp_arith_scalar_double_err,4,2,-0.016046353888031387,1
poseidon_run,daxpy,instruction_retired_err,4,2,-0.014924835193044932,1
poseidon_run,daxpy,l1_bw,4,2,-0.015014877255154524,1
poseidon_run,daxpy,ai,4,2,0.08324634684345417,1
poseidon_run,daxpy,ai_err,4,2,-0.9169242388035683,1
poseidon_run,daxpy,fp_arith_scalar_double_err,4,4,-0.005603136763255772,1
poseidon_run,daxpy,instruction_retired_err,4,4,-0.004527140737502055,1
poseidon_run,daxpy,l1_bw,4,4,-0.004562287710344162,1
poseidon_run,daxpy,ai,4,4,0.08324628382772552,1
poseidon_run,daxpy,ai_err,4,4,-0.9166429446635735,1
poseidon_run,daxpy,fp_arith_scalar_double_err,4,8,-0.001392478635266774,1
poseidon_run,daxpy,instruction_retired_err,4,8,-0.00016581633136125237,1
poseidon_run,daxpy,l1_bw,4,8,-0.0002291273797978442,1
poseidon_run,daxpy,ai,4,8,0.08323645644454651,1
poseidon_run,daxpy,ai_err,4,8,-0.9168101882406405,1
poseidon_run,daxpy,fp_arith_scalar_double_err,4,16,-0.00632942923231975,1
poseidon_run,daxpy,instruction_retired_err,4,16,0.03833547682090839,1
poseidon_run,daxpy,l1_bw,4,16,0.001451958662590643,1
poseidon_run,daxpy,ai,4,16,0.08269845232342368,1
poseidon_run,daxpy,ai_err,4,16,-0.9156459296668984,1
poseidon_run,daxpy,fp_arith_scalar_double_err,4,32,-0.007408268515699659,1
poseidon_run,daxpy,instruction_retired_err,4,32,0.05644345130969115,1
poseidon_run,daxpy,l1_bw,4,32,-0.00458965951150352,1
poseidon_run,daxpy,ai,4,32,0.0830988034019759,1
poseidon_run,daxpy,ai_err,4,32,-0.9170151389923131,1
poseidon_run,daxpy,fp_arith_scalar_double_err,4,64,-0.007702876617102761,1
poseidon_run,daxpy,instruction_retired_err,4,64,0.07882839557545054,1
poseidon_run,daxpy,l1_bw,4,64,-0.00451431792600272,1
poseidon_run,daxpy,ai,4,64,0.08307591202950727,1
poseidon_run,daxpy,ai_err,4,64,-0.9179585851679779,1
poseidon_run,daxpy,fp_arith_scalar_double_err,4,128,-0.00917816487752458,1
poseidon_run,daxpy,instruction_retired_err,4,128,0.08442046893774424,1
poseidon_run,daxpy,l1_bw,4,128,-0.00688612135321944,1
poseidon_run,daxpy,ai,4,128,0.08317347375186579,1
poseidon_run,daxpy,ai_err,4,128,-0.9157374488194062,1
poseidon_run,daxpy,fp_arith_scalar_double_err,4,256,-0.008730145613646711,1
poseidon_run,daxpy,instruction_retired_err,4,256,0.07961188788830212,1
poseidon_run,daxpy,l1_bw,4,256,-0.0009827858454183008,1
poseidon_run,daxpy,ai,4,256,0.08270454185768834,1
poseidon_run,daxpy,ai_err,4,256,-0.9173202704570631,1
poseidon_run,triad,fp_arith_scalar_double_err,5,1,-0.005342229563871187,1
poseidon_run,triad,unhalted_reference_cycles_err,5,1,-0.0062818367600326,1
poseidon_run,triad,instruction_retired_err,5,1,-0.003085563246220965,1
poseidon_run,triad,l1_bw,5,1,-0.0034397944875789264,1
poseidon_run,triad,ai,5,1,0.06238698339155027,1
poseidon_run,triad,ai_err,5,1,-0.938443243192407,1
poseidon_run,triad,fp_arith_scalar_double_err,5,2,-0.015581400553029756,1
poseidon_run,triad,unhalted_reference_cycles_err,5,2,-0.014303655126993931,1
poseidon_run,triad,instruction_retired_err,5,2,-0.013270477140382913,1
poseidon_run,triad,l1_bw,5,2,-0.013583458647726246,1
poseidon_run,triad,ai,5,2,0.06238071853446399,1
poseidon_run,triad,ai_err,5,2,-0.9376054038444357,1
