dolap_run,triad,fp_arith_scalar_double_err,1,1,-0.000878342934622951,1
dolap_run,triad,fp_arith_scalar_double_err,1,2,0.004125103704343144,1
dolap_run,triad,fp_arith_scalar_double_err,1,4,0.0031402524515295105,1
dolap_run,triad,fp_arith_scalar_double_err,1,8,0.003226279570421505,1
dolap_run,triad,fp_arith_scalar_double_err,1,16,-0.023272558499631165,1
dolap_run,triad,fp_arith_scalar_double_err,1,32,-0.04832672221624888,1
dolap_run,triad,fp_arith_scalar_double_err,1,64,-0.06109316222482604,1
dolap_run,triad,fp_arith_scalar_double_err,1,128,-0.057333122974085965,1
dolap_run,triad,fp_arith_scalar_double_err,1,256,-0.052143355328887635,1
dolap_run,sum,fp_arith_scalar_double_err,1,1,0.0019362535215294901,1
dolap_run,sum,fp_arith_scalar_double_err,1,2,-0.0017097835331491013,1
dolap_run,sum,fp_arith_scalar_double_err,1,4,0.0025076979049575314,1
dolap_run,sum,fp_arith_scalar_double_err,1,8,0.0022189018061475807,1
dolap_run,sum,fp_arith_scalar_double_err,1,16,-0.02454412442016146,1
dolap_run,sum,fp_arith_scalar_double_err,1,32,-0.05076640102325304,1
dolap_run,sum,fp_arith_scalar_double_err,1,64,-0.06445405425473538,1
dolap_run,sum,fp_arith_scalar_double_err,1,128,-0.06335293579708548,1
dolap_run,sum,fp_arith_scalar_double_err,1,256,-0.06341658396265447,1
dolap_run,stream,fp_arith_scalar_double_err,1,1,-0.0005241213390463583,1
dolap_run,stream,fp_arith_scalar_double_err,1,2,0.002278133869822996,1
dolap_run,stream,fp_arith_scalar_double_err,1,4,-0.0005052036294511278,1
dolap_run,stream,fp_arith_scalar_double_err,1,8,0.002689371509146937,1
dolap_run,stream,fp_arith_scalar_double_err,1,16,-0.02763849573671828,1
dolap_run,stream,fp_arith_scalar_double_err,1,32,-0.05319432842424232,1
dolap_run,stream,fp_arith_scalar_double_err,1,64,-0.0646682791480426,1
dolap_run,stream,fp_arith_scalar_double_err,1,128,-0.06472263101323211,1
dolap_run,stream,fp_arith_scalar_double_err,1,256,-0.06375495819674895,1
dolap_run,peakflops,fp_arith_scalar_double_err,1,1,0.003776651799950574,1
dolap_run,peakflops,fp_arith_scalar_double_err,1,2,0.000724385633918937,1
dolap_run,peakflops,fp_arith_scalar_double_err,1,4,-0.0031670707334388137,1
dolap_run,peakflops,fp_arith_scalar_double_err,1,8,0.0022838976429578467,1
dolap_run,peakflops,fp_arith_scalar_double_err,1,16,-0.025103393258615617,1
dolap_run,peakflops,fp_arith_scalar_double_err,1,32,-0.05132396259255291,1
dolap_run,peakflops,fp_arith_scalar_double_err,1,64,-0.06678998550900067,1
dolap_run,peakflops,fp_arith_scalar_double_err,1,128,-0.06198107534866439,1
dolap_run,peakflops,fp_arith_scalar_double_err,1,256,-0.06184078124373405,1
dolap_run,ddot,fp_arith_scalar_double_err,1,1,-0.002279527224687605,1
dolap_run,ddot,fp_arith_scalar_double_err,1,2,0.0007427935626463636,1
dolap_run,ddot,fp_arith_scalar_double_err,1,4,-0.0037771634177464213,1
dolap_run,ddot,fp_arith_scalar_double_err,1,8,0.002372006550835956,1
dolap_run,ddot,fp_arith_scalar_double_err,1,16,-0.02677479050431858,1
dolap_run,ddot,fp_arith_scalar_double_err,1,32,-0.051760544682869114,1
dolap_run,ddot,fp_arith_scalar_double_err,1,64,-0.06053653794019572,1
dolap_run,ddot,fp_arith_scalar_double_err,1,128,-0.06767549616256814,1
dolap_run,ddot,fp_arith_scalar_double_err,1,256,-0.06324744477408999,1
dolap_run,daxpy,fp_arith_scalar_double_err,1,1,0.0009881937675290811,1
dolap_run,daxpy,fp_arith_scalar_double_err,1,2,0.0008588380953954953,1
dolap_run,daxpy,fp_arith_scalar_double_err,1,4,-0.0013545400538882936,1
dolap_run,daxpy,fp_arith_scalar_double_err,1,8,0.0038327198884917616,1
dolap_run,daxpy,fp_arith_scalar_double_err,1,16,-0.02498189762891653,1
dolap_run,daxpy,fp_arith_scalar_double_err,1,32,-0.05180520940888304,1
dolap_run,daxpy,fp_arith_scalar_double_err,1,64,-0.06492489953697557,1
dolap_run,daxpy,fp_arith_scalar_double_err,1,128,-0.06526292354651492,1
dolap_run,daxpy,fp_arith_scalar_double_err,1,256,-0.05895492858519891,1
dolap_run,triad,fp_arith_scalar_double_err,2,1,-0.0006767055031641676,1
dolap_run,triad,fp_arith_scalar_double_err,2,2,0.0006270047194551187,1
dolap_run,triad,fp_arith_scalar_double_err,2,4,-0.0003426552548327038,1
dolap_run,triad,fp_arith_scalar_double_err,2,8,0.0009469428666349136,1
dolap_run,triad,fp_arith_scalar_double_err,2,16,-0.02414741593964323,1
dolap_run,triad,fp_arith_scalar_double_err,2,32,-0.04664122491536823,1
dolap_run,triad,fp_arith_scalar_double_err,2,64,-0.0503836812110496,1
dolap_run,triad,fp_arith_scalar_double_err,2,128,-0.048290315453659124,1
dolap_run,triad,fp_arith_scalar_double_err,2,256,-0.052222583576658196,1
dolap_run,sum,fp_arith_scalar_double_err,2,1,0.0009915213775568592,1
dolap_run,sum,fp_arith_scalar_double_err,2,2,-0.0035786632654144688,1
dolap_run,sum,fp_arith_scalar_double_err,2,4,0.003940639235829604,1
dolap_run,sum,fp_arith_scalar_double_err,2,8,0.00331963688774029,1
dolap_run,sum,fp_arith_scalar_double_err,2,16,-0.02611224677541384,1
dolap_run,sum,fp_arith_scalar_double_err,2,32,-0.04799829845696296,1
dolap_run,sum,fp_arith_scalar_double_err,2,64,-0.05489371362582259,1
dolap_run,sum,fp_arith_scalar_double_err,2,128,-0.050889925642367655,1
dolap_run,sum,fp_arith_scalar_double_err,2,256,-0.04691456927719896,1
dolap_run,stream,fp_arith_scalar_double_err,2,1,0.0034378374674961546,1
dolap_run,stream,fp_arith_scalar_double_err,2,2,0.0002557133468785735,1
dolap_run,stream,fp_arith_scalar_double_err,2,4,0.003548904393245066,1
dolap_run,stream,fp_arith_scalar_double_err,2,8,0.005135584095574205,1
dolap_run,stream,fp_arith_scalar_double_err,2,16,-0.024918802148630508,1
dolap_run,stream,fp_arith_scalar_double_err,2,32,-0.052310106272794525,1
dolap_run,stream,fp_arith_scalar_double_err,2,64,-0.059619464998836975,1
dolap_run,stream,fp_arith_scalar_double_err,2,128,-0.0486608693882648,1
dolap_run,stream,fp_arith_scalar_double_err,2,256,-0.05388156423601417,1
dolap_run,peakflops,fp_arith_scalar_double_err,2,1,0.0005566627770951455,1
dolap_run,peakflops,fp_arith_scalar_double_err,2,2,0.0018986902877115499,1
dolap_run,peakflops,fp_arith_scalar_double_err,2,4,0.0012428895745460907,1
dolap_run,peakflops,fp_arith_scalar_double_err,2,8,0.0016961542398284946,1
dolap_run,peakflops,fp_arith_scalar_double_err,2,16,-0.026478503928660604,1
dolap_run,peakflops,fp_arith_scalar_double_err,2,32,-0.048995163351050815,1
dolap_run,peakflops,fp_arith_scalar_double_err,2,64,-0.05631121250504415,1
dolap_run,peakflops,fp_arith_scalar_double_err,2,128,-0.052560669984659206,1
dolap_run,peakflops,fp_arith_scalar_double_err,2,256,-0.051778680017719625,1
dolap_run,ddot,fp_arith_scalar_double_err,2,1,-0.004170890450912224,1
dolap_run,ddot,fp_arith_scalar_double_err,2,2,-7.041582651249474e-05,1
dolap_run,ddot,fp_arith_scalar_double_err,2,4,0.001021613105749685,1
dolap_run,ddot,fp_arith_scalar_double_err,2,8,0.002481710882821787,1
dolap_run,ddot,fp_arith_scalar_double_err,2,16,-0.0255390155091395,1
dolap_run,ddot,fp_arith_scalar_double_err,2,32,-0.05040976041579192,1
dolap_run,ddot,fp_arith_scalar_double_err,2,64,-0.05558281140287536,1
dolap_run,ddot,fp_arith_scalar_double_err,2,128,-0.055213745303961365,1
dolap_run,ddot,fp_arith_scalar_double_err,2,256,-0.05382191458915657,1
dolap_run,daxpy,fp_arith_scalar_double_err,2,1,-0.0003859114920109883,1
dolap_run,daxpy,fp_arith_scalar_double_err,2,2,-0.0006206841266193497,1
dolap_run,daxpy,fp_arith_scalar_double_err,2,4,0.0026059849783019607,1
dolap_run,daxpy,fp_arith_scalar_double_err,2,8,0.0038974914963599166,1
dolap_run,daxpy,fp_arith_scalar_double_err,2,16,-0.0304556231232244,1
dolap_run,daxpy,fp_arith_scalar_double_err,2,32,-0.047765060788965696,1
dolap_run,daxpy,fp_arith_scalar_double_err,2,64,-0.05591368372865644,1
dolap_run,daxpy,fp_arith_scalar_double_err,2,128,-0.05524456414568101,1
dolap_run,daxpy,fp_arith_scalar_double_err,2,256,-0.05528838611495434,1
dolap_run,triad,fp_arith_scalar_double_err,3,1,-0.0006055741452085605,1
dolap_run,triad,l1_bw,3,1,-0.002907641112410302,1
dolap_run,triad,ai,3,1,0.06264493258744208,1
dolap_run,triad,ai_err,3,1,-0.9373448743471116,1
dolap_run,triad,fp_arith_scalar_double_err,3,2,0.002664038739478842,1
dolap_run,triad,l1_bw,3,2,0.0009732530974331594,1
dolap_run,triad,ai,3,2,0.06260547228981374,1
dolap_run,triad,ai_err,3,2,-0.9373914932190833,1
dolap_run,triad,fp_arith_scalar_double_err,3,4,0.0031675556827504077,1
dolap_run,triad,l1_bw,3,4,0.0024937748653118806,1
dolap_run,triad,ai,3,4,0.06254225774481445,1
dolap_run,triad,ai_err,3,4,-0.937423150407977,1
dolap_run,triad,fp_arith_scalar_double_err,3,8,0.004382367436891232,1
dolap_run,triad,l1_bw,3,8,0.001883639905143805,1
dolap_run,triad,ai,3,8,0.06265615571844732,1
dolap_run,triad,ai_err,3,8,-0.9373718981704928,1
dolap_run,triad,fp_arith_scalar_double_err,3,16,-0.0242912884196178,1
dolap_run,triad,l1_bw,3,16,-0.016257224364255033,1
dolap_run,triad,ai,3,16,0.06199234496581022,1
dolap_run,triad,ai_err,3,16,-0.9379960199173476,1
dolap_run,triad,fp_arith_scalar_double_err,3,32,-0.049854627700053694,1
dolap_run,triad,l1_bw,3,32,-0.07918765727425,1
dolap_run,triad,ai,3,32,0.06451796144719003,1
dolap_run,triad,ai_err,3,32,-0.9331339911770637,1
dolap_run,triad,fp_arith_scalar_double_err,3,64,-0.05919829635747555,1
dolap_run,triad,l1_bw,3,64,-0.11603694441724016,1
dolap_run,triad,ai,3,64,0.06657321316200283,1
dolap_run,triad,ai_err,3,64,-0.934837824767071,1
dolap_run,triad,fp_arith_scalar_double_err,3,128,-0.05337975049328797,1
dolap_run,triad,l1_bw,3,128,-0.06122803805315602,1
dolap_run,triad,ai,3,128,0.06303569962722003,1
dolap_run,triad,ai_err,3,128,-0.9363935040483335,1
dolap_run,triad,fp_arith_scalar_double_err,3,256,-0.053600295088761823,1
dolap_run,triad,l1_bw,3,256,-0.0850685646445031,1
dolap_run,triad,ai,3,256,0.06467872147447293,1
dolap_run,triad,ai_err,3,256,-0.9357532687527057,1
dolap_run,sum,fp_arith_scalar_double_err,3,1,0.0009662682804108667,1
dolap_run,sum,l1_bw,3,1,-0.0014380396926569172,1
dolap_run,sum,ai,3,1,0.12530160559871356,1
dolap_run,sum,ai_err,3,1,-0.8749343162762983,1
dolap_run,sum,fp_arith_scalar_double_err,3,2,0.0023387020916820207,1
dolap_run,sum,l1_bw,3,2,-6.108882672961517e-05,1
dolap_run,sum,ai,3,2,0.12530035254465086,1
dolap_run,sum,ai_err,3,2,-0.8746905607268152,1
dolap_run,sum,fp_arith_scalar_double_err,3,4,0.0003358176159778027,1
dolap_run,sum,l1_bw,3,4,-0.0004916338213634145,1
dolap_run,sum,ai,3,4,0.12510432728597398,1
dolap_run,sum,ai_err,3,4,-0.8745223863130928,1
dolap_run,sum,fp_arith_scalar_double_err,3,8,0.0034789394175491393,1
dolap_run,sum,l1_bw,3,8,0.0019502689850158395,1
dolap_run,sum,ai,3,8,0.12519111684176099,1
dolap_run,sum,ai_err,3,8,-0.8751719594585261,1
dolap_run,sum,fp_arith_scalar_double_err,3,16,-0.02504730476673315,1
dolap_run,sum,l1_bw,3,16,-0.041584900605003035,1
dolap_run,sum,ai,3,16,0.12716382446519578,1
dolap_run,sum,ai_err,3,16,-0.8717426677888027,1
dolap_run,sum,fp_arith_scalar_double_err,3,32,-0.052222806027813574,1
dolap_run,sum,l1_bw,3,32,-0.09017806890224321,1
dolap_run,sum,ai,3,32,0.1302964396689522,1
dolap_run,sum,ai_err,3,32,-0.8652514986959028,1
dolap_run,sum,fp_arith_scalar_double_err,3,64,-0.036476679537627114,1
dolap_run,sum,l1_bw,3,64,-0.07598566632922325,1
dolap_run,sum,ai,3,64,0.13041660026981147,1
dolap_run,sum,ai_err,3,64,-0.8712069510938143,1
dolap_run,sum,fp_arith_scalar_double_err,3,128,-0.04486131853125575,1
dolap_run,sum,l1_bw,3,128,-0.06503723769367513,1
dolap_run,sum,ai,3,128,0.127755406388292,1
dolap_run,sum,ai_err,3,128,-0.8690947914326836,1
dolap_run,sum,fp_arith_scalar_double_err,3,256,-0.031037209585611653,1
dolap_run,sum,l1_bw,3,256,-0.06725828370532176,1
dolap_run,sum,ai,3,256,0.12980847890786226,1
dolap_run,sum,ai_err,3,256,-0.8711963504003853,1
dolap_run,stream,fp_arith_scalar_double_err,3,1,-0.0016496433414272843,1
dolap_run,stream,l1_bw,3,1,-0.006099855822784846,1
dolap_run,stream,ai,3,1,0.08371247767399008,1
dolap_run,stream,ai_err,3,1,-0.9165077287693191,1
dolap_run,stream,fp_arith_scalar_double_err,3,2,0.0024933184182842827,1
dolap_run,stream,l1_bw,3,2,0.0008774546266564457,1
dolap_run,stream,ai,3,2,0.08346798995268158,1
dolap_run,stream,ai_err,3,2,-0.9165736102692514,1
dolap_run,stream,fp_arith_scalar_double_err,3,4,0.0012811358657894287,1
dolap_run,stream,l1_bw,3,4,-0.000883696280558315,1
dolap_run,stream,ai,3,4,0.08351550987357526,1
dolap_run,stream,ai_err,3,4,-0.9162054547023847,1
dolap_run,stream,fp_arith_scalar_double_err,3,8,0.002345930050857688,1
dolap_run,stream,l1_bw,3,8,-0.002288160368654252,1
dolap_run,stream,ai,3,8,0.0837215068396141,1
dolap_run,stream,ai_err,3,8,-0.9166558883853894,1
dolap_run,stream,fp_arith_scalar_double_err,3,16,-0.024781556111144225,1
dolap_run,stream,l1_bw,3,16,-0.029344096859159605,1
dolap_run,stream,ai,3,16,0.08373434197703707,1
dolap_run,stream,ai_err,3,16,-0.9151756843599965,1
dolap_run,stream,fp_arith_scalar_double_err,3,32,-0.03829067980226763,1
dolap_run,stream,l1_bw,3,32,-0.054136885807033096,1
dolap_run,stream,ai,3,32,0.08477853039440605,1
dolap_run,stream,ai_err,3,32,-0.9172120563450188,1
dolap_run,stream,fp_arith_scalar_double_err,3,64,-0.04485222734208425,1
dolap_run,stream,l1_bw,3,64,-0.0504913720251553,1
dolap_run,stream,ai,3,64,0.08389729401844855,1
dolap_run,stream,ai_err,3,64,-0.9143074668039997,1
dolap_run,stream,fp_arith_scalar_double_err,3,128,-0.04864416132009493,1
dolap_run,stream,l1_bw,3,128,-0.05338836768211834,1
dolap_run,stream,ai,3,128,0.08380619748538566,1
dolap_run,stream,ai_err,3,128,-0.915468465859078,1
dolap_run,stream,fp_arith_scalar_double_err,3,256,-0.028660435614113283,1
dolap_run,stream,l1_bw,3,256,-0.052945336517979336,1
dolap_run,stream,ai,3,256,0.08549144116052226,1
dolap_run,stream,ai_err,3,256,-0.915431832819113,1
dolap_run,peakflops,fp_arith_scalar_double_err,3,1,0.0008199418910674866,1
dolap_run,peakflops,l1_bw,3,1,0.0009763834873455491,1
dolap_run,peakflops,ai,3,1,1.9996884291027208,1
dolap_run,peakflops,ai_err,3,1,1.003823670494317,1
dolap_run,peakflops,fp_arith_scalar_double_err,3,2,0.0031709939656046045,1
dolap_run,peakflops,l1_bw,3,2,0.0035168820135876157,1
dolap_run,peakflops,ai,3,2,1.9993183071762244,1
dolap_run,peakflops,ai_err,3,2,0.9972169427804531,1
dolap_run,peakflops,fp_arith_scalar_double_err,3,4,0.000517658635440006,1
dolap_run,peakflops,l1_bw,3,4,0.0010179828182273487,1
dolap_run,peakflops,ai,3,4,1.9990272160769424,1
dolap_run,peakflops,ai_err,3,4,0.9944482193539255,1
dolap_run,peakflops,fp_arith_scalar_double_err,3,8,0.001749814775847437,1
dolap_run,peakflops,l1_bw,3,8,0.0023723786115512776,1
dolap_run,peakflops,ai,3,8,1.9987646344554761,1
dolap_run,peakflops,ai_err,3,8,0.9995660062819396,1
dolap_run,peakflops,fp_arith_scalar_double_err,3,16,-0.02515462310739304,1
dolap_run,peakflops,l1_bw,3,16,-0.04336682032118525,1
dolap_run,peakflops,ai,3,16,2.0381604390066013,1
dolap_run,peakflops,ai_err,3,16,1.0305158806919663,1
dolap_run,peakflops,fp_arith_scalar_double_err,3,32,-0.048493732374516096,1
dolap_run,peakflops,l1_bw,3,32,-0.09812167091047565,1
dolap_run,peakflops,ai,3,32,2.1113168177977726,1
dolap_run,peakflops,ai_err,3,32,1.0515127787047072,1
dolap_run,peakflops,fp_arith_scalar_double_err,3,64,-0.05192944479174973,1
dolap_run,peakflops,l1_bw,3,64,-0.03954361882735758,1
dolap_run,peakflops,ai,3,64,1.9768255618909625,1
dolap_run,peakflops,ai_err,3,64,0.9978253082456796,1
dolap_run,peakflops,fp_arith_scalar_double_err,3,128,-0.04762100594113172,1
dolap_run,peakflops,l1_bw,3,128,-0.06055569049219346,1
dolap_run,peakflops,ai,3,128,2.0281789653315188,1
dolap_run,peakflops,ai_err,3,128,1.0216629337820402,1
dolap_run,peakflops,fp_arith_scalar_double_err,3,256,-0.046303178782691856,1
dolap_run,peakflops,l1_bw,3,256,-0.06032302414727729,1
dolap_run,peakflops,ai,3,256,2.0299778295686326,1
dolap_run,peakflops,ai_err,3,256,1.0055581237441942,1
dolap_run,ddot,fp_arith_scalar_double_err,3,1,-0.0013178669427698292,1
dolap_run,ddot,l1_bw,3,1,-0.001700547205965745,1
dolap_run,ddot,ai,3,1,0.12504996119656342,1
dolap_run,ddot,ai_err,3,1,-0.8747816915375313,1
dolap_run,ddot,fp_arith_scalar_double_err,3,2,0.0002335113222061725,1
dolap_run,ddot,l1_bw,3,2,-0.001236647598884151,1
dolap_run,ddot,ai,3,2,0.12518369538355154,1
dolap_run,ddot,ai_err,3,2,-0.8745379722031902,1
dolap_run,ddot,fp_arith_scalar_double_err,3,4,-0.0034033829969403917,1
dolap_run,ddot,l1_bw,3,4,-0.00484018309475659,1
dolap_run,ddot,ai,3,4,0.12518352022994603,1
dolap_run,ddot,ai_err,3,4,-0.8752761233839179,1
dolap_run,ddot,fp_arith_scalar_double_err,3,8,0.003787672915857488,1
dolap_run,ddot,l1_bw,3,8,0.002360709241088298,1
dolap_run,ddot,ai,3,8,0.12518027527551231,1
dolap_run,ddot,ai_err,3,8,-0.875867383009324,1
dolap_run,ddot,fp_arith_scalar_double_err,3,16,-0.028610151322268622,1
dolap_run,ddot,l1_bw,3,16,-0.017189119744626325,1
dolap_run,ddot,ai,3,16,0.12355940962034767,1
dolap_run,ddot,ai_err,3,16,-0.877820084096651,1
dolap_run,ddot,fp_arith_scalar_double_err,3,32,-0.046680349944829835,1
dolap_run,ddot,l1_bw,3,32,-0.060317603761371755,1
dolap_run,ddot,ai,3,32,0.1269232551752238,1
dolap_run,ddot,ai_err,3,32,-0.8741571945181597,1
dolap_run,ddot,fp_arith_scalar_double_err,3,64,-0.05075126735093393,1
dolap_run,ddot,l1_bw,3,64,-0.06008402030316586,1
dolap_run,ddot,ai,3,64,0.1262749238332427,1
dolap_run,ddot,ai_err,3,64,-0.8735080504381159,1
dolap_run,ddot,fp_arith_scalar_double_err,3,128,-0.04920977890656879,1
dolap_run,ddot,l1_bw,3,128,-0.06087351239425763,1
dolap_run,ddot,ai,3,128,0.12656462388415363,1
dolap_run,ddot,ai_err,3,128,-0.8752625314908101,1
dolap_run,ddot,fp_arith_scalar_double_err,3,256,-0.04783220280601907,1
dolap_run,ddot,l1_bw,3,256,-0.05530152319622643,1
dolap_run,ddot,ai,3,256,0.12606357726413908,1
dolap_run,ddot,ai_err,3,256,-0.8710551228538201,1
dolap_run,daxpy,fp_arith_scalar_double_err,3,1,-0.0005357849828499257,1
dolap_run,daxpy,l1_bw,3,1,-0.002880334041770627,1
dolap_run,daxpy,ai,3,1,0.0835287224495865,1
dolap_run,daxpy,ai_err,3,1,-0.9163547204332939,1
dolap_run,daxpy,fp_arith_scalar_double_err,3,2,0.003213555053878194,1
dolap_run,daxpy,l1_bw,3,2,0.0011147968592976896,1
dolap_run,daxpy,ai,3,2,0.08350807532686823,1
dolap_run,daxpy,ai_err,3,2,-0.916385725932004,1
dolap_run,daxpy,fp_arith_scalar_double_err,3,4,-0.00200917887356351,1
dolap_run,daxpy,l1_bw,3,4,-0.0058276716269921175,1
dolap_run,daxpy,ai,3,4,0.08365441373699777,1
dolap_run,daxpy,ai_err,3,4,-0.9159993521215687,1
dolap_run,daxpy,fp_arith_scalar_double_err,3,8,0.004744045666330357,1
dolap_run,daxpy,l1_bw,3,8,0.0023146142521315587,1
dolap_run,daxpy,ai,3,8,0.0835375490920901,1
dolap_run,daxpy,ai_err,3,8,-0.9159442682241778,1
dolap_run,daxpy,fp_arith_scalar_double_err,3,16,-0.022504475248729963,1
dolap_run,daxpy,l1_bw,3,16,-0.03148252366108153,1
dolap_run,daxpy,ai,3,16,0.08411126218401495,1
dolap_run,daxpy,ai_err,3,16,-0.9155283391025493,1
dolap_run,daxpy,fp_arith_scalar_double_err,3,32,-0.04197042124832756,1
dolap_run,daxpy,l1_bw,3,32,-0.05922387633443329,1
dolap_run,daxpy,ai,3,32,0.08486470575882778,1
dolap_run,daxpy,ai_err,3,32,-0.9156693511419371,1
dolap_run,daxpy,fp_arith_scalar_double_err,3,64,-0.04948587389202829,1
dolap_run,daxpy,l1_bw,3,64,-0.07453773125372906,1
dolap_run,daxpy,ai,3,64,0.08563042244969646,1
dolap_run,daxpy,ai_err,3,64,-0.9139157142851253,1
dolap_run,daxpy,fp_arith_scalar_double_err,3,128,-0.05164698755669329,1
dolap_run,daxpy,l1_bw,3,128,-0.06229007280155921,1
dolap_run,daxpy,ai,3,128,0.08431852699349521,1
dolap_run,daxpy,ai_err,3,128,-0.9151030562414313,1
dolap_run,daxpy,fp_arith_scalar_double_err,3,256,-0.05599694223830212,1
dolap_run,daxpy,l1_bw,3,256,-0.06486102195828783,1
dolap_run,daxpy,ai,3,256,0.0842383085334452,1
dolap_run,daxpy,ai_err,3,256,-0.9146945662574165,1
dolap_run,triad,fp_arith_scalar_double_err,4,1,0.002919678932337273,1
dolap_run,triad,instruction_retired_err,4,1,0.00405280928789747,1
dolap_run,triad,l1_bw,4,1,0.0010532237154764344,1
dolap_run,triad,ai,4,1,0.06261709885511908,1
dolap_run,triad,ai_err,4,1,-0.9373907916701724,1
dolap_run,triad,fp_arith_scalar_double_err,4,2,-0.0013879570303531005,1
dolap_run,triad,instruction_retired_err,4,2,-0.0004034193338679927,1
dolap_run,triad,l1_bw,4,2,-0.0032375532031097723,1
dolap_run,triad,ai,4,2,0.06261721595261788,1
dolap_run,triad,ai_err,4,2,-0.9375255090219432,1
dolap_run,triad,fp_arith_scalar_double_err,4,4,-0.0003592196746758219,1
dolap_run,triad,instruction_retired_err,4,4,0.000822195470302577,1
dolap_run,triad,l1_bw,4,4,-0.0027994478216237556,1
dolap_run,triad,ai,4,4,0.06265344929905813,1
dolap_run,triad,ai_err,4,4,-0.9373448414530114,1
dolap_run,triad,fp_arith_scalar_double_err,4,8,0.006458832442781493,1
dolap_run,triad,instruction_retired_err,4,8,0.007333871193894432,1
dolap_run,triad,l1_bw,4,8,0.005731990998030813,1
dolap_run,triad,ai,4,8,0.06254524325375284,1
dolap_run,triad,ai_err,4,8,-0.9374866796701621,1
dolap_run,triad,fp_arith_scalar_double_err,4,16,-0.023323549066880396,1
dolap_run,triad,instruction_retired_err,4,16,0.025290897135282195,1
dolap_run,triad,l1_bw,4,16,-0.031179026150460244,1
dolap_run,triad,ai,4,16,0.06301226855012693,1
dolap_run,triad,ai_err,4,16,-0.9369691203470913,1
dolap_run,triad,fp_arith_scalar_double_err,4,32,-0.04220639570027343,1
dolap_run,triad,instruction_retired_err,4,32,0.03168178015985677,1
dolap_run,triad,l1_bw,4,32,-0.08579542396555173,1
dolap_run,triad,ai,4,32,0.0655396180484764,1
dolap_run,triad,ai_err,4,32,-0.9369058406779052,1
dolap_run,triad,fp_arith_scalar_double_err,4,64,-0.04887411060226838,1
dolap_run,triad,instruction_retired_err,4,64,0.013601163386391285,1
dolap_run,triad,l1_bw,4,64,-0.0839843291063738,1
dolap_run,triad,ai,4,64,0.06490622752134259,1
dolap_run,triad,ai_err,4,64,-0.9354310746581912,1
dolap_run,triad,fp_arith_scalar_double_err,4,128,-0.043363428348306116,1
dolap_run,triad,instruction_retired_err,4,128,0.022719479211517672,1
dolap_run,triad,l1_bw,4,128,-0.059623907863558874,1
dolap_run,triad,ai,4,128,0.06360775717782038,1
dolap_run,triad,ai_err,4,128,-0.9357704133157972,1
dolap_run,triad,fp_arith_scalar_double_err,4,256,-0.048111770175600706,1
dolap_run,triad,instruction_retired_err,4,256,0.02503305391130493,1
dolap_run,triad,l1_bw,4,256,-0.06842578793601096,1
dolap_run,triad,ai,4,256,0.06391286667049449,1
dolap_run,triad,ai_err,4,256,-0.9361436477964407,1
dolap_run,sum,fp_arith_scalar_double_err,4,1,-0.00028056552133539286,1
dolap_run,sum,instruction_retired_err,4,1,0.0009250821229101276,1
dolap_run,sum,l1_bw,4,1,-0.0016822620173291853,1
dolap_run,sum,ai,4,1,0.12517667110475858,1
dolap_run,sum,ai_err,4,1,-0.8745953805051186,1
dolap_run,sum,fp_arith_scalar_double_err,4,2,-0.001431018975452994,1
dolap_run,sum,instruction_retired_err,4,2,-0.0002914429649870991,1
dolap_run,sum,l1_bw,4,2,-0.003598186805496197,1
dolap_run,sum,ai,4,2,0.12527395302049366,1
dolap_run,sum,ai_err,4,2,-0.8746258636873081,1
dolap_run,sum,fp_arith_scalar_double_err,4,4,-0.0017938151025429765,1
dolap_run,sum,instruction_retired_err,4,4,-0.0007933427768565572,1
dolap_run,sum,l1_bw,4,4,-0.00392378873434344,1
dolap_run,sum,ai,4,4,0.12526820043270132,1
dolap_run,sum,ai_err,4,4,-0.8747672510546334,1
dolap_run,sum,fp_arith_scalar_double_err,4,8,0.0033952057288886292,1
dolap_run,sum,instruction_retired_err,4,8,0.004122691382791945,1
dolap_run,sum,l1_bw,4,8,0.002268123814141533,1
dolap_run,sum,ai,4,8,0.12514111130398342,1
dolap_run,sum,ai_err,4,8,-0.8750003041436422,1
dolap_run,sum,fp_arith_scalar_double_err,4,16,-0.02651879429579715,1
dolap_run,sum,instruction_retired_err,4,16,0.01716822068949776,1
dolap_run,sum,l1_bw,4,16,-0.01571623747714973,1
dolap_run,sum,ai,4,16,0.12363646954762164,1
dolap_run,sum,ai_err,4,16,-0.8768443785220283,1
dolap_run,sum,fp_arith_scalar_double_err,4,32,-0.05023224500161889,1
dolap_run,sum,instruction_retired_err,4,32,0.018664925973481166,1
dolap_run,sum,l1_bw,4,32,-0.06376795982357028,1
dolap_run,sum,ai,4,32,0.126880117559662,1
dolap_run,sum,ai_err,4,32,-0.8745237642745017,1
dolap_run,sum,fp_arith_scalar_double_err,4,64,-0.05049258816483379,1
dolap_run,sum,instruction_retired_err,4,64,0.01884778285195582,1
dolap_run,sum,l1_bw,4,64,-0.045259696209628365,1
dolap_run,sum,ai,4,64,0.12439296625430499,1
dolap_run,sum,ai_err,4,64,-0.8789997792522091,1
dolap_run,sum,fp_arith_scalar_double_err,4,128,-0.04993903842038299,1
dolap_run,sum,instruction_retired_err,4,128,0.014422269688976006,1
dolap_run,sum,l1_bw,4,128,-0.07204623438585529,1
dolap_run,sum,ai,4,128,0.12804970228334078,1
dolap_run,sum,ai_err,4,128,-0.8709743980464483,1
dolap_run,sum,fp_arith_scalar_double_err,4,256,-0.04716630882620855,1
dolap_run,sum,instruction_retired_err,4,256,0.015841286966212828,1
dolap_run,sum,l1_bw,4,256,-0.07292890828686338,1
dolap_run,sum,ai,4,256,0.1285715467837816,1
dolap_run,sum,ai_err,4,256,-0.8647949455048982,1
dolap_run,stream,fp_arith_scalar_double_err,4,1,0.0026860545728373403,1
dolap_run,stream,instruction_retired_err,4,1,0.003372011647389789,1
dolap_run,stream,l1_bw,4,1,0.0035172398958366394,1
dolap_run,stream,ai,4,1,0.08326782136775934,1
dolap_run,stream,ai_err,4,1,-0.9166283162343472,1
dolap_run,stream,fp_arith_scalar_double_err,4,2,-0.0016122688266396637,1
dolap_run,stream,instruction_retired_err,4,2,-0.0011117685101854553,1
dolap_run,stream,l1_bw,4,2,-0.003009955143802316,1
dolap_run,stream,ai,4,2,0.0834526042809664,1
dolap_run,stream,ai_err,4,2,-0.9165843045683589,1
dolap_run,stream,fp_arith_scalar_double_err,4,4,0.0007691962840856251,1
dolap_run,stream,instruction_retired_err,4,4,0.0013658375092231764,1
dolap_run,stream,l1_bw,4,4,0.002315543738460364,1
dolap_run,stream,ai,4,4,0.08320537581169041,1
dolap_run,stream,ai_err,4,4,-0.9164486362591707,1
dolap_run,stream,fp_arith_scalar_double_err,4,8,0.0041155601569499356,1
dolap_run,stream,instruction_retired_err,4,8,0.004680176668318518,1
dolap_run,stream,l1_bw,4,8,0.004509741848970072,1
dolap_run,stream,ai,4,8,0.08330160392546666,1
dolap_run,stream,ai_err,4,8,-0.916969685537037,1
dolap_run,stream,fp_arith_scalar_double_err,4,16,-0.025496016527647058,1
dolap_run,stream,instruction_retired_err,4,16,0.017056484928825544,1
dolap_run,stream,l1_bw,4,16,-0.014489014184633484,1
dolap_run,stream,ai,4,16,0.08240961469969309,1
dolap_run,stream,ai_err,4,16,-0.9169742754780241,1
dolap_run,stream,fp_arith_scalar_double_err,4,32,-0.05024879305836792,1
dolap_run,stream,instruction_retired_err,4,32,0.02354934521992124,1
dolap_run,stream,l1_bw,4,32,-0.054924246370868,1
dolap_run,stream,ai,4,32,0.08385743446444069,1
dolap_run,stream,ai_err,4,32,-0.9182477175080708,1
dolap_run,stream,fp_arith_scalar_double_err,4,64,-0.038385194111631084,1
dolap_run,stream,instruction_retired_err,4,64,0.03719573688098985,1
dolap_run,stream,l1_bw,4,64,-0.062296495761266654,1
dolap_run,stream,ai,4,64,0.08551134102261769,1
dolap_run,stream,ai_err,4,64,-0.9156182609144177,1
dolap_run,stream,fp_arith_scalar_double_err,4,128,-0.04908447446160835,1
dolap_run,stream,instruction_retired_err,4,128,0.02426645010386439,1
dolap_run,stream,l1_bw,4,128,-0.06078512667130013,1
dolap_run,stream,ai,4,128,0.08447748851610164,1
dolap_run,stream,ai_err,4,128,-0.9121162978809618,1
dolap_run,stream,fp_arith_scalar_double_err,4,256,-0.04885863515719476,1
dolap_run,stream,instruction_retired_err,4,256,0.016862902049813715,1
dolap_run,stream,l1_bw,4,256,-0.09064709768793028,1
dolap_run,stream,ai,4,256,0.08722775549891604,1
dolap_run,stream,ai_err,4,256,-0.9145510803775591,1
dolap_run,peakflops,fp_arith_scalar_double_err,4,1,-0.0005466600311806395,1
dolap_run,peakflops,instruction_retired_err,4,1,-0.0013920217098548006,1
dolap_run,peakflops,l1_bw,4,1,0.0008629263111329492,1
dolap_run,peakflops,ai,4,1,1.9971754584102748,1
dolap_run,peakflops,ai_err,4,1,0.9970491949988602,1
dolap_run,peakflops,fp_arith_scalar_double_err,4,2,-0.0012960021396575467,1
dolap_run,peakflops,instruction_retired_err,4,2,-0.0016928194105674396,1
dolap_run,peakflops,l1_bw,4,2,-0.0004947041845298517,1
dolap_run,peakflops,ai,4,2,1.9984168829725988,1
dolap_run,peakflops,ai_err,4,2,0.9968565857488183,1
dolap_run,peakflops,fp_arith_scalar_double_err,4,4,0.0027846451852059978,1
dolap_run,peakflops,instruction_retired_err,4,4,0.0018804923372831711,1
dolap_run,peakflops,l1_bw,4,4,0.004126189238679959,1
dolap_run,peakflops,ai,4,4,1.997339306228197,1
dolap_run,peakflops,ai_err,4,4,0.9997222568965722,1
dolap_run,peakflops,fp_arith_scalar_double_err,4,8,0.006703563642958164,1
dolap_run,peakflops,instruction_retired_err,4,8,0.005720803854029359,1
dolap_run,peakflops,l1_bw,4,8,0.007420142500187576,1
dolap_run,peakflops,ai,4,8,1.9985900612603145,1
dolap_run,peakflops,ai_err,4,8,0.9956799689129099,1
dolap_run,peakflops,fp_arith_scalar_double_err,4,16,-0.02419688622974945,1
dolap_run,peakflops,instruction_retired_err,4,16,0.009086185701739762,1
dolap_run,peakflops,l1_bw,4,16,-0.013424201148193869,1
dolap_run,peakflops,ai,4,16,1.9782178533751782,1
dolap_run,peakflops,ai_err,4,16,0.9753920423758526,1
dolap_run,peakflops,fp_arith_scalar_double_err,4,32,-0.04695641690611828,1
dolap_run,peakflops,instruction_retired_err,4,32,0.0006671623894503597,1
dolap_run,peakflops,l1_bw,4,32,-0.06814397030610622,1
dolap_run,peakflops,ai,4,32,2.048056136252721,1
dolap_run,peakflops,ai_err,4,32,0.9090952545697983,1
dolap_run,peakflops,fp_arith_scalar_double_err,4,64,-0.03820442546948593,1
dolap_run,peakflops,instruction_retired_err,4,64,0.04141518369361799,1
dolap_run,peakflops,l1_bw,4,64,-0.05635072540833756,1
dolap_run,peakflops,ai,4,64,2.041469851624802,1
dolap_run,peakflops,ai_err,4,64,1.0450434685037422,1
dolap_run,peakflops,fp_arith_scalar_double_err,4,128,-0.049523563056974224,1
dolap_run,peakflops,instruction_retired_err,4,128,0.040673543930885694,1
dolap_run,peakflops,l1_bw,4,128,-0.08288834461512555,1
dolap_run,peakflops,ai,4,128,2.0742245418019376,1
dolap_run,peakflops,ai_err,4,128,1.1265032866535645,1
dolap_run,peakflops,fp_arith_scalar_double_err,4,256,-0.041980106629246526,1
dolap_run,peakflops,instruction_retired_err,4,256,0.049936633722667066,1
dolap_run,peakflops,l1_bw,4,256,-0.08751795736374236,1
dolap_run,peakflops,ai,4,256,2.102023135023072,1
dolap_run,peakflops,ai_err,4,256,1.1990691055408633,1
dolap_run,ddot,fp_arith_scalar_double_err,4,1,0.0008560499735657776,1
dolap_run,ddot,instruction_retired_err,4,1,0.0012344480898588979,1
dolap_run,ddot,l1_bw,4,1,-0.0024057906381927717,1
dolap_run,ddot,ai,4,1,0.12541022527956752,1
dolap_run,ddot,ai_err,4,1,-0.8741923019293735,1
dolap_run,ddot,fp_arith_scalar_double_err,4,2,0.00113254845484584,1
dolap_run,ddot,instruction_retired_err,4,2,0.0015539090686955653,1
dolap_run,ddot,l1_bw,4,2,-0.001616942428872801,1
dolap_run,ddot,ai,4,2,0.12534652609108451,1
dolap_run,ddot,ai_err,4,2,-0.8746535845077701,1
