dolap_run,triad,fp_arith_scalar_double_err,1,1,-0.0025566732829464377,1
dolap_run,triad,fp_arith_scalar_double_err,1,2,-0.0022602233769397472,1
dolap_run,triad,fp_arith_scalar_double_err,1,4,-0.0030156388064306355,1
dolap_run,triad,fp_arith_scalar_double_err,1,8,-0.0005979669087805172,1
dolap_run,triad,fp_arith_scalar_double_err,1,16,-0.016742726374131926,1
dolap_run,triad,fp_arith_scalar_double_err,1,32,-0.02893935828773932,1
dolap_run,sum,fp_arith_scalar_double_err,1,1,-0.0012576342635110835,1
dolap_run,sum,fp_arith_scalar_double_err,1,2,0.0005706563064140693,1
dolap_run,sum,fp_arith_scalar_double_err,1,4,0.0012233684688267034,1
dolap_run,sum,fp_arith_scalar_double_err,1,8,0.0014204160162615178,1
dolap_run,sum,fp_arith_scalar_double_err,1,16,-0.02049910877766186,1
dolap_run,sum,fp_arith_scalar_double_err,1,32,-0.02856056457251381,1
dolap_run,stream,fp_arith_scalar_double_err,1,1,-0.0036226394826049738,1
dolap_run,stream,fp_arith_scalar_double_err,1,2,0.0027997891263803324,1
dolap_run,stream,fp_arith_scalar_double_err,1,4,-0.0022008152972003937,1
dolap_run,stream,fp_arith_scalar_double_err,1,8,0.003017528498494803,1
dolap_run,stream,fp_arith_scalar_double_err,1,16,-0.01750086268809163,1
dolap_run,stream,fp_arith_scalar_double_err,1,32,-0.027791354002449562,1
dolap_run,peakflops,fp_arith_scalar_double_err,1,1,-0.004601305480592418,1
dolap_run,peakflops,fp_arith_scalar_double_err,1,2,-0.004224022091610794,1
dolap_run,peakflops,fp_arith_scalar_double_err,1,4,-0.0011087912740093016,1
dolap_run,peakflops,fp_arith_scalar_double_err,1,8,-0.00011242318443540716,1
dolap_run,peakflops,fp_arith_scalar_double_err,1,16,-0.021052857054521243,1
dolap_run,peakflops,fp_arith_scalar_double_err,1,32,-0.029146882486604124,1
dolap_run,ddot,fp_arith_scalar_double_err,1,1,-0.008051923555898064,1
dolap_run,ddot,fp_arith_scalar_double_err,1,2,-0.0016540704886066333,1
dolap_run,ddot,fp_arith_scalar_double_err,1,4,-0.0008456019204546492,1
dolap_run,ddot,fp_arith_scalar_double_err,1,8,0.0009624058991682471,1
dolap_run,ddot,fp_arith_scalar_double_err,1,16,-0.020066748909506906,1
dolap_run,ddot,fp_arith_scalar_double_err,1,32,-0.02950863571782988,1
dolap_run,daxpy,fp_arith_scalar_double_err,1,1,-0.0016153309274719975,1
dolap_run,daxpy,fp_arith_scalar_double_err,1,2,-0.004263860436563297,1
dolap_run,daxpy,fp_arith_scalar_double_err,1,4,9.321783241311046e-05,1
dolap_run,daxpy,fp_arith_scalar_double_err,1,8,0.0006620974655605111,1
dolap_run,daxpy,fp_arith_scalar_double_err,1,16,-0.019311146935072524,1
dolap_run,daxpy,fp_arith_scalar_double_err,1,32,-0.02870607051614799,1
dolap_run,triad,fp_arith_scalar_double_err,4,1,0.001934242491717154,1
dolap_run,triad,instruction_retired_err,4,1,0.0043174942483152345,1
dolap_run,triad,l1_bw,4,1,0.0036121856064775513,1
dolap_run,triad,ai,4,1,0.062395498341202865,1
dolap_run,triad,ai_err,4,1,-0.9375946222844225,1
dolap_run,triad,fp_arith_scalar_double_err,4,2,3.592053027457235e-05,1
dolap_run,triad,instruction_retired_err,4,2,0.0029884129372137152,1
dolap_run,triad,l1_bw,4,2,0.0019880085807715882,1
dolap_run,triad,ai,4,2,0.0623782169394083,1
dolap_run,triad,ai_err,4,2,-0.937608841714837,1
dolap_run,triad,fp_arith_scalar_double_err,4,4,-0.0012469528542572354,1
dolap_run,triad,instruction_retired_err,4,4,-0.0015433551883083196,1
dolap_run,triad,l1_bw,4,4,-0.0005937353447235496,1
dolap_run,triad,ai,4,4,0.062459880322130144,1
dolap_run,triad,ai_err,4,4,-0.9371654918970073,1
dolap_run,triad,fp_arith_scalar_double_err,4,8,0.0026549160361986346,1
dolap_run,triad,instruction_retired_err,4,8,0.0034127373042589395,1
dolap_run,triad,l1_bw,4,8,0.003057465388215166,1
dolap_run,triad,ai,4,8,0.06247492360607929,1
dolap_run,triad,ai_err,4,8,-0.9372918270730115,1
dolap_run,triad,fp_arith_scalar_double_err,4,16,-0.018152918737646344,1
dolap_run,triad,instruction_retired_err,4,16,0.006896748191128847,1
dolap_run,triad,l1_bw,4,16,0.01197745820912059,1
dolap_run,triad,ai,4,16,0.060731650613092186,1
dolap_run,triad,ai_err,4,16,-0.938631284762626,1
dolap_run,triad,fp_arith_scalar_double_err,4,32,-0.026926596552516138,1
dolap_run,triad,instruction_retired_err,4,32,-0.04918553932714648,1
dolap_run,triad,l1_bw,4,32,-0.02563882916396619,1
dolap_run,triad,ai,4,32,0.06242459037158878,1
dolap_run,triad,ai_err,4,32,-0.9378986293574724,1
dolap_run,sum,fp_arith_scalar_double_err,4,1,-0.004630579397272243,1
dolap_run,sum,instruction_retired_err,4,1,-0.003002307541204423,1
dolap_run,sum,l1_bw,4,1,-0.0032589708385935274,1
dolap_run,sum,ai,4,1,0.12482775758679727,1
dolap_run,sum,ai_err,4,1,-0.8751334406933675,1
dolap_run,sum,fp_arith_scalar_double_err,4,2,-0.004274052500270386,1
dolap_run,sum,instruction_retired_err,4,2,-0.0006220412880002021,1
dolap_run,sum,l1_bw,4,2,-0.0016794334842251794,1
dolap_run,sum,ai,4,2,0.12467525810911163,1
dolap_run,sum,ai_err,4,2,-0.8751132745797938,1
dolap_run,sum,fp_arith_scalar_double_err,4,4,0.002042392294226413,1
dolap_run,sum,instruction_retired_err,4,4,0.003380137323494104,1
dolap_run,sum,l1_bw,4,4,0.0035855639899375884,1
dolap_run,sum,ai,4,4,0.12480818890892413,1
dolap_run,sum,ai_err,4,4,-0.8751780938097036,1
dolap_run,sum,fp_arith_scalar_double_err,4,8,0.0040741712151442485,1
dolap_run,sum,instruction_retired_err,4,8,0.005881658303272667,1
dolap_run,sum,l1_bw,4,8,0.006106587845188717,1
dolap_run,sum,ai,4,8,0.12474735986153461,1
dolap_run,sum,ai_err,4,8,-0.8754946331015948,1
dolap_run,sum,fp_arith_scalar_double_err,4,16,-0.022472586141666737,1
dolap_run,sum,instruction_retired_err,4,16,-0.07255404905799302,1
dolap_run,sum,l1_bw,4,16,-0.023633378212913444,1
dolap_run,sum,ai,4,16,0.12515392342054796,1
dolap_run,sum,ai_err,4,16,-0.8753164878728665,1
dolap_run,sum,fp_arith_scalar_double_err,4,32,-0.027025647230211905,1
dolap_run,sum,instruction_retired_err,4,32,-0.04358032272798006,1
dolap_run,sum,l1_bw,4,32,-0.017640511292756594,1
dolap_run,sum,ai,4,32,0.12381694846634712,1
dolap_run,sum,ai_err,4,32,-0.8764045568991197,1
dolap_run,stream,fp_arith_scalar_double_err,4,1,-0.006524994449922816,1
dolap_run,stream,instruction_retired_err,4,1,-0.0043775667675031976,1
dolap_run,stream,l1_bw,4,1,-0.004250366337451697,1
dolap_run,stream,ai,4,1,0.083141987713901,1
dolap_run,stream,ai_err,4,1,-0.9169605799731745,1
dolap_run,stream,fp_arith_scalar_double_err,4,2,-0.0009614197995351062,1
dolap_run,stream,instruction_retired_err,4,2,-8.283575320629038e-05,1
dolap_run,stream,l1_bw,4,2,0.0004721688102409436,1
dolap_run,stream,ai,4,2,0.08321399994651772,1
dolap_run,stream,ai_err,4,2,-0.9167739815704501,1
dolap_run,stream,fp_arith_scalar_double_err,4,4,0.001248664851617824,1
dolap_run,stream,instruction_retired_err,4,4,-4.131278736150914e-05,1
dolap_run,stream,l1_bw,4,4,0.0022819890825874537,1
dolap_run,stream,ai,4,4,0.08324774733457625,1
dolap_run,stream,ai_err,4,4,-0.9167111670913808,1
dolap_run,stream,fp_arith_scalar_double_err,4,8,0.0004673405523443851,1
dolap_run,stream,instruction_retired_err,4,8,0.0022120278030413063,1
dolap_run,stream,l1_bw,4,8,0.0017747912024755476,1
dolap_run,stream,ai,4,8,0.08322496059549067,1
dolap_run,stream,ai_err,4,8,-0.9167562999311527,1
dolap_run,stream,fp_arith_scalar_double_err,4,16,-0.01664360552284095,1
dolap_run,stream,instruction_retired_err,4,16,-0.05446309244344795,1
dolap_run,stream,l1_bw,4,16,-0.0005570385095989476,1
dolap_run,stream,ai,4,16,0.08208178838060666,1
dolap_run,stream,ai_err,4,16,-0.9164494201256149,1
dolap_run,stream,fp_arith_scalar_double_err,4,32,-0.029087418655237233,1
dolap_run,stream,instruction_retired_err,4,32,-0.06974814669755747,1
dolap_run,stream,l1_bw,4,32,-0.04129242903126505,1
dolap_run,stream,ai,4,32,0.08440555366692087,1
dolap_run,stream,ai_err,4,32,-0.9168655357732618,1
dolap_run,peakflops,fp_arith_scalar_double_err,4,1,-0.010912497240690515,1
dolap_run,peakflops,instruction_retired_err,4,1,-0.010635172794795924,1
dolap_run,peakflops,l1_bw,4,1,-0.0066757642144775605,1
dolap_run,peakflops,ai,4,1,1.9914714192208132,1
dolap_run,peakflops,ai_err,4,1,0.9910069920359659,1
dolap_run,peakflops,fp_arith_scalar_double_err,4,2,-0.003843875788301666,1
dolap_run,peakflops,instruction_retired_err,4,2,-0.004725070276111668,1
dolap_run,peakflops,l1_bw,4,2,0.00014797886786339212,1
dolap_run,peakflops,ai,4,2,1.9920186724135858,1
dolap_run,peakflops,ai_err,4,2,0.9916461192528967,1
dolap_run,peakflops,fp_arith_scalar_double_err,4,4,0.0037476482435502695,1
dolap_run,peakflops,instruction_retired_err,4,4,0.003412836605516677,1
dolap_run,peakflops,l1_bw,4,4,0.008101515819668304,1
dolap_run,peakflops,ai,4,4,1.9913636997737763,1
dolap_run,peakflops,ai_err,4,4,0.9922359546385289,1
dolap_run,peakflops,fp_arith_scalar_double_err,4,8,0.002831039659393544,1
dolap_run,peakflops,instruction_retired_err,4,8,0.0010273795433829104,1
dolap_run,peakflops,l1_bw,4,8,0.005841252618351719,1
dolap_run,peakflops,ai,4,8,1.9940477615061938,1
dolap_run,peakflops,ai_err,4,8,0.9934607675174307,1
dolap_run,peakflops,fp_arith_scalar_double_err,4,16,-0.021408519581231987,1
dolap_run,peakflops,instruction_retired_err,4,16,-0.07455511353460553,1
dolap_run,peakflops,l1_bw,4,16,-0.019278938177327336,1
dolap_run,peakflops,ai,4,16,1.9957695587669455,1
dolap_run,peakflops,ai_err,4,16,0.97332382881904,1
dolap_run,peakflops,fp_arith_scalar_double_err,4,32,-0.013750061503049946,1
dolap_run,peakflops,instruction_retired_err,4,32,-0.027774581496056414,1
dolap_run,peakflops,l1_bw,4,32,0.0003144674183345042,1
dolap_run,peakflops,ai,4,32,1.972133254230701,1
dolap_run,peakflops,ai_err,4,32,0.9535126253887434,1
dolap_run,ddot,fp_arith_scalar_double_err,4,1,-0.003148631908998892,1
dolap_run,ddot,instruction_retired_err,4,1,-0.002512642901101533,1
dolap_run,ddot,l1_bw,4,1,-0.0021357943086191557,1
dolap_run,ddot,ai,4,1,0.12487316240592607,1
dolap_run,ddot,ai_err,4,1,-0.8751015387994905,1
dolap_run,ddot,fp_arith_scalar_double_err,4,2,-0.0012439402881905914,1
dolap_run,ddot,instruction_retired_err,4,2,0.00011455275111044798,1
dolap_run,ddot,l1_bw,4,2,0.0001905557690660435,1
dolap_run,ddot,ai,4,2,0.12482103729069267,1
dolap_run,ddot,ai_err,4,2,-0.8752291443962816,1
dolap_run,ddot,fp_arith_scalar_double_err,4,4,-0.0020044851473806627,1
dolap_run,ddot,instruction_retired_err,4,4,0.002295521587648708,1
dolap_run,ddot,l1_bw,4,4,-0.00018513292261131448,1
dolap_run,ddot,ai,4,4,0.12477275857059349,1
dolap_run,ddot,ai_err,4,4,-0.8751231406481157,1
dolap_run,ddot,fp_arith_scalar_double_err,4,8,0.0014588611579162067,1
dolap_run,ddot,instruction_retired_err,4,8,-0.0001840362855222116,1
dolap_run,ddot,l1_bw,4,8,0.0036048131408389344,1
dolap_run,ddot,ai,4,8,0.1247329422785797,1
dolap_run,ddot,ai_err,4,8,-0.8750497994484807,1
dolap_run,ddot,fp_arith_scalar_double_err,4,16,-0.023335996375142425,1
dolap_run,ddot,instruction_retired_err,4,16,-0.05194056350512787,1
dolap_run,ddot,l1_bw,4,16,-0.01775091761346202,1
dolap_run,ddot,ai,4,16,0.12430439367230417,1
dolap_run,ddot,ai_err,4,16,-0.8747144765776488,1
dolap_run,ddot,fp_arith_scalar_double_err,4,32,-0.026280882977584775,1
dolap_run,ddot,instruction_retired_err,4,32,-0.04689135252831029,1
dolap_run,ddot,l1_bw,4,32,-0.011551824319409649,1
dolap_run,ddot,ai,4,32,0.12313893995900954,1
dolap_run,ddot,ai_err,4,32,-0.8771519593422761,1
dolap_run,daxpy,fp_arith_scalar_double_err,4,1,-0.0012363893397255702,1
dolap_run,daxpy,instruction_retired_err,4,1,-0.0016662028595058188,1
dolap_run,daxpy,l1_bw,4,1,-0.0007836529109849077,1
dolap_run,daxpy,ai,4,1,0.08329563950586512,1
dolap_run,daxpy,ai_err,4,1,-0.916685685393228,1
dolap_run,daxpy,fp_arith_scalar_double_err,4,2,0.003399171468968717,1
dolap_run,daxpy,instruction_retired_err,4,2,0.0018732761015736012,1
dolap_run,daxpy,l1_bw,4,2,0.0041747150821429295,1
dolap_run,daxpy,ai,4,2,0.08326937056344,1
dolap_run,daxpy,ai_err,4,2,-0.9167013321130553,1
dolap_run,daxpy,fp_arith_scalar_double_err,4,4,0.0010223110962318638,1
dolap_run,daxpy,instruction_retired_err,4,4,0.0028548966439553374,1
dolap_run,daxpy,l1_bw,4,4,0.00219798216742636,1
dolap_run,daxpy,ai,4,4,0.08323573281915345,1
dolap_run,daxpy,ai_err,4,4,-0.9166505013428713,1
dolap_run,daxpy,fp_arith_scalar_double_err,4,8,0.0028111813698349346,1
dolap_run,daxpy,instruction_retired_err,4,8,0.0027152569182331628,1
dolap_run,daxpy,l1_bw,4,8,0.0044745134774684895,1
dolap_run,daxpy,ai,4,8,0.0831955701653828,1
dolap_run,daxpy,ai_err,4,8,-0.9165093183699893,1
dolap_run,daxpy,fp_arith_scalar_double_err,4,16,-0.01906278008592298,1
dolap_run,daxpy,instruction_retired_err,4,16,-0.03626050812341052,1
dolap_run,daxpy,l1_bw,4,16,-0.006886506766887154,1
dolap_run,daxpy,ai,4,16,0.08236775838066353,1
dolap_run,daxpy,ai_err,4,16,-0.9186447590170235,1
dolap_run,daxpy,fp_arith_scalar_double_err,4,32,-0.02862482712234548,1
dolap_run,daxpy,instruction_retired_err,4,32,-0.057352209374019116,1
dolap_run,daxpy,l1_bw,4,32,-0.03628964537979818,1
dolap_run,daxpy,ai,4,32,0.0840232688593972,1
dolap_run,daxpy,ai_err,4,32,-0.9139424272012009,1
dolap_run,triad,fp_arith_scalar_double_err,8,1,-0.002624383131501942,1
dolap_run,triad,unhalted_reference_cycles_err,8,1,-0.012003176476423755,1
dolap_run,triad,instruction_retired_err,8,1,-0.0007978156149422988,1
dolap_run,triad,uops_retired_any_err,8,1,-0.0006813008234075162,1
dolap_run,triad,l1_bw,8,1,-0.001496455342615417,1
dolap_run,triad,ai,8,1,0.06242938949666001,1
dolap_run,triad,ai_err,8,1,-0.9375718182115292,1
dolap_run,triad,fp_arith_scalar_double_err,8,2,0.001122694886868574,1
dolap_run,triad,unhalted_reference_cycles_err,8,2,-0.012442926346106364,1
dolap_run,triad,instruction_retired_err,8,2,0.0029443918175265436,1
dolap_run,triad,uops_retired_any_err,8,2,0.003332266249701402,1
dolap_run,triad,l1_bw,8,2,0.002210993645945726,1
dolap_run,triad,ai,8,2,0.062432179125465295,1
dolap_run,triad,ai_err,8,2,-0.937551076270609,1
dolap_run,triad,fp_arith_scalar_double_err,8,4,-0.0013548438665427923,1
dolap_run,triad,unhalted_reference_cycles_err,8,4,-0.01223979768203154,1
dolap_run,triad,instruction_retired_err,8,4,0.00021212575587136517,1
dolap_run,triad,uops_retired_any_err,8,4,0.00045090174055628966,1
dolap_run,triad,l1_bw,8,4,-0.00037833257904623397,1
dolap_run,triad,ai,8,4,0.06243894761036453,1
dolap_run,triad,ai_err,8,4,-0.9375111068130106,1
dolap_run,triad,fp_arith_scalar_double_err,8,8,0.0010116394025126586,1
dolap_run,triad,unhalted_reference_cycles_err,8,8,-0.011784765793917936,1
dolap_run,triad,instruction_retired_err,8,8,0.0008654881229923806,1
dolap_run,triad,uops_retired_any_err,8,8,0.0013246338430098494,1
dolap_run,triad,l1_bw,8,8,0.001352294349279752,1
dolap_run,triad,ai,8,8,0.06247873899972222,1
dolap_run,triad,ai_err,8,8,-0.9375213083098674,1
dolap_run,triad,fp_arith_scalar_double_err,8,16,-0.02051005599295886,1
dolap_run,triad,unhalted_reference_cycles_err,8,16,-0.07548157704595565,1
dolap_run,triad,instruction_retired_err,8,16,-0.03813346897681612,1
dolap_run,triad,uops_retired_any_err,8,16,-0.1288587499288959,1
dolap_run,triad,l1_bw,8,16,-0.02615586145237105,1
dolap_run,triad,ai,8,16,0.06286270359041078,1
dolap_run,triad,ai_err,8,16,-0.937207902940638,1
dolap_run,triad,fp_arith_scalar_double_err,8,32,-0.023514288159072916,1
dolap_run,triad,unhalted_reference_cycles_err,8,32,-0.09645525350048594,1
dolap_run,triad,instruction_retired_err,8,32,-0.054642533659605086,1
dolap_run,triad,uops_retired_any_err,8,32,-0.1741924327309896,1
dolap_run,triad,l1_bw,8,32,-0.03506705447623281,1
dolap_run,triad,ai,8,32,0.06326272309867252,1
dolap_run,triad,ai_err,8,32,-0.9352656000929926,1
dolap_run,sum,fp_arith_scalar_double_err,8,1,0.0009719940130540872,1
dolap_run,sum,unhalted_reference_cycles_err,8,1,-0.012198011129006552,1
dolap_run,sum,instruction_retired_err,8,1,0.0013628423863547856,1
dolap_run,sum,uops_retired_any_err,8,1,0.0011184309431680626,1
dolap_run,sum,l1_bw,8,1,0.0016269794916972384,1
dolap_run,sum,ai,8,1,0.1249183469605227,1
dolap_run,sum,ai_err,8,1,-0.8751328440025317,1
dolap_run,sum,fp_arith_scalar_double_err,8,2,0.0020188252173663763,1
dolap_run,sum,unhalted_reference_cycles_err,8,2,-0.012715821242542712,1
dolap_run,sum,instruction_retired_err,8,2,0.002289877222150108,1
dolap_run,sum,uops_retired_any_err,8,2,0.00043427826937961493,1
dolap_run,sum,l1_bw,8,2,0.0027209714252934662,1
dolap_run,sum,ai,8,2,0.12491254419234538,1
dolap_run,sum,ai_err,8,2,-0.8751080360147422,1
dolap_run,sum,fp_arith_scalar_double_err,8,4,-0.0005151917595782115,1
dolap_run,sum,unhalted_reference_cycles_err,8,4,-0.012769877692978224,1
dolap_run,sum,instruction_retired_err,8,4,-0.00015281327499588068,1
dolap_run,sum,uops_retired_any_err,8,4,-0.0004669317212215698,1
dolap_run,sum,l1_bw,8,4,8.084357087832519e-05,1
dolap_run,sum,ai,8,4,0.12492547055356508,1
dolap_run,sum,ai_err,8,4,-0.8750478441711426,1
dolap_run,sum,fp_arith_scalar_double_err,8,8,0.0011581807590690624,1
dolap_run,sum,unhalted_reference_cycles_err,8,8,-0.011034742569618715,1
dolap_run,sum,instruction_retired_err,8,8,0.0015013639361784322,1
dolap_run,sum,uops_retired_any_err,8,8,0.0017034185067459806,1
dolap_run,sum,l1_bw,8,8,0.0018019045788214593,1
dolap_run,sum,ai,8,8,0.1249196365805962,1
dolap_run,sum,ai_err,8,8,-0.8751216925520344,1
dolap_run,sum,fp_arith_scalar_double_err,8,16,-0.020095908831236117,1
dolap_run,sum,unhalted_reference_cycles_err,8,16,-0.07984487303026548,1
dolap_run,sum,instruction_retired_err,8,16,-0.04353739794977634,1
dolap_run,sum,uops_retired_any_err,8,16,-0.13095234793602262,1
dolap_run,sum,l1_bw,8,16,-0.03259461238671855,1
dolap_run,sum,ai,8,16,0.1266205150494031,1
dolap_run,sum,ai_err,8,16,-0.8724796656867803,1
dolap_run,sum,fp_arith_scalar_double_err,8,32,-0.024454651623429517,1
dolap_run,sum,unhalted_reference_cycles_err,8,32,-0.09342163125736326,1
dolap_run,sum,instruction_retired_err,8,32,-0.041561970572262665,1
dolap_run,sum,uops_retired_any_err,8,32,-0.17185214381340222,1
dolap_run,sum,l1_bw,8,32,-0.022997808163180825,1
dolap_run,sum,ai,8,32,0.124821712983457,1
dolap_run,sum,ai_err,8,32,-0.8738461742188497,1
dolap_run,stream,fp_arith_scalar_double_err,8,1,-0.010628876508713657,1
dolap_run,stream,unhalted_reference_cycles_err,8,1,-0.020647978933514277,1
dolap_run,stream,instruction_retired_err,8,1,-0.010119434557693367,1
dolap_run,stream,uops_retired_any_err,8,1,-0.009605984111103043,1
dolap_run,stream,l1_bw,8,1,-0.009879964182598153,1
dolap_run,stream,ai,8,1,0.08327010450442378,1
dolap_run,stream,ai_err,8,1,-0.9167359083337396,1
dolap_run,stream,fp_arith_scalar_double_err,8,2,-0.0007119612117761271,1
dolap_run,stream,unhalted_reference_cycles_err,8,2,-0.013521459733359385,1
dolap_run,stream,instruction_retired_err,8,2,-0.0012948369689986304,1
dolap_run,stream,uops_retired_any_err,8,2,-0.0006901484182818765,1
dolap_run,stream,l1_bw,8,2,-0.0003788321566670384,1
dolap_run,stream,ai,8,2,0.08330554761110127,1
dolap_run,stream,ai_err,8,2,-0.9166854191142625,1
dolap_run,stream,fp_arith_scalar_double_err,8,4,-0.0019398717588952129,1
dolap_run,stream,unhalted_reference_cycles_err,8,4,-0.01297013568654947,1
dolap_run,stream,instruction_retired_err,8,4,-0.0021899731547289332,1
dolap_run,stream,uops_retired_any_err,8,4,-0.0016359599377009128,1
dolap_run,stream,l1_bw,8,4,-0.0016463422585777036,1
dolap_run,stream,ai,8,4,0.08330882587354432,1
dolap_run,stream,ai_err,8,4,-0.916694966788311,1
dolap_run,stream,fp_arith_scalar_double_err,8,8,0.002324114818276929,1
dolap_run,stream,unhalted_reference_cycles_err,8,8,-0.011669301612328894,1
dolap_run,stream,instruction_retired_err,8,8,0.0011534841622405734,1
dolap_run,stream,uops_retired_any_err,8,8,0.0014272689209791284,1
dolap_run,stream,l1_bw,8,8,0.0022571554724757355,1
dolap_run,stream,ai,8,8,0.0833389166581455,1
dolap_run,stream,ai_err,8,8,-0.916678527716642,1
dolap_run,stream,fp_arith_scalar_double_err,8,16,-0.022813340512673377,1
dolap_run,stream,unhalted_reference_cycles_err,8,16,-0.07813291782420037,1
dolap_run,stream,instruction_retired_err,8,16,-0.049348218688052774,1
dolap_run,stream,uops_retired_any_err,8,16,-0.13095497906170203,1
dolap_run,stream,l1_bw,8,16,-0.03678019656509473,1
dolap_run,stream,ai,8,16,0.08455196885176468,1
dolap_run,stream,ai_err,8,16,-0.914701849942883,1
dolap_run,stream,fp_arith_scalar_double_err,8,32,-0.021002668667783834,1
dolap_run,stream,unhalted_reference_cycles_err,8,32,-0.10034495813615157,1
dolap_run,stream,instruction_retired_err,8,32,-0.0511252746190236,1
dolap_run,stream,uops_retired_any_err,8,32,-0.17197158198721915,1
dolap_run,stream,l1_bw,8,32,-0.025576007126754004,1
dolap_run,stream,ai,8,32,0.08372961517717895,1
dolap_run,stream,ai_err,8,32,-0.9170286544832988,1
dolap_run,peakflops,fp_arith_scalar_double_err,8,1,-0.0034070359739396955,1
dolap_run,peakflops,unhalted_reference_cycles_err,8,1,-0.016386863703103348,1
dolap_run,peakflops,instruction_retired_err,8,1,-0.0050219091567590005,1
dolap_run,peakflops,uops_retired_any_err,8,1,-0.0046191606302931655,1
dolap_run,peakflops,l1_bw,8,1,0.00013770642537632387,1
dolap_run,peakflops,ai,8,1,1.9929106703563115,1
dolap_run,peakflops,ai_err,8,1,0.9929865178263328,1
dolap_run,peakflops,fp_arith_scalar_double_err,8,2,0.0012873478181684623,1
dolap_run,peakflops,unhalted_reference_cycles_err,8,2,-0.01160332776283041,1
dolap_run,peakflops,instruction_retired_err,8,2,-0.00011961150862527499,1
dolap_run,peakflops,uops_retired_any_err,8,2,0.00017477750487378062,1
dolap_run,peakflops,l1_bw,8,2,0.004873023879016604,1
dolap_run,peakflops,ai,8,2,1.9928642277227449,1
dolap_run,peakflops,ai_err,8,2,0.9929224393584863,1
dolap_run,peakflops,fp_arith_scalar_double_err,8,4,0.001877337101694691,1
dolap_run,peakflops,unhalted_reference_cycles_err,8,4,-0.010631802049359013,1
dolap_run,peakflops,instruction_retired_err,8,4,0.0005483228506219904,1
dolap_run,peakflops,uops_retired_any_err,8,4,0.0010607923529000805,1
dolap_run,peakflops,l1_bw,8,4,0.005433961904711381,1
dolap_run,peakflops,ai,8,4,1.992925018724495,1
dolap_run,peakflops,ai_err,8,4,0.993461683315289,1
dolap_run,peakflops,fp_arith_scalar_double_err,8,8,0.0016102842498721148,1
dolap_run,peakflops,unhalted_reference_cycles_err,8,8,-0.011669742310760173,1
dolap_run,peakflops,instruction_retired_err,8,8,-0.0004266208470987285,1
dolap_run,peakflops,uops_retired_any_err,8,8,4.280226037452784e-05,1
dolap_run,peakflops,l1_bw,8,8,0.0048703300815030525,1
dolap_run,peakflops,ai,8,8,1.9935111343226368,1
dolap_run,peakflops,ai_err,8,8,0.9939273376798874,1
dolap_run,peakflops,fp_arith_scalar_double_err,8,16,-0.01929054111236785,1
dolap_run,peakflops,unhalted_reference_cycles_err,8,16,-0.07981420517159976,1
dolap_run,peakflops,instruction_retired_err,8,16,-0.0428955400810389,1
dolap_run,peakflops,uops_retired_any_err,8,16,-0.13285911267552836,1
dolap_run,peakflops,l1_bw,8,16,-0.02388690991613103,1
dolap_run,peakflops,ai,8,16,2.009484181929214,1
dolap_run,peakflops,ai_err,8,16,1.0138064594197513,1
dolap_run,peakflops,fp_arith_scalar_double_err,8,32,-0.025232325789687426,1
dolap_run,peakflops,unhalted_reference_cycles_err,8,32,-0.10381475100351709,1
dolap_run,peakflops,instruction_retired_err,8,32,-0.05936679964994299,1
dolap_run,peakflops,uops_retired_any_err,8,32,-0.1878383468061847,1
dolap_run,peakflops,l1_bw,8,32,-0.022462870076862804,1
dolap_run,peakflops,ai,8,32,1.994589064079266,1
dolap_run,peakflops,ai_err,8,32,1.0045385520465206,1
dolap_run,ddot,fp_arith_scalar_double_err,8,1,-0.0037871620649052883,1
dolap_run,ddot,unhalted_reference_cycles_err,8,1,-0.013969481499977053,1
dolap_run,ddot,instruction_retired_err,8,1,-0.003951950298666028,1
dolap_run,ddot,uops_retired_any_err,8,1,-0.003387235611771157,1
dolap_run,ddot,l1_bw,8,1,-0.003090236866590246,1
dolap_run,ddot,ai,8,1,0.12491248205384561,1
dolap_run,ddot,ai_err,8,1,-0.8750652078845065,1
dolap_run,ddot,fp_arith_scalar_double_err,8,2,-0.007003447949314052,1
dolap_run,ddot,unhalted_reference_cycles_err,8,2,-0.015510191774827283,1
dolap_run,ddot,instruction_retired_err,8,2,-0.007209044327514737,1
dolap_run,ddot,uops_retired_any_err,8,2,-0.006224418012076955,1
dolap_run,ddot,l1_bw,8,2,-0.006246373949054402,1
dolap_run,ddot,ai,8,2,0.12490484111996734,1
dolap_run,ddot,ai_err,8,2,-0.8751158129355515,1
dolap_run,ddot,fp_arith_scalar_double_err,8,4,-0.0009417492566358474,1
dolap_run,ddot,unhalted_reference_cycles_err,8,4,-0.011285931403458167,1
dolap_run,ddot,instruction_retired_err,8,4,-0.0015082520159376694,1
dolap_run,ddot,uops_retired_any_err,8,4,-0.001025203537626105,1
dolap_run,ddot,l1_bw,8,4,-0.0004966978129234632,1
dolap_run,ddot,ai,8,4,0.12494431583345388,1
dolap_run,ddot,ai_err,8,4,-0.8750651862973904,1
dolap_run,ddot,fp_arith_scalar_double_err,8,8,0.00010569312213301927,1
dolap_run,ddot,unhalted_reference_cycles_err,8,8,-0.010783067979656415,1
dolap_run,ddot,instruction_retired_err,8,8,-0.00040851717674919477,1
dolap_run,ddot,uops_retired_any_err,8,8,0.0002661902818015459,1
dolap_run,ddot,l1_bw,8,8,0.0006287501369799067,1
dolap_run,ddot,ai,8,8,0.12493472772572851,1
dolap_run,ddot,ai_err,8,8,-0.8751176405857481,1
dolap_run,ddot,fp_arith_scalar_double_err,8,16,-0.022099316867925514,1
dolap_run,ddot,unhalted_reference_cycles_err,8,16,-0.07195511719046051,1
dolap_run,ddot,instruction_retired_err,8,16,-0.0419157247127186,1
dolap_run,ddot,uops_retired_any_err,8,16,-0.13392167015589312,1
dolap_run,ddot,l1_bw,8,16,-0.030277984944308292,1
dolap_run,ddot,ai,8,16,0.12605969524089952,1
dolap_run,ddot,ai_err,8,16,-0.872164620952335,1
dolap_run,ddot,fp_arith_scalar_double_err,8,32,-0.027928453436671413,1
dolap_run,ddot,unhalted_reference_cycles_err,8,32,-0.09261594743912702,1
dolap_run,ddot,instruction_retired_err,8,32,-0.04461550189819512,1
dolap_run,ddot,uops_retired_any_err,8,32,-0.17277359010929355,1
dolap_run,ddot,l1_bw,8,32,-0.023522468319407134,1
dolap_run,ddot,ai,8,32,0.12444834013166868,1
dolap_run,ddot,ai_err,8,32,-0.8750760933649046,1
dolap_run,daxpy,fp_arith_scalar_double_err,8,1,-0.0015675581897195698,1
dolap_run,daxpy,unhalted_reference_cycles_err,8,1,-0.013509996219079782,1
dolap_run,daxpy,instruction_retired_err,8,1,-0.0020823088348205787,1
dolap_run,daxpy,uops_retired_any_err,8,1,-0.0018804551603390663,1
dolap_run,daxpy,l1_bw,8,1,-0.00153998873886131,1
dolap_run,daxpy,ai,8,1,0.08333095370649439,1
dolap_run,daxpy,ai_err,8,1,-0.9166536882339791,1
dolap_run,daxpy,fp_arith_scalar_double_err,8,2,-0.0007037946522845752,1
dolap_run,daxpy,unhalted_reference_cycles_err,8,2,-0.012275528017461283,1
dolap_run,daxpy,instruction_retired_err,8,2,-0.0012969057385445269,1
dolap_run,daxpy,uops_retired_any_err,8,2,-0.0011339156134909394,1
dolap_run,daxpy,l1_bw,8,2,-0.0008015494288391723,1
dolap_run,daxpy,ai,8,2,0.08334149468658705,1
dolap_run,daxpy,ai_err,8,2,-0.9166538398875547,1
dolap_run,daxpy,fp_arith_scalar_double_err,8,4,0.001310391853038035,1
dolap_run,daxpy,unhalted_reference_cycles_err,8,4,-0.011776768276461881,1
dolap_run,daxpy,instruction_retired_err,8,4,0.0004032572944017292,1
dolap_run,daxpy,uops_retired_any_err,8,4,0.0009759568924563809,1
dolap_run,daxpy,l1_bw,8,4,0.0010134148889187474,1
dolap_run,daxpy,ai,8,4,0.08335810096935953,1
dolap_run,daxpy,ai_err,8,4,-0.9165779154939633,1
dolap_run,daxpy,fp_arith_scalar_double_err,8,8,0.0020663936961875648,1
dolap_run,daxpy,unhalted_reference_cycles_err,8,8,-0.011602170773516685,1
dolap_run,daxpy,instruction_retired_err,8,8,0.0008893908493233713,1
dolap_run,daxpy,uops_retired_any_err,8,8,0.0017397444995113328,1
dolap_run,daxpy,l1_bw,8,8,0.0016839232637225492,1
dolap_run,daxpy,ai,8,8,0.08336530700566598,1
dolap_run,daxpy,ai_err,8,8,-0.9166712924537934,1
dolap_run,daxpy,fp_arith_scalar_double_err,8,16,-0.02007168213507144,1
dolap_run,daxpy,unhalted_reference_cycles_err,8,16,-0.07899108465883897,1
dolap_run,daxpy,instruction_retired_err,8,16,-0.043051793368262044,1
dolap_run,daxpy,uops_retired_any_err,8,16,-0.1328284167651401,1
dolap_run,daxpy,l1_bw,8,16,-0.029666338660904634,1
dolap_run,daxpy,ai,8,16,0.08416310453769532,1
dolap_run,daxpy,ai_err,8,16,-0.9157794845054419,1
dolap_run,daxpy,fp_arith_scalar_double_err,8,32,-0.02679789266065764,1
dolap_run,daxpy,unhalted_reference_cycles_err,8,32,-0.10551978690626655,1
dolap_run,daxpy,instruction_retired_err,8,32,-0.06164025870622389,1
dolap_run,daxpy,uops_retired_any_err,8,32,-0.18923259264877554,1
dolap_run,daxpy,l1_bw,8,32,-0.043719971324953935,1
dolap_run,daxpy,ai,8,32,0.08482233052997008,1
dolap_run,daxpy,ai_err,8,32,-0.9159036246180616,1
dolap_run,triad,fp_arith_scalar_double_err,12,1,-0.0013556598635043287,1
dolap_run,triad,unhalted_reference_cycles_err,12,1,-0.012124663015301693,1
dolap_run,triad,instruction_retired_err,12,1,-0.0003912978215225834,1
dolap_run,triad,uops_retired_any_err,12,1,-0.0005564674185771429,1
dolap_run,triad,l1_bw,12,1,-0.0007581606422322383,1
dolap_run,triad,ai,12,1,0.0624626100566239,1
dolap_run,triad,ai_err,12,1,-0.9375245989894085,1
dolap_run,triad,fp_arith_scalar_double_err,12,2,-0.002790243036310667,1
dolap_run,triad,unhalted_reference_cycles_err,12,2,-0.014376137529477456,1
dolap_run,triad,instruction_retired_err,12,2,-0.0023824271846852297,1
dolap_run,triad,uops_retired_any_err,12,2,-0.002447175090617137,1
dolap_run,triad,l1_bw,12,2,-0.0023233084308730773,1
dolap_run,triad,ai,12,2,0.06247076263992977,1
dolap_run,triad,ai_err,12,2,-0.9375342080019219,1
dolap_run,triad,fp_arith_scalar_double_err,12,4,0.0026756344839467426,1
dolap_run,triad,unhalted_reference_cycles_err,12,4,-0.011659838006468443,1
dolap_run,triad,instruction_retired_err,12,4,0.004532695495492965,1
dolap_run,triad,uops_retired_any_err,12,4,0.0028288834164601423,1
dolap_run,triad,l1_bw,12,4,0.003319543711482048,1
dolap_run,triad,ai,12,4,0.062459901954757736,1
dolap_run,triad,ai_err,12,4,-0.9375212344343513,1
dolap_run,triad,fp_arith_scalar_double_err,12,8,0.0039102126963369375,1
dolap_run,triad,unhalted_reference_cycles_err,12,8,-0.015236192471521864,1
dolap_run,triad,instruction_retired_err,12,8,0.0027720748643641894,1
dolap_run,triad,uops_retired_any_err,12,8,-0.0008533206576209192,1
dolap_run,triad,l1_bw,12,8,0.004435013535100352,1
dolap_run,triad,ai,12,8,0.062467219464092796,1
dolap_run,triad,ai_err,12,8,-0.937497106153357,1
dolap_run,triad,fp_arith_scalar_double_err,12,16,-0.01900184722927932,1
dolap_run,triad,unhalted_reference_cycles_err,12,16,-0.08137909397090325,1
dolap_run,triad,instruction_retired_err,12,16,-0.042015487751396685,1
dolap_run,triad,uops_retired_any_err,12,16,-0.13586420470885074,1
dolap_run,triad,l1_bw,12,16,-0.030619830937560266,1
dolap_run,triad,ai,12,16,0.0632532334949549,1
dolap_run,triad,ai_err,12,16,-0.9365006216941997,1
dolap_run,triad,fp_arith_scalar_double_err,12,32,-0.024387554127907714,1
dolap_run,triad,unhalted_reference_cycles_err,12,32,-0.09098367397612035,1
dolap_run,triad,instruction_retired_err,12,32,-0.049014897621110956,1
dolap_run,triad,uops_retired_any_err,12,32,-0.1588443692556514,1
dolap_run,triad,l1_bw,12,32,-0.038922648179414016,1
dolap_run,triad,ai,12,32,0.06344771952214859,1
dolap_run,triad,ai_err,12,32,-0.9367314374844254,1
dolap_run,sum,fp_arith_scalar_double_err,12,1,-0.0035428907702133553,1
dolap_run,sum,unhalted_reference_cycles_err,12,1,-0.016386304748274867,1
dolap_run,sum,instruction_retired_err,12,1,-0.0030002821004577085,1
dolap_run,sum,uops_retired_any_err,12,1,-0.0031687158038333574,1
dolap_run,sum,l1_bw,12,1,-0.0028475657583547486,1
dolap_run,sum,ai,12,1,0.12491262843263572,1
dolap_run,sum,ai_err,12,1,-0.8750430257689524,1
dolap_run,sum,fp_arith_scalar_double_err,12,2,-0.0021537818145543845,1
dolap_run,sum,unhalted_reference_cycles_err,12,2,-0.014488310995337749,1
dolap_run,sum,instruction_retired_err,12,2,-0.0017389002363139361,1
dolap_run,sum,uops_retired_any_err,12,2,-0.0021475081735289245,1
dolap_run,sum,l1_bw,12,2,-0.0015416027685151766,1
dolap_run,sum,ai,12,2,0.12492329448227284,1
dolap_run,sum,ai_err,12,2,-0.8750766767037581,1
dolap_run,sum,fp_arith_scalar_double_err,12,4,0.0018216107637433504,1
dolap_run,sum,unhalted_reference_cycles_err,12,4,-0.010957006138561336,1
dolap_run,sum,instruction_retired_err,12,4,0.0024902367449640243,1
dolap_run,sum,uops_retired_any_err,12,4,0.002309342687170719,1
dolap_run,sum,l1_bw,12,4,0.0025943353983453217,1
dolap_run,sum,ai,12,4,0.12490368140564398,1
dolap_run,sum,ai_err,12,4,-0.8751146492423049,1
dolap_run,sum,fp_arith_scalar_double_err,12,8,0.0023369811069635905,1
dolap_run,sum,unhalted_reference_cycles_err,12,8,-0.011722790295058693,1
dolap_run,sum,instruction_retired_err,12,8,0.0020312929295361526,1
dolap_run,sum,uops_retired_any_err,12,8,0.0019821758513880092,1
dolap_run,sum,l1_bw,12,8,0.002306155185410204,1
dolap_run,sum,ai,12,8,0.1250040957193678,1
dolap_run,sum,ai_err,12,8,-0.8750338079248371,1
dolap_run,sum,fp_arith_scalar_double_err,12,16,-0.02125459780564881,1
dolap_run,sum,unhalted_reference_cycles_err,12,16,-0.07198404312236445,1
dolap_run,sum,instruction_retired_err,12,16,-0.040412530512269174,1
dolap_run,sum,uops_retired_any_err,12,16,-0.1254913975080635,1
dolap_run,sum,l1_bw,12,16,-0.02777589981460772,1
dolap_run,sum,ai,12,16,0.12584088857150988,1
dolap_run,sum,ai_err,12,16,-0.875003733499308,1
dolap_run,sum,fp_arith_scalar_double_err,12,32,-0.02345811006143896,1
dolap_run,sum,unhalted_reference_cycles_err,12,32,-0.10593227226423513,1
dolap_run,sum,instruction_retired_err,12,32,-0.053955329512078556,1
dolap_run,sum,uops_retired_any_err,12,32,-0.1726688718180076,1
dolap_run,sum,l1_bw,12,32,-0.03513342742131443,1
dolap_run,sum,ai,12,32,0.12651243959258784,1
dolap_run,sum,ai_err,12,32,-0.8736057924342251,1
dolap_run,stream,fp_arith_scalar_double_err,12,1,-0.004626038023622652,1
dolap_run,stream,unhalted_reference_cycles_err,12,1,-0.01782104555348742,1
dolap_run,stream,instruction_retired_err,12,1,-0.004086000470495323,1
dolap_run,stream,uops_retired_any_err,12,1,-0.0035255107678436558,1
dolap_run,stream,l1_bw,12,1,-0.003683840312628544,1
dolap_run,stream,ai,12,1,0.08325447224671449,1
dolap_run,stream,ai_err,12,1,-0.9167292712599194,1
dolap_run,stream,fp_arith_scalar_double_err,12,2,-0.0011901130662929542,1
dolap_run,stream,unhalted_reference_cycles_err,12,2,-0.013209132013107217,1
dolap_run,stream,instruction_retired_err,12,2,-0.002417090171573784,1
dolap_run,stream,uops_retired_any_err,12,2,-0.0022424899647910165,1
dolap_run,stream,l1_bw,12,2,-0.0009783801568285378,1
dolap_run,stream,ai,12,2,0.0833159233621917,1
dolap_run,stream,ai_err,12,2,-0.9166880625828432,1
dolap_run,stream,fp_arith_scalar_double_err,12,4,-0.0010111805460967962,1
dolap_run,stream,unhalted_reference_cycles_err,12,4,-0.012755944206797787,1
dolap_run,stream,instruction_retired_err,12,4,-0.0014301098612091404,1
dolap_run,stream,uops_retired_any_err,12,4,-0.0012894464526908736,1
dolap_run,stream,l1_bw,12,4,-0.0007915800575784368,1
dolap_run,stream,ai,12,4,0.08331514154416002,1
dolap_run,stream,ai_err,12,4,-0.9165927347423488,1
dolap_run,stream,fp_arith_scalar_double_err,12,8,0.001440630981685665,1
dolap_run,stream,unhalted_reference_cycles_err,12,8,-0.011074478215407257,1
dolap_run,stream,instruction_retired_err,12,8,0.0006823781356438951,1
dolap_run,stream,uops_retired_any_err,12,8,0.0014754203477786872,1
dolap_run,stream,l1_bw,12,8,0.0015636112344657106,1
dolap_run,stream,ai,12,8,0.08332311716542753,1
dolap_run,stream,ai_err,12,8,-0.9166228563046019,1
dolap_run,stream,fp_arith_scalar_double_err,12,16,-0.01947698551745279,1
dolap_run,stream,unhalted_reference_cycles_err,12,16,-0.08654329486588877,1
dolap_run,stream,instruction_retired_err,12,16,-0.05278370281945119,1
dolap_run,stream,uops_retired_any_err,12,16,-0.14174615496397056,1
dolap_run,stream,l1_bw,12,16,-0.03987272475506587,1
dolap_run,stream,ai,12,16,0.08511310888022096,1
dolap_run,stream,ai_err,12,16,-0.913108536907081,1
dolap_run,stream,fp_arith_scalar_double_err,12,32,-0.02547716055533645,1
dolap_run,stream,unhalted_reference_cycles_err,12,32,-0.11480120062436097,1
dolap_run,stream,instruction_retired_err,12,32,-0.0614150663346883,1
dolap_run,stream,uops_retired_any_err,12,32,-0.18244039615635732,1
dolap_run,stream,l1_bw,12,32,-0.04002515254839458,1
dolap_run,stream,ai,12,32,0.0846019675926439,1
dolap_run,stream,ai_err,12,32,-0.914186465352817,1
dolap_run,peakflops,fp_arith_scalar_double_err,12,1,-0.00034122180627691,1
dolap_run,peakflops,unhalted_reference_cycles_err,12,1,-0.01229173602359148,1
dolap_run,peakflops,instruction_retired_err,12,1,-0.0012995407610632555,1
dolap_run,peakflops,uops_retired_any_err,12,1,-0.0008291148789277742,1
dolap_run,peakflops,l1_bw,12,1,0.0032050111868254898,1
dolap_run,peakflops,ai,12,1,1.9929300149190892,1
dolap_run,peakflops,ai_err,12,1,0.9927863835255826,1
dolap_run,peakflops,fp_arith_scalar_double_err,12,2,-0.00393170240618402,1
dolap_run,peakflops,unhalted_reference_cycles_err,12,2,-0.015430347255530896,1
dolap_run,peakflops,instruction_retired_err,12,2,-0.00585610174861579,1
dolap_run,peakflops,uops_retired_any_err,12,2,-0.005286461501874691,1
dolap_run,peakflops,l1_bw,12,2,-0.0006281650948774768,1
dolap_run,peakflops,ai,12,2,1.9933891872083005,1
dolap_run,peakflops,ai_err,12,2,0.993134461107483,1
dolap_run,peakflops,fp_arith_scalar_double_err,12,4,-0.00030824547062165207,1
dolap_run,peakflops,unhalted_reference_cycles_err,12,4,-0.013313510441545452,1
dolap_run,peakflops,instruction_retired_err,12,4,-0.0018585528627949456,1
dolap_run,peakflops,uops_retired_any_err,12,4,-0.0014492719134218549,1
dolap_run,peakflops,l1_bw,12,4,0.003155415311932011,1
dolap_run,peakflops,ai,12,4,1.9930943538884163,1
dolap_run,peakflops,ai_err,12,4,0.9931147902126214,1
dolap_run,peakflops,fp_arith_scalar_double_err,12,8,0.0017658870330762586,1
dolap_run,peakflops,unhalted_reference_cycles_err,12,8,-0.011007991050475206,1
dolap_run,peakflops,instruction_retired_err,12,8,-0.00011043319221634942,1
dolap_run,peakflops,uops_retired_any_err,12,8,0.0006612493391582057,1
dolap_run,peakflops,l1_bw,12,8,0.004924720222272823,1
dolap_run,peakflops,ai,12,8,1.993715990450316,1
dolap_run,peakflops,ai_err,12,8,0.99252799891528,1
dolap_run,peakflops,fp_arith_scalar_double_err,12,16,-0.01983485805838395,1
dolap_run,peakflops,unhalted_reference_cycles_err,12,16,-0.08068781724730607,1
dolap_run,peakflops,instruction_retired_err,12,16,-0.04377556705123731,1
dolap_run,peakflops,uops_retired_any_err,12,16,-0.13441139602485547,1
dolap_run,peakflops,l1_bw,12,16,-0.03012627388482768,1
dolap_run,peakflops,ai,12,16,2.0212723709644926,1
dolap_run,peakflops,ai_err,12,16,1.0128192065105188,1
dolap_run,peakflops,fp_arith_scalar_double_err,12,32,-0.024910045450128267,1
dolap_run,peakflops,unhalted_reference_cycles_err,12,32,-0.10903794187178038,1
dolap_run,peakflops,instruction_retired_err,12,32,-0.06370501070811424,1
dolap_run,peakflops,uops_retired_any_err,12,32,-0.18678378556412045,1
dolap_run,peakflops,l1_bw,12,32,-0.03248745411988255,1
dolap_run,peakflops,ai,12,32,2.015755221948711,1
dolap_run,peakflops,ai_err,12,32,1.0294652257988397,1
dolap_run,ddot,fp_arith_scalar_double_err,12,1,-0.0019592411288339266,1
dolap_run,ddot,unhalted_reference_cycles_err,12,1,-0.013882423872090677,1
dolap_run,ddot,instruction_retired_err,12,1,-0.0021420501992327748,1
dolap_run,ddot,uops_retired_any_err,12,1,-0.0013489180012022566,1
dolap_run,ddot,l1_bw,12,1,-0.001403057917374214,1
dolap_run,ddot,ai,12,1,0.12493044402206337,1
dolap_run,ddot,ai_err,12,1,-0.8751210563504346,1
dolap_run,ddot,fp_arith_scalar_double_err,12,2,-7.442623486711748e-05,1
dolap_run,ddot,unhalted_reference_cycles_err,12,2,-0.01180374909925528,1
dolap_run,ddot,instruction_retired_err,12,2,-0.0006398846951291759,1
dolap_run,ddot,uops_retired_any_err,12,2,-0.00016170087729571874,1
dolap_run,ddot,l1_bw,12,2,0.0004943706348109716,1
dolap_run,ddot,ai,12,2,0.12492891198988085,1
dolap_run,ddot,ai_err,12,2,-0.8750797590164933,1
dolap_run,ddot,fp_arith_scalar_double_err,12,4,-0.00074893740912597,1
dolap_run,ddot,unhalted_reference_cycles_err,12,4,-0.012281782525952403,1
dolap_run,ddot,instruction_retired_err,12,4,-0.0007371844070403603,1
dolap_run,ddot,uops_retired_any_err,12,4,-0.00015973101368606566,1
dolap_run,ddot,l1_bw,12,4,1.3006113027427672e-05,1
dolap_run,ddot,ai,12,4,0.12490470741891378,1
dolap_run,ddot,ai_err,12,4,-0.8751679530083627,1
dolap_run,ddot,fp_arith_scalar_double_err,12,8,-0.001643279272979045,1
dolap_run,ddot,unhalted_reference_cycles_err,12,8,-0.011921804997622678,1
dolap_run,ddot,instruction_retired_err,12,8,-0.002323165550802904,1
dolap_run,ddot,uops_retired_any_err,12,8,-0.0012085228599677507,1
dolap_run,ddot,l1_bw,12,8,-0.001093791189012868,1
dolap_run,ddot,ai,12,8,0.12493127090622262,1
dolap_run,ddot,ai_err,12,8,-0.8750607914895812,1
dolap_run,ddot,fp_arith_scalar_double_err,12,16,-0.01983263988808573,1
dolap_run,ddot,unhalted_reference_cycles_err,12,16,-0.07453889751085536,1
dolap_run,ddot,instruction_retired_err,12,16,-0.03986197251891563,1
dolap_run,ddot,uops_retired_any_err,12,16,-0.13135991191252658,1
dolap_run,ddot,l1_bw,12,16,-0.025859772534589726,1
dolap_run,ddot,ai,12,16,0.12578017817388232,1
dolap_run,ddot,ai_err,12,16,-0.8731430172413333,1
dolap_run,ddot,fp_arith_scalar_double_err,12,32,-0.024949008506132225,1
dolap_run,ddot,unhalted_reference_cycles_err,12,32,-0.09148230162867199,1
dolap_run,ddot,instruction_retired_err,12,32,-0.050088623670594044,1
dolap_run,ddot,uops_retired_any_err,12,32,-0.1614730194852039,1
dolap_run,ddot,l1_bw,12,32,-0.031135799056709233,1
dolap_run,ddot,ai,12,32,0.1258189192433047,1
dolap_run,ddot,ai_err,12,32,-0.8751792763699,1
dolap_run,daxpy,fp_arith_scalar_double_err,12,1,-0.0014014225371770015,1
dolap_run,daxpy,unhalted_reference_cycles_err,12,1,-0.012421941922130052,1
dolap_run,daxpy,instruction_retired_err,12,1,-0.002030050882365539,1
dolap_run,daxpy,uops_retired_any_err,12,1,-0.0016802578452809857,1
dolap_run,daxpy,l1_bw,12,1,-0.0014750763967125414,1
dolap_run,daxpy,ai,12,1,0.08333940552693496,1
dolap_run,daxpy,ai_err,12,1,-0.916637274349345,1
dolap_run,daxpy,fp_arith_scalar_double_err,12,2,-0.0006790840470125919,1
dolap_run,daxpy,unhalted_reference_cycles_err,12,2,-0.013137346691119434,1
dolap_run,daxpy,instruction_retired_err,12,2,-0.0011916440992463299,1
dolap_run,daxpy,uops_retired_any_err,12,2,-0.0008407636904431923,1
dolap_run,daxpy,l1_bw,12,2,-0.0007921439703370343,1
dolap_run,daxpy,ai,12,2,0.08334280990866527,1
dolap_run,daxpy,ai_err,12,2,-0.9166527949522197,1
dolap_run,daxpy,fp_arith_scalar_double_err,12,4,0.0021775105705469093,1
dolap_run,daxpy,unhalted_reference_cycles_err,12,4,-0.010228515793936337,1
dolap_run,daxpy,instruction_retired_err,12,4,0.0015157817311143257,1
dolap_run,daxpy,uops_retired_any_err,12,4,0.0019443623220102785,1
dolap_run,daxpy,l1_bw,12,4,0.002082671461602926,1
dolap_run,daxpy,ai,12,4,0.0833412459190842,1
dolap_run,daxpy,ai_err,12,4,-0.916668571023653,1
dolap_run,daxpy,fp_arith_scalar_double_err,12,8,0.00023532593822578104,1
dolap_run,daxpy,unhalted_reference_cycles_err,12,8,-0.011953918726740042,1
dolap_run,daxpy,instruction_retired_err,12,8,-0.000788850354102035,1
dolap_run,daxpy,uops_retired_any_err,12,8,-0.00031178553073188246,1
dolap_run,daxpy,l1_bw,12,8,-0.0001704865037110506,1
dolap_run,daxpy,ai,12,8,0.08336722983597321,1
dolap_run,daxpy,ai_err,12,8,-0.9165932728910493,1
dolap_run,daxpy,fp_arith_scalar_double_err,12,16,-0.02094302501892159,1
dolap_run,daxpy,unhalted_reference_cycles_err,12,16,-0.07823259426348485,1
dolap_run,daxpy,instruction_retired_err,12,16,-0.04433415194195811,1
dolap_run,daxpy,uops_retired_any_err,12,16,-0.13251801635286362,1
dolap_run,daxpy,l1_bw,12,16,-0.03529426294318993,1
dolap_run,daxpy,ai,12,16,0.08457978514229093,1
dolap_run,daxpy,ai_err,12,16,-0.914791844876549,1
dolap_run,daxpy,fp_arith_scalar_double_err,12,32,-0.023496807051992096,1
dolap_run,daxpy,unhalted_reference_cycles_err,12,32,-0.09873530419982975,1
dolap_run,daxpy,instruction_retired_err,12,32,-0.05123391370333305,1
dolap_run,daxpy,uops_retired_any_err,12,32,-0.16518616771716985,1
dolap_run,daxpy,l1_bw,12,32,-0.033245572249538155,1
dolap_run,daxpy,ai,12,32,0.08418261674691314,1
dolap_run,daxpy,ai_err,12,32,-0.9168213380949657,1
dolap_run,triad,fp_arith_scalar_double_err,16,1,-0.0014756087080758523,1
dolap_run,triad,unhalted_reference_cycles_err,16,1,-0.012536004941314354,1
dolap_run,triad,instruction_retired_err,16,1,-0.000950761830763065,1
dolap_run,triad,uops_retired_any_err,16,1,-0.0010842332435574246,1
dolap_run,triad,l1_bw,16,1,-0.0008806978592011871,1
dolap_run,triad,ai,16,1,0.062462750077511314,1
dolap_run,triad,ai_err,16,1,-0.9375120532102542,1
dolap_run,triad,fp_arith_scalar_double_err,16,2,-0.0015374761545169807,1
dolap_run,triad,unhalted_reference_cycles_err,16,2,-0.015443526754157383,1
dolap_run,triad,instruction_retired_err,16,2,-0.000730264668031638,1
dolap_run,triad,uops_retired_any_err,16,2,-0.0006296343565308915,1
dolap_run,triad,l1_bw,16,2,-0.00082740620549813,1
dolap_run,triad,ai,16,2,0.06245562156465332,1
dolap_run,triad,ai_err,16,2,-0.9375541313156848,1
dolap_run,triad,fp_arith_scalar_double_err,16,4,0.0045955099575490125,1
dolap_run,triad,unhalted_reference_cycles_err,16,4,-0.01170369252439175,1
dolap_run,triad,instruction_retired_err,16,4,0.0050503557950974595,1
dolap_run,triad,uops_retired_any_err,16,4,0.00476023543168399,1
dolap_run,triad,l1_bw,16,4,0.004951096943298851,1
dolap_run,triad,ai,16,4,0.062477895398678165,1
dolap_run,triad,ai_err,16,4,-0.9375394586394992,1
dolap_run,triad,fp_arith_scalar_double_err,16,8,0.0018334214394000983,1
dolap_run,triad,unhalted_reference_cycles_err,16,8,-0.01058000244809888,1
dolap_run,triad,instruction_retired_err,16,8,0.002342163401928445,1
dolap_run,triad,uops_retired_any_err,16,8,0.002757736539917527,1
dolap_run,triad,l1_bw,16,8,0.0022410943985591175,1
dolap_run,triad,ai,16,8,0.06247453556073517,1
dolap_run,triad,ai_err,16,8,-0.9375245994099091,1
dolap_run,triad,fp_arith_scalar_double_err,16,16,-0.019894366136822404,1
dolap_run,triad,unhalted_reference_cycles_err,16,16,-0.08047036301640234,1
dolap_run,triad,instruction_retired_err,16,16,-0.04518555442225437,1
dolap_run,triad,uops_retired_any_err,16,16,-0.12866661481801953,1
dolap_run,triad,l1_bw,16,16,-0.028433873843046936,1
dolap_run,triad,ai,16,16,0.06305055569585777,1
dolap_run,triad,ai_err,16,16,-0.9368165916410718,1
dolap_run,triad,fp_arith_scalar_double_err,16,32,-0.021743131665386713,1
dolap_run,triad,unhalted_reference_cycles_err,16,32,-0.0643318406648356,1
dolap_run,triad,instruction_retired_err,16,32,-0.033541508868062675,1
dolap_run,triad,uops_retired_any_err,16,32,-0.11871395909943394,1
dolap_run,triad,l1_bw,16,32,-0.02621274190657259,1
dolap_run,triad,ai,16,32,0.06278846323278965,1
dolap_run,triad,ai_err,16,32,-0.937073328833631,1
dolap_run,sum,fp_arith_scalar_double_err,16,1,-0.0021360738938482468,1
dolap_run,sum,unhalted_reference_cycles_err,16,1,-0.015781670187480005,1
dolap_run,sum,instruction_retired_err,16,1,-0.001609066430309045,1
dolap_run,sum,uops_retired_any_err,16,1,-0.0017399207222524088,1
dolap_run,sum,l1_bw,16,1,-0.0013852519851622594,1
dolap_run,sum,ai,16,1,0.12490601259859804,1
dolap_run,sum,ai_err,16,1,-0.8750717816427425,1
dolap_run,sum,fp_arith_scalar_double_err,16,2,-0.0018200935414014996,1
dolap_run,sum,unhalted_reference_cycles_err,16,2,-0.014233351620201761,1
dolap_run,sum,instruction_retired_err,16,2,-0.0013538210619613552,1
dolap_run,sum,uops_retired_any_err,16,2,-0.0017265731341664147,1
dolap_run,sum,l1_bw,16,2,-0.0009453278470413301,1
dolap_run,sum,ai,16,2,0.12489046191630958,1
dolap_run,sum,ai_err,16,2,-0.8751647790688306,1
dolap_run,sum,fp_arith_scalar_double_err,16,4,-0.0001312660451069029,1
dolap_run,sum,unhalted_reference_cycles_err,16,4,-0.013195263774025735,1
dolap_run,sum,instruction_retired_err,16,4,0.000532264418195065,1
dolap_run,sum,uops_retired_any_err,16,4,0.0006918832385073901,1
dolap_run,sum,l1_bw,16,4,0.0005175956386962303,1
dolap_run,sum,ai,16,4,0.12491891544076575,1
dolap_run,sum,ai_err,16,4,-0.8750677560118107,1
dolap_run,sum,fp_arith_scalar_double_err,16,8,0.0014785376631172263,1
dolap_run,sum,unhalted_reference_cycles_err,16,8,-0.01125445079737461,1
dolap_run,sum,instruction_retired_err,16,8,0.0020339494718349914,1
dolap_run,sum,uops_retired_any_err,16,8,0.001977637565205696,1
dolap_run,sum,l1_bw,16,8,0.0023531938869190572,1
dolap_run,sum,ai,16,8,0.1248910923233983,1
dolap_run,sum,ai_err,16,8,-0.8752635841458528,1
dolap_run,sum,fp_arith_scalar_double_err,16,16,-0.02322202607166654,1
dolap_run,sum,unhalted_reference_cycles_err,16,16,-0.07431822189259606,1
dolap_run,sum,instruction_retired_err,16,16,-0.045102663201046944,1
dolap_run,sum,uops_retired_any_err,16,16,-0.13537516788077955,1
dolap_run,sum,l1_bw,16,16,-0.030721303017314894,1
dolap_run,sum,ai,16,16,0.1259684585214261,1
dolap_run,sum,ai_err,16,16,-0.8739151201215363,1
dolap_run,sum,fp_arith_scalar_double_err,16,32,-0.024019036744395515,1
dolap_run,sum,unhalted_reference_cycles_err,16,32,-0.09631988965287712,1
dolap_run,sum,instruction_retired_err,16,32,-0.05035892392871651,1
dolap_run,sum,uops_retired_any_err,16,32,-0.16010751917137186,1
dolap_run,sum,l1_bw,16,32,-0.03244021547729803,1
dolap_run,sum,ai,16,32,0.1260963423241375,1
dolap_run,sum,ai_err,16,32,-0.8740076907759173,1
dolap_run,stream,fp_arith_scalar_double_err,16,1,-0.005963179383207419,1
dolap_run,stream,unhalted_reference_cycles_err,16,1,-0.017205653249180986,1
dolap_run,stream,instruction_retired_err,16,1,-0.006793841550795679,1
dolap_run,stream,uops_retired_any_err,16,1,-0.006653388655887962,1
dolap_run,stream,l1_bw,16,1,-0.0055449189528666626,1
dolap_run,stream,ai,16,1,0.08329857487284717,1
dolap_run,stream,ai_err,16,1,-0.9167144527488781,1
dolap_run,stream,fp_arith_scalar_double_err,16,2,-0.003127858035341249,1
dolap_run,stream,unhalted_reference_cycles_err,16,2,-0.015533816464252835,1
dolap_run,stream,instruction_retired_err,16,2,-0.003676202671015813,1
dolap_run,stream,uops_retired_any_err,16,2,-0.0027063398573304396,1
dolap_run,stream,l1_bw,16,2,-0.002734862290274307,1
dolap_run,stream,ai,16,2,0.08330042112249984,1
dolap_run,stream,ai_err,16,2,-0.9167011770734131,1
dolap_run,stream,fp_arith_scalar_double_err,16,4,-0.0034685085029479267,1
dolap_run,stream,unhalted_reference_cycles_err,16,4,-0.014103149720644904,1
dolap_run,stream,instruction_retired_err,16,4,-0.004258740117236723,1
dolap_run,stream,uops_retired_any_err,16,4,-0.0042082953908589935,1
dolap_run,stream,l1_bw,16,4,-0.0033002258467076124,1
dolap_run,stream,ai,16,4,0.08331926887855398,1
dolap_run,stream,ai_err,16,4,-0.9166722434548893,1
dolap_run,stream,fp_arith_scalar_double_err,16,8,0.0023247451945097738,1
dolap_run,stream,unhalted_reference_cycles_err,16,8,-0.01179429788863498,1
dolap_run,stream,instruction_retired_err,16,8,0.002268161125781025,1
dolap_run,stream,uops_retired_any_err,16,8,0.0035776988056457145,1
dolap_run,stream,l1_bw,16,8,0.0027623951053260057,1
dolap_run,stream,ai,16,8,0.0832970159487806,1
dolap_run,stream,ai_err,16,8,-0.9167432570270126,1
dolap_run,stream,fp_arith_scalar_double_err,16,16,-0.021260612592090552,1
dolap_run,stream,unhalted_reference_cycles_err,16,16,-0.07693471665878297,1
dolap_run,stream,instruction_retired_err,16,16,-0.04257847162828632,1
dolap_run,stream,uops_retired_any_err,16,16,-0.13393560689915818,1
dolap_run,stream,l1_bw,16,16,-0.03613738392012382,1
dolap_run,stream,ai,16,16,0.08462425517688096,1
dolap_run,stream,ai_err,16,16,-0.9163443554711246,1
dolap_run,stream,fp_arith_scalar_double_err,16,32,-0.02432158922575858,1
dolap_run,stream,unhalted_reference_cycles_err,16,32,-0.10768929306598685,1
dolap_run,stream,instruction_retired_err,16,32,-0.0609826590373172,1
dolap_run,stream,uops_retired_any_err,16,32,-0.1697403608504789,1
dolap_run,stream,l1_bw,16,32,-0.044492184024649994,1
dolap_run,stream,ai,16,32,0.08509792936766361,1
dolap_run,stream,ai_err,16,32,-0.9140021836588587,1
dolap_run,peakflops,fp_arith_scalar_double_err,16,1,-0.0005555990771859942,1
dolap_run,peakflops,unhalted_reference_cycles_err,16,1,-0.012980847214943948,1
dolap_run,peakflops,instruction_retired_err,16,1,-0.0022000025272993907,1
dolap_run,peakflops,uops_retired_any_err,16,1,-0.0014684644763288577,1
dolap_run,peakflops,l1_bw,16,1,0.0026887651943242816,1
dolap_run,peakflops,ai,16,1,1.9935275799536278,1
dolap_run,peakflops,ai_err,16,1,0.9934342961337512,1
dolap_run,peakflops,fp_arith_scalar_double_err,16,2,-0.0014433519096309028,1
dolap_run,peakflops,unhalted_reference_cycles_err,16,2,-0.01395879607577328,1
dolap_run,peakflops,instruction_retired_err,16,2,-0.0027098890803507704,1
dolap_run,peakflops,uops_retired_any_err,16,2,-0.001988044268622455,1
dolap_run,peakflops,l1_bw,16,2,0.0017218746358839564,1
dolap_run,peakflops,ai,16,2,1.9936844578662505,1
dolap_run,peakflops,ai_err,16,2,0.996129136467272,1
dolap_run,peakflops,fp_arith_scalar_double_err,16,4,-0.0002636500141065335,1
dolap_run,peakflops,unhalted_reference_cycles_err,16,4,-0.012748745616138412,1
dolap_run,peakflops,instruction_retired_err,16,4,-0.0016982108897797522,1
dolap_run,peakflops,uops_retired_any_err,16,4,-0.000862503535535015,1
dolap_run,peakflops,l1_bw,16,4,0.003194625619191036,1
dolap_run,peakflops,ai,16,4,1.9931047945669047,1
dolap_run,peakflops,ai_err,16,4,0.9929410132141399,1
dolap_run,peakflops,fp_arith_scalar_double_err,16,8,0.0010758830161107472,1
dolap_run,peakflops,unhalted_reference_cycles_err,16,8,-0.011812454305455626,1
dolap_run,peakflops,instruction_retired_err,16,8,-0.0008584508842684906,1
dolap_run,peakflops,uops_retired_any_err,16,8,-0.0007412909877447805,1
dolap_run,peakflops,l1_bw,16,8,0.00653340727574969,1
dolap_run,peakflops,ai,16,8,1.9892114410595736,1
dolap_run,peakflops,ai_err,16,8,0.9938500705611233,1
dolap_run,peakflops,fp_arith_scalar_double_err,16,16,-0.02077964749252121,1
dolap_run,peakflops,unhalted_reference_cycles_err,16,16,-0.07198622575485536,1
dolap_run,peakflops,instruction_retired_err,16,16,-0.03921853695946107,1
dolap_run,peakflops,uops_retired_any_err,16,16,-0.12161950474181457,1
dolap_run,peakflops,l1_bw,16,16,-0.027144100725102965,1
dolap_run,peakflops,ai,16,16,2.0140016604536934,1
dolap_run,peakflops,ai_err,16,16,0.9931596781672007,1
dolap_run,peakflops,fp_arith_scalar_double_err,16,32,-0.02396068188943452,1
dolap_run,peakflops,unhalted_reference_cycles_err,16,32,-0.1036916787980573,1
dolap_run,peakflops,instruction_retired_err,16,32,-0.06177226232246905,1
dolap_run,peakflops,uops_retired_any_err,16,32,-0.17288934353501792,1
dolap_run,peakflops,l1_bw,16,32,-0.03296433240066492,1
dolap_run,peakflops,ai,16,32,2.0187888395130598,1
dolap_run,peakflops,ai_err,16,32,0.9969752480477863,1
dolap_run,ddot,fp_arith_scalar_double_err,16,1,-0.0014688929280133474,1
dolap_run,ddot,unhalted_reference_cycles_err,16,1,-0.013835906268750146,1
dolap_run,ddot,instruction_retired_err,16,1,-0.0015393824134229545,1
dolap_run,ddot,uops_retired_any_err,16,1,-0.0010623125283099452,1
dolap_run,ddot,l1_bw,16,1,-0.0008234041603153529,1
dolap_run,ddot,ai,16,1,0.12491909695971956,1
dolap_run,ddot,ai_err,16,1,-0.8750402961313243,1
dolap_run,ddot,fp_arith_scalar_double_err,16,2,-0.0017901983910241274,1
dolap_run,ddot,unhalted_reference_cycles_err,16,2,-0.01134788327121822,1
dolap_run,ddot,instruction_retired_err,16,2,-0.0016074468026200616,1
dolap_run,ddot,uops_retired_any_err,16,2,-0.0008558541560846518,1
dolap_run,ddot,l1_bw,16,2,-0.0011715175011558353,1
dolap_run,ddot,ai,16,2,0.12492251836059032,1
dolap_run,ddot,ai_err,16,2,-0.8750175818027424,1
dolap_run,ddot,fp_arith_scalar_double_err,16,4,-0.0010637935053649421,1
dolap_run,ddot,unhalted_reference_cycles_err,16,4,-0.01246797867088968,1
dolap_run,ddot,instruction_retired_err,16,4,-0.0012930873481834864,1
dolap_run,ddot,uops_retired_any_err,16,4,-0.00032018597680669663,1
dolap_run,ddot,l1_bw,16,4,-0.0005729449216000718,1
dolap_run,ddot,ai,16,4,0.12493880495913476,1
dolap_run,ddot,ai_err,16,4,-0.8750955396452076,1
dolap_run,ddot,fp_arith_scalar_double_err,16,8,0.0008556597636637942,1
dolap_run,ddot,unhalted_reference_cycles_err,16,8,-0.010636036221825377,1
dolap_run,ddot,instruction_retired_err,16,8,0.0009226143464815324,1
dolap_run,ddot,uops_retired_any_err,16,8,0.0021485371408136206,1
dolap_run,ddot,l1_bw,16,8,0.0014424654910557965,1
dolap_run,ddot,ai,16,8,0.12492680152239416,1
dolap_run,ddot,ai_err,16,8,-0.875019179956866,1
dolap_run,ddot,fp_arith_scalar_double_err,16,16,-0.02195636952687839,1
dolap_run,ddot,unhalted_reference_cycles_err,16,16,-0.07415507482280229,1
dolap_run,ddot,instruction_retired_err,16,16,-0.042368458857404215,1
dolap_run,ddot,uops_retired_any_err,16,16,-0.13583749831007577,1
dolap_run,ddot,l1_bw,16,16,-0.030318224505108023,1
dolap_run,ddot,ai,16,16,0.12608380516087658,1
dolap_run,ddot,ai_err,16,16,-0.8745101908929158,1
dolap_run,ddot,fp_arith_scalar_double_err,16,32,-0.02334383106783458,1
dolap_run,ddot,unhalted_reference_cycles_err,16,32,-0.08109956306912758,1
dolap_run,ddot,instruction_retired_err,16,32,-0.03685275068067789,1
dolap_run,ddot,uops_retired_any_err,16,32,-0.15197860839150762,1
dolap_run,ddot,l1_bw,16,32,-0.020674105993778977,1
dolap_run,ddot,ai,16,32,0.1246975159521714,1
dolap_run,ddot,ai_err,16,32,-0.8760018968729439,1
dolap_run,daxpy,fp_arith_scalar_double_err,16,1,-0.0003597801490329454,1
dolap_run,daxpy,unhalted_reference_cycles_err,16,1,-0.013009192507567411,1
dolap_run,daxpy,instruction_retired_err,16,1,-0.0008947790382592755,1
dolap_run,daxpy,uops_retired_any_err,16,1,-0.0006118912938816593,1
dolap_run,daxpy,l1_bw,16,1,-0.00038131811913855905,1
dolap_run,daxpy,ai,16,1,0.083335114013048,1
dolap_run,daxpy,ai_err,16,1,-0.9166695857321498,1
dolap_run,daxpy,fp_arith_scalar_double_err,16,2,0.0005892371753253066,1
dolap_run,daxpy,unhalted_reference_cycles_err,16,2,-0.011087557227147592,1
dolap_run,daxpy,instruction_retired_err,16,2,0.0003332829282839489,1
dolap_run,daxpy,uops_retired_any_err,16,2,0.0009445507772401594,1
dolap_run,daxpy,l1_bw,16,2,0.0008677462796247583,1
dolap_run,daxpy,ai,16,2,0.08331021272155585,1
dolap_run,daxpy,ai_err,16,2,-0.9166674894206597,1
dolap_run,daxpy,fp_arith_scalar_double_err,16,4,-0.002617326283895098,1
dolap_run,daxpy,unhalted_reference_cycles_err,16,4,-0.013540647550551378,1
dolap_run,daxpy,instruction_retired_err,16,4,-0.0037186224290421885,1
dolap_run,daxpy,uops_retired_any_err,16,4,-0.0032558110559241654,1
dolap_run,daxpy,l1_bw,16,4,-0.002850106037792288,1
dolap_run,daxpy,ai,16,4,0.08335281973034953,1
dolap_run,daxpy,ai_err,16,4,-0.9166845491552024,1
dolap_run,daxpy,fp_arith_scalar_double_err,16,8,0.0014855660926190218,1
dolap_run,daxpy,unhalted_reference_cycles_err,16,8,-0.01105715714770517,1
dolap_run,daxpy,instruction_retired_err,16,8,0.0008217623256140452,1
dolap_run,daxpy,uops_retired_any_err,16,8,0.001892175626328337,1
dolap_run,daxpy,l1_bw,16,8,0.0013982685195346076,1
dolap_run,daxpy,ai,16,8,0.083340590575678,1
dolap_run,daxpy,ai_err,16,8,-0.9166277540093598,1
dolap_run,daxpy,fp_arith_scalar_double_err,16,16,-0.022179227015945307,1
dolap_run,daxpy,unhalted_reference_cycles_err,16,16,-0.06642797822590811,1
dolap_run,daxpy,instruction_retired_err,16,16,-0.036323264771579246,1
dolap_run,daxpy,uops_retired_any_err,16,16,-0.12222394859984777,1
dolap_run,daxpy,l1_bw,16,16,-0.03163432835401548,1
dolap_run,daxpy,ai,16,16,0.08415256085436448,1
dolap_run,daxpy,ai_err,16,16,-0.9160541220943365,1
dolap_run,daxpy,fp_arith_scalar_double_err,16,32,-0.0252305893881861,1
dolap_run,daxpy,unhalted_reference_cycles_err,16,32,-0.0988326192029536,1
dolap_run,daxpy,instruction_retired_err,16,32,-0.05435356249768871,1
dolap_run,daxpy,uops_retired_any_err,16,32,-0.16655209448287459,1
dolap_run,daxpy,l1_bw,16,32,-0.035354695999049765,1
dolap_run,daxpy,ai,16,32,0.08422485357042195,1
dolap_run,daxpy,ai_err,16,32,-0.917607908418311,1
dolap_run,triad,fp_arith_scalar_double_err,20,1,-0.00595020952820384,1
dolap_run,triad,unhalted_reference_cycles_err,20,1,-0.01677072236825436,1
dolap_run,triad,instruction_retired_err,20,1,-0.005213452278423299,1
dolap_run,triad,uops_retired_any_err,20,1,-0.005370818886375314,1
dolap_run,triad,l1_bw,20,1,-0.005263045454622034,1
dolap_run,triad,ai,20,1,0.06245681169537386,1
dolap_run,triad,ai_err,20,1,-0.9375353362180021,1
dolap_run,triad,fp_arith_scalar_double_err,20,2,-0.004580518810471712,1
dolap_run,triad,unhalted_reference_cycles_err,20,2,-0.014720986029649774,1
dolap_run,triad,instruction_retired_err,20,2,-0.0038715195149755825,1
dolap_run,triad,uops_retired_any_err,20,2,-0.003665620601555076,1
dolap_run,triad,l1_bw,20,2,-0.004149494804466466,1
dolap_run,triad,ai,20,2,0.06247294257547459,1
dolap_run,triad,ai_err,20,2,-0.9375213453647679,1
dolap_run,triad,fp_arith_scalar_double_err,20,4,-0.0001203670091844685,1
dolap_run,triad,unhalted_reference_cycles_err,20,4,-0.01182824775371457,1
dolap_run,triad,instruction_retired_err,20,4,0.000420068179164501,1
dolap_run,triad,uops_retired_any_err,20,4,0.0007259523011017607,1
dolap_run,triad,l1_bw,20,4,0.0003613258034401218,1
dolap_run,triad,ai,20,4,0.06246989221347072,1
dolap_run,triad,ai_err,20,4,-0.9375242215529626,1
dolap_run,triad,fp_arith_scalar_double_err,20,8,0.006219719572900098,1
dolap_run,triad,unhalted_reference_cycles_err,20,8,-0.011253033330426104,1
dolap_run,triad,instruction_retired_err,20,8,0.006762806115200011,1
dolap_run,triad,uops_retired_any_err,20,8,0.006890434203265727,1
dolap_run,triad,l1_bw,20,8,0.006916272795530693,1
dolap_run,triad,ai,20,8,0.06245678044860083,1
dolap_run,triad,ai_err,20,8,-0.9374932393637938,1
dolap_run,triad,fp_arith_scalar_double_err,20,16,-0.02052375130378487,1
dolap_run,triad,unhalted_reference_cycles_err,20,16,-0.07941952656514514,1
dolap_run,triad,instruction_retired_err,20,16,-0.04063051966383024,1
dolap_run,triad,uops_retired_any_err,20,16,-0.13042902453332664,1
dolap_run,triad,l1_bw,20,16,-0.033101985437609845,1
dolap_run,triad,ai,20,16,0.0633147859989311,1
dolap_run,triad,ai_err,20,16,-0.9369280021137232,1
dolap_run,triad,fp_arith_scalar_double_err,20,32,-0.025889711730709995,1
dolap_run,triad,unhalted_reference_cycles_err,20,32,-0.10095319269625222,1
dolap_run,triad,instruction_retired_err,20,32,-0.06083026960996324,1
dolap_run,triad,uops_retired_any_err,20,32,-0.1650400723625111,1
dolap_run,triad,l1_bw,20,32,-0.04515644759321501,1
dolap_run,triad,ai,20,32,0.06376444348239016,1
dolap_run,triad,ai_err,20,32,-0.9364783030843253,1
dolap_run,sum,fp_arith_scalar_double_err,20,1,-0.0013376777021139542,1
dolap_run,sum,unhalted_reference_cycles_err,20,1,-0.012861344843997018,1
dolap_run,sum,instruction_retired_err,20,1,-0.0008163613079833378,1
dolap_run,sum,uops_retired_any_err,20,1,-0.0008633766081064972,1
dolap_run,sum,l1_bw,20,1,-0.0006977154983098067,1
dolap_run,sum,ai,20,1,0.12492004798306171,1
dolap_run,sum,ai_err,20,1,-0.8750693129160338,1
dolap_run,sum,fp_arith_scalar_double_err,20,2,-0.0013860249363686964,1
dolap_run,sum,unhalted_reference_cycles_err,20,2,-0.013379262787052943,1
dolap_run,sum,instruction_retired_err,20,2,-0.0011776459500974818,1
dolap_run,sum,uops_retired_any_err,20,2,-0.0012309929017380132,1
dolap_run,sum,l1_bw,20,2,-0.0006546570985568888,1
dolap_run,sum,ai,20,2,0.12490856256562186,1
dolap_run,sum,ai_err,20,2,-0.8751162404135939,1
dolap_run,sum,fp_arith_scalar_double_err,20,4,-0.0005945977678296851,1
dolap_run,sum,unhalted_reference_cycles_err,20,4,-0.012379657985093344,1
dolap_run,sum,instruction_retired_err,20,4,-0.00022596684469917364,1
dolap_run,sum,uops_retired_any_err,20,4,4.875912693210084e-06,1
dolap_run,sum,l1_bw,20,4,-3.589065593886569e-05,1
dolap_run,sum,ai,20,4,0.12493016438909083,1
dolap_run,sum,ai_err,20,4,-0.8750825424804135,1
dolap_run,sum,fp_arith_scalar_double_err,20,8,0.001283559833156149,1
dolap_run,sum,unhalted_reference_cycles_err,20,8,-0.010741407809534097,1
dolap_run,sum,instruction_retired_err,20,8,0.001591301957145466,1
dolap_run,sum,uops_retired_any_err,20,8,0.0020020133563226216,1
dolap_run,sum,l1_bw,20,8,0.001771428845309564,1
dolap_run,sum,ai,20,8,0.12493923742427963,1
dolap_run,sum,ai_err,20,8,-0.875045246082689,1
dolap_run,sum,fp_arith_scalar_double_err,20,16,-0.020188813465864056,1
dolap_run,sum,unhalted_reference_cycles_err,20,16,-0.07498021182765074,1
dolap_run,sum,instruction_retired_err,20,16,-0.04234937323479421,1
dolap_run,sum,uops_retired_any_err,20,16,-0.1329087400584778,1
dolap_run,sum,l1_bw,20,16,-0.02703432030501178,1
dolap_run,sum,ai,20,16,0.12588728691859594,1
dolap_run,sum,ai_err,20,16,-0.8732437265637351,1
dolap_run,sum,fp_arith_scalar_double_err,20,32,-0.0237329438791819,1
dolap_run,sum,unhalted_reference_cycles_err,20,32,-0.08279712626427006,1
dolap_run,sum,instruction_retired_err,20,32,-0.04706940646335132,1
dolap_run,sum,uops_retired_any_err,20,32,-0.1470810287446033,1
dolap_run,sum,l1_bw,20,32,-0.025926008946993692,1
dolap_run,sum,ai,20,32,0.12529088553042078,1
dolap_run,sum,ai_err,20,32,-0.8736010140628554,1
dolap_run,stream,fp_arith_scalar_double_err,20,1,-0.002068941664289327,1
dolap_run,stream,unhalted_reference_cycles_err,20,1,-0.014094586391808703,1
dolap_run,stream,instruction_retired_err,20,1,-0.0019113946570661932,1
dolap_run,stream,uops_retired_any_err,20,1,-0.0017137292879398519,1
dolap_run,stream,l1_bw,20,1,-0.0016860376916136288,1
dolap_run,stream,ai,20,1,0.08330140877860158,1
dolap_run,stream,ai_err,20,1,-0.9167064454431108,1
dolap_run,stream,fp_arith_scalar_double_err,20,2,-0.0015493677493420707,1
dolap_run,stream,unhalted_reference_cycles_err,20,2,-0.013210724991851008,1
dolap_run,stream,instruction_retired_err,20,2,-0.0022359753975329287,1
dolap_run,stream,uops_retired_any_err,20,2,-0.0012658264339787588,1
dolap_run,stream,l1_bw,20,2,-0.001496240937648253,1
dolap_run,stream,ai,20,2,0.08332929262288145,1
dolap_run,stream,ai_err,20,2,-0.9166771461272922,1
dolap_run,stream,fp_arith_scalar_double_err,20,4,-0.0022018739084680465,1
dolap_run,stream,unhalted_reference_cycles_err,20,4,-0.013132321784824343,1
dolap_run,stream,instruction_retired_err,20,4,-0.0028443732355413693,1
dolap_run,stream,uops_retired_any_err,20,4,-0.0021992633956881076,1
dolap_run,stream,l1_bw,20,4,-0.0020893487070174853,1
dolap_run,stream,ai,20,4,0.0833240127772609,1
dolap_run,stream,ai_err,20,4,-0.9166859744416849,1
dolap_run,stream,fp_arith_scalar_double_err,20,8,0.001786658190234549,1
dolap_run,stream,unhalted_reference_cycles_err,20,8,-0.010800404674973755,1
dolap_run,stream,instruction_retired_err,20,8,0.001661357799772153,1
dolap_run,stream,uops_retired_any_err,20,8,0.0028358267217577352,1
dolap_run,stream,l1_bw,20,8,0.002366804395194362,1
dolap_run,stream,ai,20,8,0.08328513918617725,1
dolap_run,stream,ai_err,20,8,-0.9167853377338662,1
dolap_run,stream,fp_arith_scalar_double_err,20,16,-0.021345517862099494,1
dolap_run,stream,unhalted_reference_cycles_err,20,16,-0.09020914346345418,1
dolap_run,stream,instruction_retired_err,20,16,-0.04690841668729028,1
dolap_run,stream,uops_retired_any_err,20,16,-0.1369263516840999,1
dolap_run,stream,l1_bw,20,16,-0.034355367902164584,1
dolap_run,stream,ai,20,16,0.0844628814809732,1
dolap_run,stream,ai_err,20,16,-0.9153064139228201,1
dolap_run,stream,fp_arith_scalar_double_err,20,32,-0.024487248206826875,1
dolap_run,stream,unhalted_reference_cycles_err,20,32,-0.08906594509149698,1
dolap_run,stream,instruction_retired_err,20,32,-0.0491185529861121,1
dolap_run,stream,uops_retired_any_err,20,32,-0.15624587815113164,1
dolap_run,stream,l1_bw,20,32,-0.03905952726095336,1
dolap_run,stream,ai,20,32,0.08460502651998066,1
dolap_run,stream,ai_err,20,32,-0.9163178017359449,1
dolap_run,peakflops,fp_arith_scalar_double_err,20,1,-0.00017423564341015302,1
dolap_run,peakflops,unhalted_reference_cycles_err,20,1,-0.012880728956572746,1
dolap_run,peakflops,instruction_retired_err,20,1,-0.001316185731343501,1
dolap_run,peakflops,uops_retired_any_err,20,1,-0.0004816873188482254,1
dolap_run,peakflops,l1_bw,20,1,0.003337655952179106,1
dolap_run,peakflops,ai,20,1,1.9929989486676196,1
dolap_run,peakflops,ai_err,20,1,0.9929088904891088,1
dolap_run,peakflops,fp_arith_scalar_double_err,20,2,-0.0005198514243125973,1
dolap_run,peakflops,unhalted_reference_cycles_err,20,2,-0.012367838314840706,1
dolap_run,peakflops,instruction_retired_err,20,2,-0.001372514667928059,1
dolap_run,peakflops,uops_retired_any_err,20,2,-0.0006520659650431359,1
dolap_run,peakflops,l1_bw,20,2,0.0032035458237080604,1
dolap_run,peakflops,ai,20,2,1.9925765028978053,1
dolap_run,peakflops,ai_err,20,2,0.9920966172137635,1
dolap_run,peakflops,fp_arith_scalar_double_err,20,4,0.00040266820097446896,1
dolap_run,peakflops,unhalted_reference_cycles_err,20,4,-0.011460621517352325,1
dolap_run,peakflops,instruction_retired_err,20,4,-0.0011733461255223857,1
dolap_run,peakflops,uops_retired_any_err,20,4,-0.0006236110987818652,1
dolap_run,peakflops,l1_bw,20,4,0.003880523094703676,1
dolap_run,peakflops,ai,20,4,1.9930739251569174,1
dolap_run,peakflops,ai_err,20,4,0.9916577704902096,1
dolap_run,peakflops,fp_arith_scalar_double_err,20,8,0.002040788563500624,1
dolap_run,peakflops,unhalted_reference_cycles_err,20,8,-0.011226701833219868,1
dolap_run,peakflops,instruction_retired_err,20,8,0.0005593347900036246,1
dolap_run,peakflops,uops_retired_any_err,20,8,0.0013863486516650422,1
dolap_run,peakflops,l1_bw,20,8,0.005573860573151905,1
dolap_run,peakflops,ai,20,8,1.9929721507234706,1
dolap_run,peakflops,ai_err,20,8,0.9932679449848347,1
dolap_run,peakflops,fp_arith_scalar_double_err,20,16,-0.02156302584368628,1
dolap_run,peakflops,unhalted_reference_cycles_err,20,16,-0.0751961353442078,1
dolap_run,peakflops,instruction_retired_err,20,16,-0.04664985703763151,1
dolap_run,peakflops,uops_retired_any_err,20,16,-0.12682954726071485,1
dolap_run,peakflops,l1_bw,20,16,-0.028514905095696187,1
dolap_run,peakflops,ai,20,16,2.014463856415304,1
dolap_run,peakflops,ai_err,20,16,0.9852240667613563,1
dolap_run,peakflops,fp_arith_scalar_double_err,20,32,-0.023542308046972642,1
dolap_run,peakflops,unhalted_reference_cycles_err,20,32,-0.08549819113190127,1
dolap_run,peakflops,instruction_retired_err,20,32,-0.04920948596235328,1
dolap_run,peakflops,uops_retired_any_err,20,32,-0.14949588260257096,1
dolap_run,peakflops,l1_bw,20,32,-0.0327707351941937,1
dolap_run,peakflops,ai,20,32,2.0192234723533993,1
dolap_run,peakflops,ai_err,20,32,1.0359367054910398,1
dolap_run,ddot,fp_arith_scalar_double_err,20,1,-0.002088062760783973,1
dolap_run,ddot,unhalted_reference_cycles_err,20,1,-0.013910237174351898,1
dolap_run,ddot,instruction_retired_err,20,1,-0.0021736142643496953,1
dolap_run,ddot,uops_retired_any_err,20,1,-0.0017519122436030613,1
dolap_run,ddot,l1_bw,20,1,-0.0015644396268892796,1
dolap_run,ddot,ai,20,1,0.1249345772912495,1
dolap_run,ddot,ai_err,20,1,-0.8751181410409109,1
dolap_run,ddot,fp_arith_scalar_double_err,20,2,-0.0022459422540487546,1
dolap_run,ddot,unhalted_reference_cycles_err,20,2,-0.011863830795360417,1
dolap_run,ddot,instruction_retired_err,20,2,-0.0025339990920438555,1
dolap_run,ddot,uops_retired_any_err,20,2,-0.001292768994394932,1
dolap_run,ddot,l1_bw,20,2,-0.0016567035054366876,1
dolap_run,ddot,ai,20,2,0.12492630809758568,1
dolap_run,ddot,ai_err,20,2,-0.8750398347453038,1
dolap_run,ddot,fp_arith_scalar_double_err,20,4,-0.0028831177328138657,1
dolap_run,ddot,unhalted_reference_cycles_err,20,4,-0.013719083963042422,1
dolap_run,ddot,instruction_retired_err,20,4,-0.003357791450766169,1
dolap_run,ddot,uops_retired_any_err,20,4,-0.0026150207797092638,1
dolap_run,ddot,l1_bw,20,4,-0.002494372355961818,1
dolap_run,ddot,ai,20,4,0.12495138236019127,1
dolap_run,ddot,ai_err,20,4,-0.8750755149170935,1
dolap_run,ddot,fp_arith_scalar_double_err,20,8,0.0015699376229486705,1
dolap_run,ddot,unhalted_reference_cycles_err,20,8,-0.011260813917812498,1
dolap_run,ddot,instruction_retired_err,20,8,0.0013658771647137996,1
dolap_run,ddot,uops_retired_any_err,20,8,0.002406400297496339,1
dolap_run,ddot,l1_bw,20,8,0.002034831191812164,1
dolap_run,ddot,ai,20,8,0.12494211478114371,1
dolap_run,ddot,ai_err,20,8,-0.8751953513611692,1
dolap_run,ddot,fp_arith_scalar_double_err,20,16,-0.022534572611125125,1
dolap_run,ddot,unhalted_reference_cycles_err,20,16,-0.07515433467294523,1
dolap_run,ddot,instruction_retired_err,20,16,-0.04308872265864227,1
dolap_run,ddot,uops_retired_any_err,20,16,-0.13464410050365924,1
dolap_run,ddot,l1_bw,20,16,-0.03169223453216261,1
dolap_run,ddot,ai,20,16,0.1261838960776928,1
dolap_run,ddot,ai_err,20,16,-0.8739407465526401,1
dolap_run,ddot,fp_arith_scalar_double_err,20,32,-0.02656427807731888,1
dolap_run,ddot,unhalted_reference_cycles_err,20,32,-0.10269768296498126,1
dolap_run,ddot,instruction_retired_err,20,32,-0.06333892193179405,1
dolap_run,ddot,uops_retired_any_err,20,32,-0.1632068486694876,1
dolap_run,ddot,l1_bw,20,32,-0.04499902904484524,1
dolap_run,ddot,ai,20,32,0.12741623264588395,1
dolap_run,ddot,ai_err,20,32,-0.872244646203824,1
dolap_run,daxpy,fp_arith_scalar_double_err,20,1,-0.00042775073454887807,1
dolap_run,daxpy,unhalted_reference_cycles_err,20,1,-0.012822663079273934,1
dolap_run,daxpy,instruction_retired_err,20,1,-0.000826350601214543,1
dolap_run,daxpy,uops_retired_any_err,20,1,-0.0006601196511149983,1
dolap_run,daxpy,l1_bw,20,1,-0.00029701812270181975,1
dolap_run,daxpy,ai,20,1,0.08332245314555924,1
dolap_run,daxpy,ai_err,20,1,-0.9166579143337524,1
dolap_run,daxpy,fp_arith_scalar_double_err,20,2,0.0007942984354959486,1
dolap_run,daxpy,unhalted_reference_cycles_err,20,2,-0.010670178529499946,1
dolap_run,daxpy,instruction_retired_err,20,2,0.00011081452890381346,1
dolap_run,daxpy,uops_retired_any_err,20,2,0.0005429946055426705,1
dolap_run,daxpy,l1_bw,20,2,0.0006685462031225243,1
dolap_run,daxpy,ai,20,2,0.08334382872797862,1
dolap_run,daxpy,ai_err,20,2,-0.9166694519786993,1
dolap_run,daxpy,fp_arith_scalar_double_err,20,4,-0.0006984208446275586,1
dolap_run,daxpy,unhalted_reference_cycles_err,20,4,-0.012274053233056702,1
dolap_run,daxpy,instruction_retired_err,20,4,-0.0009169189610733937,1
dolap_run,daxpy,uops_retired_any_err,20,4,-0.0003378163311355786,1
dolap_run,daxpy,l1_bw,20,4,-0.0005180112587996126,1
dolap_run,daxpy,ai,20,4,0.08331837780587258,1
dolap_run,daxpy,ai_err,20,4,-0.9166641792587118,1
dolap_run,daxpy,fp_arith_scalar_double_err,20,8,0.003189738364186687,1
dolap_run,daxpy,unhalted_reference_cycles_err,20,8,-0.010840370375118338,1
dolap_run,daxpy,instruction_retired_err,20,8,0.002084179407005392,1
dolap_run,daxpy,uops_retired_any_err,20,8,0.0029562737983954077,1
dolap_run,daxpy,l1_bw,20,8,0.002783556994012681,1
dolap_run,daxpy,ai,20,8,0.08336698925555708,1
dolap_run,daxpy,ai_err,20,8,-0.9165906484554248,1
dolap_run,daxpy,fp_arith_scalar_double_err,20,16,-0.02225344711581572,1
dolap_run,daxpy,unhalted_reference_cycles_err,20,16,-0.07553344761859332,1
dolap_run,daxpy,instruction_retired_err,20,16,-0.044844989654740174,1
dolap_run,daxpy,uops_retired_any_err,20,16,-0.13242183158055776,1
dolap_run,daxpy,l1_bw,20,16,-0.03629870800598737,1
dolap_run,daxpy,ai,20,16,0.08457449693353913,1
dolap_run,daxpy,ai_err,20,16,-0.9178638672034918,1
dolap_run,daxpy,fp_arith_scalar_double_err,20,32,-0.023812324328043862,1
dolap_run,daxpy,unhalted_reference_cycles_err,20,32,-0.0869543341925073,1
dolap_run,daxpy,instruction_retired_err,20,32,-0.048575092821204445,1
dolap_run,daxpy,uops_retired_any_err,20,32,-0.15046761358758004,1
dolap_run,daxpy,l1_bw,20,32,-0.03519005545598193,1
dolap_run,daxpy,ai,20,32,0.08432329421591483,1
dolap_run,daxpy,ai_err,20,32,-0.9147183735481587,1
dolap_run,triad,fp_arith_scalar_double_err,24,1,9.696920886274329e-05,1
dolap_run,triad,unhalted_reference_cycles_err,24,1,-0.012481725692401944,1
dolap_run,triad,instruction_retired_err,24,1,0.0013314942221692957,1
dolap_run,triad,uops_retired_any_err,24,1,0.0011874715192800567,1
dolap_run,triad,l1_bw,24,1,0.0009497348102609644,1
dolap_run,triad,ai,24,1,0.06244676691272636,1
dolap_run,triad,ai_err,24,1,-0.9375524453631943,1
dolap_run,triad,fp_arith_scalar_double_err,24,2,-0.00403069961941432,1
dolap_run,triad,unhalted_reference_cycles_err,24,2,-0.014580527061754217,1
dolap_run,triad,instruction_retired_err,24,2,-0.0034114662440417427,1
dolap_run,triad,uops_retired_any_err,24,2,-0.0036217693176171985,1
dolap_run,triad,l1_bw,24,2,-0.003436531037646784,1
dolap_run,triad,ai,24,2,0.06246280649406182,1
dolap_run,triad,ai_err,24,2,-0.9375408460172949,1
dolap_run,triad,fp_arith_scalar_double_err,24,4,-0.002560958073524987,1
dolap_run,triad,unhalted_reference_cycles_err,24,4,-0.012815357166404596,1
dolap_run,triad,instruction_retired_err,24,4,-0.002269306042267358,1
dolap_run,triad,uops_retired_any_err,24,4,-0.0022930558134286287,1
dolap_run,triad,l1_bw,24,4,-0.0021537947285348393,1
dolap_run,triad,ai,24,4,0.06247449892251928,1
dolap_run,triad,ai_err,24,4,-0.9375218958482684,1
dolap_run,triad,fp_arith_scalar_double_err,24,8,0.0033536129979316862,1
dolap_run,triad,unhalted_reference_cycles_err,24,8,-0.01151003571536352,1
dolap_run,triad,instruction_retired_err,24,8,0.0034246155163093735,1
dolap_run,triad,uops_retired_any_err,24,8,0.0036130566407625133,1
dolap_run,triad,l1_bw,24,8,0.003502523709569485,1
dolap_run,triad,ai,24,8,0.06249071888174498,1
dolap_run,triad,ai_err,24,8,-0.9374735494836411,1
dolap_run,triad,fp_arith_scalar_double_err,24,16,-0.020308610124084574,1
dolap_run,triad,unhalted_reference_cycles_err,24,16,-0.07780758069770441,1
dolap_run,triad,instruction_retired_err,24,16,-0.04159281184047526,1
dolap_run,triad,uops_retired_any_err,24,16,-0.1295406755471535,1
dolap_run,triad,l1_bw,24,16,-0.026004111388544665,1
dolap_run,triad,ai,24,16,0.06286914969424628,1
dolap_run,triad,ai_err,24,16,-0.9375178918716142,1
dolap_run,triad,fp_arith_scalar_double_err,24,32,-0.020816228865956295,1
dolap_run,triad,unhalted_reference_cycles_err,24,32,-0.08127957505738126,1
dolap_run,triad,instruction_retired_err,24,32,-0.04171445063405294,1
dolap_run,triad,uops_retired_any_err,24,32,-0.1360402548376701,1
dolap_run,triad,l1_bw,24,32,-0.03529512391017553,1
dolap_run,triad,ai,24,32,0.06344037990812602,1
dolap_run,triad,ai_err,24,32,-0.9359504156962857,1
dolap_run,sum,fp_arith_scalar_double_err,24,1,-0.0014604510441438275,1
dolap_run,sum,unhalted_reference_cycles_err,24,1,-0.013131162789528425,1
dolap_run,sum,instruction_retired_err,24,1,-0.001041348291041928,1
dolap_run,sum,uops_retired_any_err,24,1,-0.0010227875153540349,1
dolap_run,sum,l1_bw,24,1,-0.0006882533595602121,1
dolap_run,sum,ai,24,1,0.1249034257620521,1
dolap_run,sum,ai_err,24,1,-0.8751251233145023,1
dolap_run,sum,fp_arith_scalar_double_err,24,2,-0.0022326347467634313,1
dolap_run,sum,unhalted_reference_cycles_err,24,2,-0.014143167143435092,1
dolap_run,sum,instruction_retired_err,24,2,-0.0014545828145875062,1
dolap_run,sum,uops_retired_any_err,24,2,-0.0011939941256227376,1
dolap_run,sum,l1_bw,24,2,-0.001500058701634609,1
dolap_run,sum,ai,24,2,0.12490818971580359,1
dolap_run,sum,ai_err,24,2,-0.8750827730165978,1
dolap_run,sum,fp_arith_scalar_double_err,24,4,-1.4096011340268468e-07,1
dolap_run,sum,unhalted_reference_cycles_err,24,4,-0.013594297167270536,1
dolap_run,sum,instruction_retired_err,24,4,-0.00011121421416089782,1
dolap_run,sum,uops_retired_any_err,24,4,-0.0008644573943675309,1
dolap_run,sum,l1_bw,24,4,0.0006098036749987286,1
dolap_run,sum,ai,24,4,0.1249238481265645,1
dolap_run,sum,ai_err,24,4,-0.8750388139244144,1
dolap_run,sum,fp_arith_scalar_double_err,24,8,0.002999607266548506,1
dolap_run,sum,unhalted_reference_cycles_err,24,8,-0.011399803727351977,1
dolap_run,sum,instruction_retired_err,24,8,0.003285803207874708,1
dolap_run,sum,uops_retired_any_err,24,8,0.003703417028822291,1
dolap_run,sum,l1_bw,24,8,0.0036706622917113347,1
dolap_run,sum,ai,24,8,0.12491645187986496,1
dolap_run,sum,ai_err,24,8,-0.8750784734946832,1
dolap_run,sum,fp_arith_scalar_double_err,24,16,-0.021678300985962528,1
dolap_run,sum,unhalted_reference_cycles_err,24,16,-0.0694509827747046,1
dolap_run,sum,instruction_retired_err,24,16,-0.038198817352472145,1
dolap_run,sum,uops_retired_any_err,24,16,-0.12276113380789452,1
dolap_run,sum,l1_bw,24,16,-0.030382975151792176,1
dolap_run,sum,ai,24,16,0.12613838081977793,1
dolap_run,sum,ai_err,24,16,-0.87425952636825,1
dolap_run,sum,fp_arith_scalar_double_err,24,32,-0.024711808159952324,1
dolap_run,sum,unhalted_reference_cycles_err,24,32,-0.07809453182014221,1
dolap_run,sum,instruction_retired_err,24,32,-0.040088225299421826,1
dolap_run,sum,uops_retired_any_err,24,32,-0.13838847095067133,1
dolap_run,sum,l1_bw,24,32,-0.030311449621308325,1
dolap_run,sum,ai,24,32,0.1257286426753553,1
dolap_run,sum,ai_err,24,32,-0.8755888209799613,1
dolap_run,stream,fp_arith_scalar_double_err,24,1,-0.0023901771112601125,1
dolap_run,stream,unhalted_reference_cycles_err,24,1,-0.014283447221463528,1
dolap_run,stream,instruction_retired_err,24,1,-0.0021515748350818017,1
dolap_run,stream,uops_retired_any_err,24,1,-0.0017209003938782295,1
dolap_run,stream,l1_bw,24,1,-0.001869199049955003,1
dolap_run,stream,ai,24,1,0.08328983311883155,1
dolap_run,stream,ai_err,24,1,-0.9167230581453613,1
dolap_run,stream,fp_arith_scalar_double_err,24,2,-0.007066103989434477,1
dolap_run,stream,unhalted_reference_cycles_err,24,2,-0.018798002395037733,1
dolap_run,stream,instruction_retired_err,24,2,-0.007665385052175216,1
dolap_run,stream,uops_retired_any_err,24,2,-0.007995291433114315,1
dolap_run,stream,l1_bw,24,2,-0.006835963259104455,1
dolap_run,stream,ai,24,2,0.08331408724851244,1
dolap_run,stream,ai_err,24,2,-0.9166918710411961,1
dolap_run,stream,fp_arith_scalar_double_err,24,4,-0.0006399688907684263,1
dolap_run,stream,unhalted_reference_cycles_err,24,4,-0.012845489087890268,1
dolap_run,stream,instruction_retired_err,24,4,-0.0005681092643591407,1
dolap_run,stream,uops_retired_any_err,24,4,-0.0003001030527071012,1
dolap_run,stream,l1_bw,24,4,-0.00012189972421596651,1
dolap_run,stream,ai,24,4,0.08329013550952984,1
dolap_run,stream,ai_err,24,4,-0.9167058375571842,1
dolap_run,stream,fp_arith_scalar_double_err,24,8,0.0012445983978211243,1
dolap_run,stream,unhalted_reference_cycles_err,24,8,-0.012722249406130178,1
dolap_run,stream,instruction_retired_err,24,8,-0.00015004119601789062,1
dolap_run,stream,uops_retired_any_err,24,8,0.0005596589541667731,1
dolap_run,stream,l1_bw,24,8,0.0006835466891364387,1
dolap_run,stream,ai,24,8,0.08337994924732402,1
dolap_run,stream,ai_err,24,8,-0.916365244259738,1
dolap_run,stream,fp_arith_scalar_double_err,24,16,-0.02309470720957597,1
dolap_run,stream,unhalted_reference_cycles_err,24,16,-0.06988320024543705,1
dolap_run,stream,instruction_retired_err,24,16,-0.04155758134679912,1
dolap_run,stream,uops_retired_any_err,24,16,-0.1210158984841669,1
dolap_run,stream,l1_bw,24,16,-0.033276637034916415,1
dolap_run,stream,ai,24,16,0.08421412546020213,1
dolap_run,stream,ai_err,24,16,-0.9163998090859286,1
dolap_run,stream,fp_arith_scalar_double_err,24,32,-0.024752896927708493,1
dolap_run,stream,unhalted_reference_cycles_err,24,32,-0.0852806839724724,1
dolap_run,stream,instruction_retired_err,24,32,-0.052031396493763864,1
dolap_run,stream,uops_retired_any_err,24,32,-0.15108700612308337,1
dolap_run,stream,l1_bw,24,32,-0.03772116900364368,1
dolap_run,stream,ai,24,32,0.0844721600752108,1
dolap_run,stream,ai_err,24,32,-0.9172786086567162,1
dolap_run,peakflops,fp_arith_scalar_double_err,24,1,-0.0011357138928941859,1
dolap_run,peakflops,unhalted_reference_cycles_err,24,1,-0.013086459240551039,1
dolap_run,peakflops,instruction_retired_err,24,1,-0.002440604932986256,1
dolap_run,peakflops,uops_retired_any_err,24,1,-0.0018781113037579498,1
dolap_run,peakflops,l1_bw,24,1,0.0025385489320469494,1
dolap_run,peakflops,ai,24,1,1.9926728387637829,1
dolap_run,peakflops,ai_err,24,1,0.9926984832453909,1
dolap_run,peakflops,fp_arith_scalar_double_err,24,2,-0.003940020533256058,1
dolap_run,peakflops,unhalted_reference_cycles_err,24,2,-0.015336448169886642,1
dolap_run,peakflops,instruction_retired_err,24,2,-0.00503483076636102,1
dolap_run,peakflops,uops_retired_any_err,24,2,-0.0041896662586055405,1
dolap_run,peakflops,l1_bw,24,2,-0.0002516327274946671,1
dolap_run,peakflops,ai,24,2,1.9926203659238892,1
dolap_run,peakflops,ai_err,24,2,0.9922646522861256,1
dolap_run,peakflops,fp_arith_scalar_double_err,24,4,-0.00031770989466269365,1
dolap_run,peakflops,unhalted_reference_cycles_err,24,4,-0.013150291286253266,1
dolap_run,peakflops,instruction_retired_err,24,4,-0.002524677042909452,1
dolap_run,peakflops,uops_retired_any_err,24,4,-0.001998117527558787,1
dolap_run,peakflops,l1_bw,24,4,0.0032118194007887506,1
dolap_run,peakflops,ai,24,4,1.9929643557483359,1
dolap_run,peakflops,ai_err,24,4,0.9930608538482733,1
dolap_run,peakflops,fp_arith_scalar_double_err,24,8,0.0019122761849278177,1
dolap_run,peakflops,unhalted_reference_cycles_err,24,8,-0.011099497267412146,1
dolap_run,peakflops,instruction_retired_err,24,8,0.0005903579836708179,1
dolap_run,peakflops,uops_retired_any_err,24,8,0.0016539760606631047,1
dolap_run,peakflops,l1_bw,24,8,0.005638693651176407,1
dolap_run,peakflops,ai,24,8,1.9925894094847618,1
dolap_run,peakflops,ai_err,24,8,0.9931601991134225,1
dolap_run,peakflops,fp_arith_scalar_double_err,24,16,-0.02124115101841482,1
dolap_run,peakflops,unhalted_reference_cycles_err,24,16,-0.0844692357826769,1
dolap_run,peakflops,instruction_retired_err,24,16,-0.048927619442713816,1
dolap_run,peakflops,uops_retired_any_err,24,16,-0.13595901803096289,1
dolap_run,peakflops,l1_bw,24,16,-0.026470530119520233,1
dolap_run,peakflops,ai,24,16,2.0110297736789784,1
dolap_run,peakflops,ai_err,24,16,1.013258828233392,1
dolap_run,peakflops,fp_arith_scalar_double_err,24,32,-0.02415428605685258,1
dolap_run,peakflops,unhalted_reference_cycles_err,24,32,-0.0851866378461846,1
dolap_run,peakflops,instruction_retired_err,24,32,-0.04633715322856933,1
dolap_run,peakflops,uops_retired_any_err,24,32,-0.15043413860753393,1
dolap_run,peakflops,l1_bw,24,32,-0.02666840402100829,1
dolap_run,peakflops,ai,24,32,2.005601492249137,1
dolap_run,peakflops,ai_err,24,32,1.0177661044698776,1
dolap_run,ddot,fp_arith_scalar_double_err,24,1,-0.0017064012477207638,1
dolap_run,ddot,unhalted_reference_cycles_err,24,1,-0.013790231824390735,1
dolap_run,ddot,instruction_retired_err,24,1,-0.0016473012582792143,1
dolap_run,ddot,uops_retired_any_err,24,1,-0.0010223363775672656,1
dolap_run,ddot,l1_bw,24,1,-0.001017161738627139,1
dolap_run,ddot,ai,24,1,0.12491362397407046,1
dolap_run,ddot,ai_err,24,1,-0.8750891878928868,1
dolap_run,ddot,fp_arith_scalar_double_err,24,2,-0.0017256215713566192,1
dolap_run,ddot,unhalted_reference_cycles_err,24,2,-0.012358959509019107,1
dolap_run,ddot,instruction_retired_err,24,2,-0.0011685997922934435,1
dolap_run,ddot,uops_retired_any_err,24,2,-0.0003335490077588143,1
dolap_run,ddot,l1_bw,24,2,-0.0009614913913224201,1
dolap_run,ddot,ai,24,2,0.12490459519773137,1
dolap_run,ddot,ai_err,24,2,-0.8751209474704305,1
dolap_run,ddot,fp_arith_scalar_double_err,24,4,-0.0022904020176722586,1
dolap_run,ddot,unhalted_reference_cycles_err,24,4,-0.012472933902299995,1
dolap_run,ddot,instruction_retired_err,24,4,-0.002988603042420835,1
dolap_run,ddot,uops_retired_any_err,24,4,-0.0020401406119679778,1
dolap_run,ddot,l1_bw,24,4,-0.0017482962074492497,1
dolap_run,ddot,ai,24,4,0.12493212951990736,1
dolap_run,ddot,ai_err,24,4,-0.8750566250402838,1
dolap_run,ddot,fp_arith_scalar_double_err,24,8,0.0019094022251961592,1
dolap_run,ddot,unhalted_reference_cycles_err,24,8,-0.010241799952929367,1
dolap_run,ddot,instruction_retired_err,24,8,0.002076254145420706,1
dolap_run,ddot,uops_retired_any_err,24,8,0.0032679255396641897,1
dolap_run,ddot,l1_bw,24,8,0.002684898934297544,1
dolap_run,ddot,ai,24,8,0.12490335718834669,1
dolap_run,ddot,ai_err,24,8,-0.875034251631658,1
dolap_run,ddot,fp_arith_scalar_double_err,24,16,-0.02231284612110514,1
dolap_run,ddot,unhalted_reference_cycles_err,24,16,-0.08189183448411776,1
dolap_run,ddot,instruction_retired_err,24,16,-0.04469173466066485,1
dolap_run,ddot,uops_retired_any_err,24,16,-0.13127951894326903,1
dolap_run,ddot,l1_bw,24,16,-0.0322087660326012,1
dolap_run,ddot,ai,24,16,0.12630029498118095,1
dolap_run,ddot,ai_err,24,16,-0.8709637391861534,1
dolap_run,ddot,fp_arith_scalar_double_err,24,32,-0.025848433525073346,1
dolap_run,ddot,unhalted_reference_cycles_err,24,32,-0.10438268819881397,1
dolap_run,ddot,instruction_retired_err,24,32,-0.06130199391518254,1
dolap_run,ddot,uops_retired_any_err,24,32,-0.17024901614843865,1
dolap_run,ddot,l1_bw,24,32,-0.03449021021279524,1
dolap_run,ddot,ai,24,32,0.12613115300924724,1
dolap_run,ddot,ai_err,24,32,-0.8731580274359072,1
dolap_run,daxpy,fp_arith_scalar_double_err,24,1,0.0003095112574070361,1
dolap_run,daxpy,unhalted_reference_cycles_err,24,1,-0.012650005001912639,1
dolap_run,daxpy,instruction_retired_err,24,1,-0.00019268766078132043,1
dolap_run,daxpy,uops_retired_any_err,24,1,0.00015493288570945393,1
dolap_run,daxpy,l1_bw,24,1,0.0004165857439927502,1
dolap_run,daxpy,ai,24,1,0.08332440633108436,1
dolap_run,daxpy,ai_err,24,1,-0.9166630094660768,1
dolap_run,daxpy,fp_arith_scalar_double_err,24,2,-0.001979014801346907,1
dolap_run,daxpy,unhalted_reference_cycles_err,24,2,-0.014037357808304908,1
dolap_run,daxpy,instruction_retired_err,24,2,-0.001987974323796012,1
dolap_run,daxpy,uops_retired_any_err,24,2,-0.0017002321167457859,1
dolap_run,daxpy,l1_bw,24,2,-0.0018655600292598689,1
dolap_run,daxpy,ai,24,2,0.08332388194277462,1
dolap_run,daxpy,ai_err,24,2,-0.9166377866854638,1
dolap_run,daxpy,fp_arith_scalar_double_err,24,4,-0.001717958461338153,1
dolap_run,daxpy,unhalted_reference_cycles_err,24,4,-0.013101070323467431,1
dolap_run,daxpy,instruction_retired_err,24,4,-0.0022223544197118965,1
dolap_run,daxpy,uops_retired_any_err,24,4,-0.0015807050460081486,1
dolap_run,daxpy,l1_bw,24,4,-0.0017511046203278343,1
dolap_run,daxpy,ai,24,4,0.08333606674091901,1
dolap_run,daxpy,ai_err,24,4,-0.9167337363816872,1
dolap_run,daxpy,fp_arith_scalar_double_err,24,8,0.0012799079495021029,1
dolap_run,daxpy,unhalted_reference_cycles_err,24,8,-0.011048352792123187,1
dolap_run,daxpy,instruction_retired_err,24,8,0.0009462146585370666,1
dolap_run,daxpy,uops_retired_any_err,24,8,0.001582132759752899,1
dolap_run,daxpy,l1_bw,24,8,0.001425534880830035,1
dolap_run,daxpy,ai,24,8,0.08332117345722329,1
dolap_run,daxpy,ai_err,24,8,-0.9167220935773062,1
dolap_run,daxpy,fp_arith_scalar_double_err,24,16,-0.020421420840290173,1
dolap_run,daxpy,unhalted_reference_cycles_err,24,16,-0.08971250764087908,1
dolap_run,daxpy,instruction_retired_err,24,16,-0.04777512622569692,1
dolap_run,daxpy,uops_retired_any_err,24,16,-0.14292509596189207,1
dolap_run,daxpy,l1_bw,24,16,-0.03180178223795233,1
dolap_run,daxpy,ai,24,16,0.08431431326137176,1
dolap_run,daxpy,ai_err,24,16,-0.9148261788285276,1
dolap_run,daxpy,fp_arith_scalar_double_err,24,32,-0.023109128899417755,1
dolap_run,daxpy,unhalted_reference_cycles_err,24,32,-0.0954206240187543,1
dolap_run,daxpy,instruction_retired_err,24,32,-0.04556821174029225,1
dolap_run,daxpy,uops_retired_any_err,24,32,-0.15566367917734128,1
dolap_run,daxpy,l1_bw,24,32,-0.03010676912396212,1
dolap_run,daxpy,ai,24,32,0.08393701192620272,1
dolap_run,daxpy,ai_err,24,32,-0.9164786076189477,1
