luna_run,triad,fp_arith_scalar_double_err,1,1,-0.999994559850783,1
luna_run,triad,fp_arith_scalar_double_err,1,2,-0.9999942977235469,1
luna_run,triad,fp_arith_scalar_double_err,1,4,-0.9999944522555547,1
luna_run,triad,fp_arith_scalar_double_err,1,8,-0.9999945052660966,1
luna_run,triad,fp_arith_scalar_double_err,1,16,-0.9999941195378016,1
luna_run,triad,fp_arith_scalar_double_err,1,32,-0.999994053081922,1
luna_run,sum,fp_arith_scalar_double_err,1,1,-0.9999953124947488,1
luna_run,sum,fp_arith_scalar_double_err,1,2,-0.9999951880289024,1
luna_run,sum,fp_arith_scalar_double_err,1,4,-0.9999953144846582,1
luna_run,sum,fp_arith_scalar_double_err,1,8,-0.9999953221260511,1
luna_run,sum,fp_arith_scalar_double_err,1,16,-0.9999950345432185,1
luna_run,sum,fp_arith_scalar_double_err,1,32,-0.9999948532342873,1
luna_run,stream,fp_arith_scalar_double_err,1,1,-0.9999954020495565,1
luna_run,stream,fp_arith_scalar_double_err,1,2,-0.9999954128721428,1
luna_run,stream,fp_arith_scalar_double_err,1,4,-0.9999954133178729,1
luna_run,stream,fp_arith_scalar_double_err,1,8,-0.9999955696143769,1
luna_run,stream,fp_arith_scalar_double_err,1,16,-0.999995236207495,1
luna_run,stream,fp_arith_scalar_double_err,1,32,-0.9999949055609385,1
luna_run,peakflops,fp_arith_scalar_double_err,1,1,-0.9999974062112702,1
luna_run,peakflops,fp_arith_scalar_double_err,1,2,-0.999997407440947,1
luna_run,peakflops,fp_arith_scalar_double_err,1,4,-0.9999973371739338,1
luna_run,peakflops,fp_arith_scalar_double_err,1,8,-0.9999973290058113,1
luna_run,peakflops,fp_arith_scalar_double_err,1,16,-0.9999970739513251,1
luna_run,peakflops,fp_arith_scalar_double_err,1,32,-0.9999971192634132,1
luna_run,ddot,fp_arith_scalar_double_err,1,1,-0.9999964389311986,1
luna_run,ddot,fp_arith_scalar_double_err,1,2,-0.9999966287104946,1
luna_run,ddot,fp_arith_scalar_double_err,1,4,-0.9999966962401547,1
luna_run,ddot,fp_arith_scalar_double_err,1,8,-0.9999966761778099,1
luna_run,ddot,fp_arith_scalar_double_err,1,16,-0.9999935846834345,1
luna_run,ddot,fp_arith_scalar_double_err,1,32,-0.9999962845115549,1
luna_run,daxpy,fp_arith_scalar_double_err,1,1,-0.9999959629247691,1
luna_run,daxpy,fp_arith_scalar_double_err,1,2,-0.9999959938698,1
luna_run,daxpy,fp_arith_scalar_double_err,1,4,-0.999996004808302,1
luna_run,daxpy,fp_arith_scalar_double_err,1,8,-0.9999960060854268,1
luna_run,daxpy,fp_arith_scalar_double_err,1,16,-0.999995722060055,1
luna_run,daxpy,fp_arith_scalar_double_err,1,32,-0.9999955886008883,1
luna_run,triad,fp_arith_scalar_double_err,4,1,-0.9999945150574244,1
luna_run,triad,instruction_retired_err,4,1,-0.018963812292035663,1
luna_run,triad,l1_bw,4,1,-0.02253115442227724,1
luna_run,triad,ai,4,1,3.5076712759709244e-07,1
luna_run,triad,ai_err,4,1,-0.999999657636563,1
luna_run,triad,fp_arith_scalar_double_err,4,2,-0.9999945477393668,1
luna_run,triad,instruction_retired_err,4,2,-0.015050382793175478,1
luna_run,triad,l1_bw,4,2,-0.01938273766073838,1
luna_run,triad,ai,4,2,3.4752543442666966e-07,1
luna_run,triad,ai_err,4,2,-0.9999996561308403,1
luna_run,triad,fp_arith_scalar_double_err,4,4,-0.9999945258008905,1
luna_run,triad,instruction_retired_err,4,4,-0.019324541297595126,1
luna_run,triad,l1_bw,4,4,-0.022378491117051303,1
luna_run,triad,ai,4,4,3.5004417340315303e-07,1
luna_run,triad,ai_err,4,4,-0.9999996556688018,1
luna_run,triad,fp_arith_scalar_double_err,4,8,-0.9999945307578783,1
luna_run,triad,instruction_retired_err,4,8,-0.015022452348416461,1
luna_run,triad,l1_bw,4,8,-0.017788365442939172,1
luna_run,triad,ai,4,8,3.48041950654247e-07,1
luna_run,triad,ai_err,4,8,-0.9999996553431678,1
luna_run,triad,fp_arith_scalar_double_err,4,16,-0.9999940965299976,1
luna_run,triad,instruction_retired_err,4,16,0.08578844752228264,1
luna_run,triad,l1_bw,4,16,-0.03723607433515113,1
luna_run,triad,ai,4,16,3.8361552887148157e-07,1
luna_run,triad,ai_err,4,16,-0.9999996187420753,1
luna_run,triad,fp_arith_scalar_double_err,4,32,-0.9999936347247033,1
luna_run,triad,instruction_retired_err,4,32,0.14485972189553048,1
luna_run,triad,l1_bw,4,32,-0.06722076731754588,1
luna_run,triad,ai,4,32,4.265138323519051e-07,1
luna_run,triad,ai_err,4,32,-0.9999995760766707,1
luna_run,sum,fp_arith_scalar_double_err,4,1,-0.999995324592088,1
luna_run,sum,instruction_retired_err,4,1,-0.0169528235110879,1
luna_run,sum,l1_bw,4,1,-0.016840546521152983,1
luna_run,sum,ai,4,1,5.944379284807916e-07,1
luna_run,sum,ai_err,4,1,-0.9999994062224822,1
luna_run,sum,fp_arith_scalar_double_err,4,2,-0.9999953189775659,1
luna_run,sum,instruction_retired_err,4,2,-0.016530386413145845,1
luna_run,sum,l1_bw,4,2,-0.015585584998669256,1
luna_run,sum,ai,4,2,5.943950539097599e-07,1
luna_run,sum,ai_err,4,2,-0.9999994087000741,1
luna_run,sum,fp_arith_scalar_double_err,4,4,-0.9999951976112146,1
luna_run,sum,instruction_retired_err,4,4,-0.016390735402991755,1
luna_run,sum,l1_bw,4,4,-0.015410246540598334,1
luna_run,sum,ai,4,4,6.096976130648711e-07,1
luna_run,sum,ai_err,4,4,-0.999999396033851,1
luna_run,sum,fp_arith_scalar_double_err,4,8,-0.9999952214215794,1
luna_run,sum,instruction_retired_err,4,8,-0.01626006955527937,1
luna_run,sum,l1_bw,4,8,-0.014986187281363058,1
luna_run,sum,ai,4,8,6.064115358803345e-07,1
luna_run,sum,ai_err,4,8,-0.9999993947929864,1
luna_run,sum,fp_arith_scalar_double_err,4,16,-0.999995075185,1
luna_run,sum,instruction_retired_err,4,16,0.09933756371310391,1
luna_run,sum,l1_bw,4,16,-0.022962134053564558,1
luna_run,sum,ai,4,16,6.300403009149881e-07,1
luna_run,sum,ai_err,4,16,-0.9999993869798528,1
luna_run,sum,fp_arith_scalar_double_err,4,32,-0.9999946571786671,1
luna_run,sum,instruction_retired_err,4,32,0.16078992199286893,1
luna_run,sum,l1_bw,4,32,-0.04631097643200432,1
luna_run,sum,ai,4,32,7.003206960382318e-07,1
luna_run,sum,ai_err,4,32,-0.9999993458894632,1
luna_run,stream,fp_arith_scalar_double_err,4,1,-0.9999955912191685,1
luna_run,stream,instruction_retired_err,4,1,-0.031177197951106767,1
luna_run,stream,l1_bw,4,1,-0.03293514764893906,1
luna_run,stream,ai,4,1,3.7990800798185173e-07,1
luna_run,stream,ai_err,4,1,-0.9999996220762408,1
luna_run,stream,fp_arith_scalar_double_err,4,2,-0.9999955806805308,1
luna_run,stream,instruction_retired_err,4,2,-0.02931291864874327,1
luna_run,stream,l1_bw,4,2,-0.03084933275593196,1
luna_run,stream,ai,4,2,3.79996767698144e-07,1
luna_run,stream,ai_err,4,2,-0.9999996235931323,1
luna_run,stream,fp_arith_scalar_double_err,4,4,-0.9999955722064269,1
luna_run,stream,instruction_retired_err,4,4,-0.030264692211797877,1
luna_run,stream,l1_bw,4,4,-0.030602047965921166,1
luna_run,stream,ai,4,4,3.80636785405068e-07,1
luna_run,stream,ai_err,4,4,-0.9999996233740406,1
luna_run,stream,fp_arith_scalar_double_err,4,8,-0.9999955571722018,1
luna_run,stream,instruction_retired_err,4,8,-0.02605054838870601,1
luna_run,stream,l1_bw,4,8,-0.02666125482725114,1
luna_run,stream,ai,4,8,3.803917322680157e-07,1
luna_run,stream,ai_err,4,8,-0.9999996215252133,1
luna_run,stream,fp_arith_scalar_double_err,4,16,-0.999995196741304,1
luna_run,stream,instruction_retired_err,4,16,0.1014688122585924,1
luna_run,stream,l1_bw,4,16,-0.02313770040840576,1
luna_run,stream,ai,4,16,4.100256413410829e-07,1
luna_run,stream,ai_err,4,16,-0.9999995844438413,1
luna_run,stream,fp_arith_scalar_double_err,4,32,-0.9999951183967138,1
luna_run,stream,instruction_retired_err,4,32,0.171257550923864,1
luna_run,stream,l1_bw,4,32,-0.03072120999829758,1
luna_run,stream,ai,4,32,4.199022418099761e-07,1
luna_run,stream,ai_err,4,32,-0.9999995784769611,1
luna_run,peakflops,fp_arith_scalar_double_err,4,1,-0.9999974130724246,1
luna_run,peakflops,instruction_retired_err,4,1,-0.01722820140557518,1
luna_run,peakflops,l1_bw,4,1,-0.010440738527427369,1
luna_run,peakflops,ai,4,1,5.228438816308174e-06,1
luna_run,peakflops,ai_err,4,1,-0.9999947731307404,1
luna_run,peakflops,fp_arith_scalar_double_err,4,2,-0.9999973447743375,1
luna_run,peakflops,instruction_retired_err,4,2,-0.016221281387606114,1
luna_run,peakflops,l1_bw,4,2,-0.010861405453412095,1
luna_run,peakflops,ai,4,2,5.3687944270504336e-06,1
luna_run,peakflops,ai_err,4,2,-0.9999946339380731,1
luna_run,peakflops,fp_arith_scalar_double_err,4,4,-0.9999974084544149,1
luna_run,peakflops,instruction_retired_err,4,4,-0.016142332241271283,1
luna_run,peakflops,l1_bw,4,4,-0.010295840713683866,1
luna_run,peakflops,ai,4,4,5.237034653674523e-06,1
luna_run,peakflops,ai_err,4,4,-0.9999947829863021,1
luna_run,peakflops,fp_arith_scalar_double_err,4,8,-0.999997407774564,1
luna_run,peakflops,instruction_retired_err,4,8,-0.015754632467267167,1
luna_run,peakflops,l1_bw,4,8,-0.010910171204798185,1
luna_run,peakflops,ai,4,8,5.2416680409173446e-06,1
luna_run,peakflops,ai_err,4,8,-0.9999947639352725,1
luna_run,peakflops,fp_arith_scalar_double_err,4,16,-0.9999972455238892,1
luna_run,peakflops,instruction_retired_err,4,16,0.1011456629026843,1
luna_run,peakflops,l1_bw,4,16,-0.011743967367605539,1
luna_run,peakflops,ai,4,16,5.575867758027672e-06,1
luna_run,peakflops,ai_err,4,16,-0.9999944678226286,1
luna_run,peakflops,fp_arith_scalar_double_err,4,32,-0.9999972018412959,1
luna_run,peakflops,instruction_retired_err,4,32,0.18370091041639144,1
luna_run,peakflops,l1_bw,4,32,-0.029319192759974567,1
luna_run,peakflops,ai,4,32,5.767026109107568e-06,1
luna_run,peakflops,ai_err,4,32,-0.9999942411822293,1
luna_run,ddot,fp_arith_scalar_double_err,4,1,-0.9999964183638457,1
luna_run,ddot,instruction_retired_err,4,1,-0.033905968805300786,1
luna_run,ddot,l1_bw,4,1,-0.03385863667651769,1
luna_run,ddot,ai,4,1,4.632230173152594e-07,1
luna_run,ddot,ai_err,4,1,-0.9999995305258086,1
luna_run,ddot,fp_arith_scalar_double_err,4,2,-0.9999966947139708,1
luna_run,ddot,instruction_retired_err,4,2,-0.04067809395650055,1
luna_run,ddot,l1_bw,4,2,-0.04164029020713919,1
luna_run,ddot,ai,4,2,4.3114677865964624e-07,1
luna_run,ddot,ai_err,4,2,-0.9999995626426439,1
luna_run,ddot,fp_arith_scalar_double_err,4,4,-0.9999964413094965,1
luna_run,ddot,instruction_retired_err,4,4,-0.020515698548480715,1
luna_run,ddot,l1_bw,4,4,-0.01905687033115916,1
luna_run,ddot,ai,4,4,4.5343437488832685e-07,1
luna_run,ddot,ai_err,4,4,-0.999999531906274,1
luna_run,ddot,fp_arith_scalar_double_err,4,8,-0.9999967453218852,1
luna_run,ddot,instruction_retired_err,4,8,-0.03423468134064555,1
luna_run,ddot,l1_bw,4,8,-0.03222449623413371,1
luna_run,ddot,ai,4,8,4.2055029771746667e-07,1
luna_run,ddot,ai_err,4,8,-0.9999995903774375,1
luna_run,ddot,fp_arith_scalar_double_err,4,16,-0.9999964750905254,1
luna_run,ddot,instruction_retired_err,4,16,0.06048963165153849,1
luna_run,ddot,l1_bw,4,16,-0.052688922198164206,1
luna_run,ddot,ai,4,16,4.653855733999008e-07,1
luna_run,ddot,ai_err,4,16,-0.999999519299251,1
luna_run,ddot,fp_arith_scalar_double_err,4,32,-0.9999958039230278,1
luna_run,ddot,instruction_retired_err,4,32,0.4571118895000735,1
luna_run,ddot,l1_bw,4,32,0.20444366133909864,1
luna_run,ddot,ai,4,32,4.6303657414874053e-07,1
luna_run,ddot,ai_err,4,32,-0.9999995179250379,1
luna_run,daxpy,fp_arith_scalar_double_err,4,1,-0.9999960109242826,1
luna_run,daxpy,instruction_retired_err,4,1,-0.02308250993499282,1
luna_run,daxpy,l1_bw,4,1,-0.02333954861126877,1
luna_run,daxpy,ai,4,1,3.403678908915338e-07,1
luna_run,daxpy,ai_err,4,1,-0.9999996617938928,1
luna_run,daxpy,fp_arith_scalar_double_err,4,2,-0.9999959330184006,1
luna_run,daxpy,instruction_retired_err,4,2,-0.020914465255903486,1
luna_run,daxpy,l1_bw,4,2,-0.02163931533242484,1
luna_run,daxpy,ai,4,2,3.4641454403686463e-07,1
luna_run,daxpy,ai_err,4,2,-0.9999996556194103,1
luna_run,daxpy,fp_arith_scalar_double_err,4,4,-0.9999960265211254,1
luna_run,daxpy,instruction_retired_err,4,4,-0.021737941320810455,1
luna_run,daxpy,l1_bw,4,4,-0.020696077333270675,1
luna_run,daxpy,ai,4,4,3.381206328795987e-07,1
luna_run,daxpy,ai_err,4,4,-0.9999996612486317,1
luna_run,daxpy,fp_arith_scalar_double_err,4,8,-0.9999960191222506,1
luna_run,daxpy,instruction_retired_err,4,8,-0.02277808759075867,1
luna_run,daxpy,l1_bw,4,8,-0.02318856302296346,1
luna_run,daxpy,ai,4,8,3.3961523118695196e-07,1
luna_run,daxpy,ai_err,4,8,-0.999999660075977,1
luna_run,daxpy,fp_arith_scalar_double_err,4,16,-0.9999957926937446,1
luna_run,daxpy,instruction_retired_err,4,16,0.09166882086267877,1
luna_run,daxpy,l1_bw,4,16,-0.03204925686749041,1
luna_run,daxpy,ai,4,16,3.6221504837388723e-07,1
luna_run,daxpy,ai_err,4,16,-0.9999996426661967,1
luna_run,daxpy,fp_arith_scalar_double_err,4,32,-0.9999954880656342,1
luna_run,daxpy,instruction_retired_err,4,32,0.15513225599336122,1
luna_run,daxpy,l1_bw,4,32,-0.03447475507471091,1
luna_run,daxpy,ai,4,32,3.8953227267817217e-07,1
luna_run,daxpy,ai_err,4,32,-0.9999995970691348,1
luna_run,triad,fp_arith_scalar_double_err,8,1,-0.9999943558652944,1
luna_run,triad,unhalted_reference_cycles_err,8,1,-0.02401570129751959,1
luna_run,triad,instruction_retired_err,8,1,-0.017862221512387526,1
luna_run,triad,uops_retired_any_err,8,1,-0.01886268990368521,1
luna_run,triad,l1_bw,8,1,-0.022137127919050852,1
luna_run,triad,ai,8,1,3.607943338289214e-07,1
luna_run,triad,ai_err,8,1,-0.999999634477753,1
luna_run,triad,fp_arith_scalar_double_err,8,2,-0.999994502261943,1
luna_run,triad,unhalted_reference_cycles_err,8,2,-0.022657571407359165,1
luna_run,triad,instruction_retired_err,8,2,-0.01544160488143158,1
luna_run,triad,uops_retired_any_err,8,2,-0.016740742269019344,1
luna_run,triad,l1_bw,8,2,-0.01915227714329435,1
luna_run,triad,ai,8,2,3.503555296647217e-07,1
luna_run,triad,ai_err,8,2,-0.999999640549118,1
luna_run,triad,fp_arith_scalar_double_err,8,4,-0.9999945479259011,1
luna_run,triad,unhalted_reference_cycles_err,8,4,-0.019491896385374935,1
luna_run,triad,instruction_retired_err,8,4,-0.012508471425683768,1
luna_run,triad,uops_retired_any_err,8,4,-0.013920242058038372,1
luna_run,triad,l1_bw,8,4,-0.01646898027561397,1
luna_run,triad,ai,8,4,3.4649118584886173e-07,1
luna_run,triad,ai_err,8,4,-0.9999996602888513,1
luna_run,triad,fp_arith_scalar_double_err,8,8,-0.9999944823104319,1
luna_run,triad,unhalted_reference_cycles_err,8,8,-0.023018863351276626,1
luna_run,triad,instruction_retired_err,8,8,-0.015312791559534276,1
luna_run,triad,uops_retired_any_err,8,8,-0.016659385805776854,1
luna_run,triad,l1_bw,8,8,-0.01932311874226027,1
luna_run,triad,ai,8,8,3.5168750978926356e-07,1
luna_run,triad,ai_err,8,8,-0.9999996426646768,1
luna_run,triad,fp_arith_scalar_double_err,8,16,-0.9999941294726555,1
luna_run,triad,unhalted_reference_cycles_err,8,16,0.13548504280778362,1
luna_run,triad,instruction_retired_err,8,16,0.09509570884425658,1
luna_run,triad,uops_retired_any_err,8,16,0.055669054469522056,1
luna_run,triad,l1_bw,8,16,-0.03002811562041742,1
luna_run,triad,ai,8,16,3.784404823052326e-07,1
luna_run,triad,ai_err,8,16,-0.9999996050791717,1
luna_run,triad,fp_arith_scalar_double_err,8,32,-0.999994025894292,1
luna_run,triad,unhalted_reference_cycles_err,8,32,0.23838956697587899,1
luna_run,triad,instruction_retired_err,8,32,0.15719007474756583,1
luna_run,triad,uops_retired_any_err,8,32,0.06823639886060578,1
luna_run,triad,l1_bw,8,32,-0.0508990776234931,1
luna_run,triad,ai,8,32,3.93422551293527e-07,1
luna_run,triad,ai_err,8,32,-0.9999995985319687,1
luna_run,sum,fp_arith_scalar_double_err,8,1,-0.9999951758460398,1
luna_run,sum,unhalted_reference_cycles_err,8,1,-0.01970400452018834,1
luna_run,sum,instruction_retired_err,8,1,-0.017674999765065296,1
luna_run,sum,uops_retired_any_err,8,1,-0.015312646957874114,1
luna_run,sum,l1_bw,8,1,-0.01640879669325262,1
luna_run,sum,ai,8,1,6.130796669167538e-07,1
luna_run,sum,ai_err,8,1,-0.9999993888043214,1
luna_run,sum,fp_arith_scalar_double_err,8,2,-0.9999952052888926,1
luna_run,sum,unhalted_reference_cycles_err,8,2,-0.01931508505586972,1
luna_run,sum,instruction_retired_err,8,2,-0.01506179751852966,1
luna_run,sum,uops_retired_any_err,8,2,-0.014148813395965899,1
luna_run,sum,l1_bw,8,2,-0.015436942168703038,1
luna_run,sum,ai,8,2,6.087364648744412e-07,1
luna_run,sum,ai_err,8,2,-0.9999993911136742,1
luna_run,sum,fp_arith_scalar_double_err,8,4,-0.9999951967169635,1
luna_run,sum,unhalted_reference_cycles_err,8,4,-0.019869825849473752,1
luna_run,sum,instruction_retired_err,8,4,-0.014970108879068056,1
luna_run,sum,uops_retired_any_err,8,4,-0.014521720340037467,1
luna_run,sum,l1_bw,8,4,-0.014559069342362207,1
luna_run,sum,ai,8,4,6.092805702190161e-07,1
luna_run,sum,ai_err,8,4,-0.9999993925650086,1
luna_run,sum,fp_arith_scalar_double_err,8,8,-0.9999953170636577,1
luna_run,sum,unhalted_reference_cycles_err,8,8,-0.019946249829032422,1
luna_run,sum,instruction_retired_err,8,8,-0.01558220881961806,1
luna_run,sum,uops_retired_any_err,8,8,-0.014666243278825026,1
luna_run,sum,l1_bw,8,8,-0.015336815920829486,1
luna_run,sum,ai,8,8,5.944867577637525e-07,1
luna_run,sum,ai_err,8,8,-0.999999408402628,1
luna_run,sum,fp_arith_scalar_double_err,8,16,-0.9999949543355464,1
luna_run,sum,unhalted_reference_cycles_err,8,16,0.1363103178249534,1
luna_run,sum,instruction_retired_err,8,16,0.08679360832547736,1
luna_run,sum,uops_retired_any_err,8,16,0.03427764555237039,1
luna_run,sum,l1_bw,8,16,-0.031070323159708514,1
luna_run,sum,ai,8,16,6.509829400975204e-07,1
luna_run,sum,ai_err,8,16,-0.9999993670301455,1
luna_run,sum,fp_arith_scalar_double_err,8,32,-0.9999948038357004,1
luna_run,sum,unhalted_reference_cycles_err,8,32,0.2589913836298146,1
luna_run,sum,instruction_retired_err,8,32,0.16992317901721538,1
luna_run,sum,uops_retired_any_err,8,32,0.08463422582754776,1
luna_run,sum,l1_bw,8,32,-0.04518265893566297,1
luna_run,sum,ai,8,32,6.806786298258884e-07,1
luna_run,sum,ai_err,8,32,-0.999999306778432,1
luna_run,stream,fp_arith_scalar_double_err,8,1,-0.9999955504563295,1
luna_run,stream,unhalted_reference_cycles_err,8,1,-0.031972794716971585,1
luna_run,stream,instruction_retired_err,8,1,-0.028438198271204473,1
luna_run,stream,uops_retired_any_err,8,1,-0.02854183911323675,1
luna_run,stream,l1_bw,8,1,-0.030490672581833606,1
luna_run,stream,ai,8,1,3.8245618580271e-07,1
luna_run,stream,ai_err,8,1,-0.9999996184034051,1
luna_run,stream,fp_arith_scalar_double_err,8,2,-0.9999954473338561,1
luna_run,stream,unhalted_reference_cycles_err,8,2,-0.030297840568869118,1
luna_run,stream,instruction_retired_err,8,2,-0.026726186866355275,1
luna_run,stream,uops_retired_any_err,8,2,-0.02624071349843359,1
luna_run,stream,l1_bw,8,2,-0.028516459364531798,1
luna_run,stream,ai,8,2,3.905314551042576e-07,1
luna_run,stream,ai_err,8,2,-0.9999996120521564,1
luna_run,stream,fp_arith_scalar_double_err,8,4,-0.9999954646970298,1
luna_run,stream,unhalted_reference_cycles_err,8,4,-0.02913762299122037,1
luna_run,stream,instruction_retired_err,8,4,-0.026264861806400624,1
luna_run,stream,uops_retired_any_err,8,4,-0.027732453538917408,1
luna_run,stream,l1_bw,8,4,-0.030579535139102214,1
luna_run,stream,ai,8,4,3.8986636549115966e-07,1
luna_run,stream,ai_err,8,4,-0.9999996119236636,1
luna_run,stream,fp_arith_scalar_double_err,8,8,-0.9999954547793064,1
luna_run,stream,unhalted_reference_cycles_err,8,8,-0.030166930025214585,1
luna_run,stream,instruction_retired_err,8,8,-0.02795992817412525,1
luna_run,stream,uops_retired_any_err,8,8,-0.02589399336861551,1
luna_run,stream,l1_bw,8,8,-0.02778088833176276,1
luna_run,stream,ai,8,8,3.8959520974386437e-07,1
luna_run,stream,ai_err,8,8,-0.9999996105860891,1
luna_run,stream,fp_arith_scalar_double_err,8,16,-0.9999953321460525,1
luna_run,stream,unhalted_reference_cycles_err,8,16,0.124375619042414,1
luna_run,stream,instruction_retired_err,8,16,0.07874128932606016,1
luna_run,stream,uops_retired_any_err,8,16,0.02711844771159543,1
luna_run,stream,l1_bw,8,16,-0.030314015198292823,1
luna_run,stream,ai,8,16,4.0126728637047225e-07,1
luna_run,stream,ai_err,8,16,-0.9999996100719282,1
luna_run,stream,fp_arith_scalar_double_err,8,32,-0.9999949777877492,1
luna_run,stream,unhalted_reference_cycles_err,8,32,0.3163492664351845,1
luna_run,stream,instruction_retired_err,8,32,0.22349636411420926,1
luna_run,stream,uops_retired_any_err,8,32,0.13335976823375242,1
luna_run,stream,l1_bw,8,32,0.0052136065392463645,1
luna_run,stream,ai,8,32,4.156833226875211e-07,1
luna_run,stream,ai_err,8,32,-0.9999995686138435,1
luna_run,peakflops,fp_arith_scalar_double_err,8,1,-0.9999974122108326,1
luna_run,peakflops,unhalted_reference_cycles_err,8,1,-0.017692916090180054,1
luna_run,peakflops,instruction_retired_err,8,1,-0.015651059119008125,1
luna_run,peakflops,uops_retired_any_err,8,1,-0.01356263731290792,1
luna_run,peakflops,l1_bw,8,1,-0.008700974281471891,1
luna_run,peakflops,ai,8,1,5.221044680013594e-06,1
luna_run,peakflops,ai_err,8,1,-0.9999947891801256,1
luna_run,peakflops,fp_arith_scalar_double_err,8,2,-0.9999974144559569,1
luna_run,peakflops,unhalted_reference_cycles_err,8,2,-0.017336878365325686,1
luna_run,peakflops,instruction_retired_err,8,2,-0.015046644454208145,1
luna_run,peakflops,uops_retired_any_err,8,2,-0.013739049128820164,1
luna_run,peakflops,l1_bw,8,2,-0.009212030579878657,1
luna_run,peakflops,ai,8,2,5.219202700494024e-06,1
luna_run,peakflops,ai_err,8,2,-0.9999948037851566,1
luna_run,peakflops,fp_arith_scalar_double_err,8,4,-0.999997412329201,1
luna_run,peakflops,unhalted_reference_cycles_err,8,4,-0.01624550173004046,1
luna_run,peakflops,instruction_retired_err,8,4,-0.014834504569741011,1
luna_run,peakflops,uops_retired_any_err,8,4,-0.01331386078287612,1
luna_run,peakflops,l1_bw,8,4,-0.00915708249264161,1
luna_run,peakflops,ai,8,4,5.22328920429011e-06,1
luna_run,peakflops,ai_err,8,4,-0.9999947702725281,1
luna_run,peakflops,fp_arith_scalar_double_err,8,8,-0.9999973486626252,1
luna_run,peakflops,unhalted_reference_cycles_err,8,8,-0.017276840191654517,1
luna_run,peakflops,instruction_retired_err,8,8,-0.014623412497085295,1
luna_run,peakflops,uops_retired_any_err,8,8,-0.014286295068856134,1
luna_run,peakflops,l1_bw,8,8,-0.009144634419361653,1
luna_run,peakflops,ai,8,8,5.35162643019445e-06,1
luna_run,peakflops,ai_err,8,8,-0.9999946386097547,1
luna_run,peakflops,fp_arith_scalar_double_err,8,16,-0.999997171584123,1
luna_run,peakflops,unhalted_reference_cycles_err,8,16,0.13042780347690525,1
luna_run,peakflops,instruction_retired_err,8,16,0.08351851290508576,1
luna_run,peakflops,uops_retired_any_err,8,16,0.039334272997195684,1
luna_run,peakflops,l1_bw,8,16,-0.031049726074588252,1
luna_run,peakflops,ai,8,16,5.840601064237605e-06,1
luna_run,peakflops,ai_err,8,16,-0.9999943631316105,1
luna_run,peakflops,fp_arith_scalar_double_err,8,32,-0.999996381204975,1
luna_run,peakflops,unhalted_reference_cycles_err,8,32,1.616529645282772,1
luna_run,peakflops,instruction_retired_err,8,32,1.411068079644494,1
luna_run,peakflops,uops_retired_any_err,8,32,1.2334625009619735,1
luna_run,peakflops,l1_bw,8,32,0.9810480640012906,1
luna_run,peakflops,ai,8,32,4.848226287157631e-06,1
luna_run,peakflops,ai_err,8,32,-0.999994078835907,1
luna_run,ddot,fp_arith_scalar_double_err,8,1,-0.9999964143236321,1
luna_run,ddot,unhalted_reference_cycles_err,8,1,-0.02597723971478151,1
luna_run,ddot,instruction_retired_err,8,1,-0.027215467734327134,1
luna_run,ddot,uops_retired_any_err,8,1,-0.026754368756774456,1
luna_run,ddot,l1_bw,8,1,-0.028463240218877455,1
luna_run,ddot,ai,8,1,4.613531443132148e-07,1
luna_run,ddot,ai_err,8,1,-0.9999995700298249,1
luna_run,ddot,fp_arith_scalar_double_err,8,2,-0.9999965673051985,1
luna_run,ddot,unhalted_reference_cycles_err,8,2,-0.026350628594752637,1
luna_run,ddot,instruction_retired_err,8,2,-0.03870977833952433,1
luna_run,ddot,uops_retired_any_err,8,2,-0.036726979200577395,1
luna_run,ddot,l1_bw,8,2,-0.037981457348464295,1
luna_run,ddot,ai,8,2,4.460088593077019e-07,1
luna_run,ddot,ai_err,8,2,-0.9999995590625416,1
luna_run,ddot,fp_arith_scalar_double_err,8,4,-0.9999965048483223,1
luna_run,ddot,unhalted_reference_cycles_err,8,4,-0.025796006673977294,1
luna_run,ddot,instruction_retired_err,8,4,-0.039418332861153704,1
luna_run,ddot,uops_retired_any_err,8,4,-0.03792723697844104,1
luna_run,ddot,l1_bw,8,4,-0.03884255119467157,1
luna_run,ddot,ai,8,4,4.5455883141351043e-07,1
luna_run,ddot,ai_err,8,4,-0.9999995389191146,1
luna_run,ddot,fp_arith_scalar_double_err,8,8,-0.999996472363457,1
luna_run,ddot,unhalted_reference_cycles_err,8,8,-0.023433537375961294,1
luna_run,ddot,instruction_retired_err,8,8,-0.02879885034411977,1
luna_run,ddot,uops_retired_any_err,8,8,-0.02860770879880827,1
luna_run,ddot,l1_bw,8,8,-0.029387650472697962,1
luna_run,ddot,ai,8,8,4.541776799463266e-07,1
luna_run,ddot,ai_err,8,8,-0.9999995680658315,1
luna_run,ddot,fp_arith_scalar_double_err,8,16,-0.9999965160440004,1
luna_run,ddot,unhalted_reference_cycles_err,8,16,0.11633181503861864,1
luna_run,ddot,instruction_retired_err,8,16,0.02969634164575042,1
luna_run,ddot,uops_retired_any_err,8,16,-0.013994564846840456,1
luna_run,ddot,l1_bw,8,16,-0.08582943679191637,1
luna_run,ddot,ai,8,16,4.7643549686260397e-07,1
luna_run,ddot,ai_err,8,16,-0.9999995344364042,1
luna_run,ddot,fp_arith_scalar_double_err,8,32,-0.999996116662304,1
luna_run,ddot,unhalted_reference_cycles_err,8,32,0.2585397645523955,1
luna_run,ddot,instruction_retired_err,8,32,0.14604373660122738,1
luna_run,ddot,uops_retired_any_err,8,32,0.06727086772245379,1
luna_run,ddot,l1_bw,8,32,-0.05138867199735351,1
luna_run,ddot,ai,8,32,5.119496886626736e-07,1
luna_run,ddot,ai_err,8,32,-0.9999994683403182,1
luna_run,daxpy,fp_arith_scalar_double_err,8,1,-0.9999959711476917,1
luna_run,daxpy,unhalted_reference_cycles_err,8,1,-0.022638512252583644,1
luna_run,daxpy,instruction_retired_err,8,1,-0.022708727421895517,1
luna_run,daxpy,uops_retired_any_err,8,1,-0.021448780837779565,1
luna_run,daxpy,l1_bw,8,1,-0.022957572540220267,1
luna_run,daxpy,ai,8,1,3.436298838408312e-07,1
luna_run,daxpy,ai_err,8,1,-0.9999996571937368,1
luna_run,daxpy,fp_arith_scalar_double_err,8,2,-0.9999959261454997,1
luna_run,daxpy,unhalted_reference_cycles_err,8,2,-0.022490047699196547,1
luna_run,daxpy,instruction_retired_err,8,2,-0.022016336441449274,1
luna_run,daxpy,uops_retired_any_err,8,2,-0.022596281706778975,1
luna_run,daxpy,l1_bw,8,2,-0.022459340152903042,1
luna_run,daxpy,ai,8,2,3.4729292807804494e-07,1
luna_run,daxpy,ai_err,8,2,-0.999999655589409,1
luna_run,daxpy,fp_arith_scalar_double_err,8,4,-0.9999959983703981,1
luna_run,daxpy,unhalted_reference_cycles_err,8,4,-0.02322025794393169,1
luna_run,daxpy,instruction_retired_err,8,4,-0.020863990646309546,1
luna_run,daxpy,uops_retired_any_err,8,4,-0.01967341624644644,1
luna_run,daxpy,l1_bw,8,4,-0.02001216759468445,1
luna_run,daxpy,ai,8,4,3.4028749577874304e-07,1
luna_run,daxpy,ai_err,8,4,-0.9999996620063512,1
luna_run,daxpy,fp_arith_scalar_double_err,8,8,-0.9999960175130146,1
luna_run,daxpy,unhalted_reference_cycles_err,8,8,-0.022452477021673817,1
luna_run,daxpy,instruction_retired_err,8,8,-0.017937165398890283,1
luna_run,daxpy,uops_retired_any_err,8,8,-0.016883517029313955,1
luna_run,daxpy,l1_bw,8,8,-0.01799130433098222,1
luna_run,daxpy,ai,8,8,3.379565012070834e-07,1
luna_run,daxpy,ai_err,8,8,-0.9999996677273812,1
luna_run,daxpy,fp_arith_scalar_double_err,8,16,-0.9999955916227481,1
luna_run,daxpy,unhalted_reference_cycles_err,8,16,0.15598379422857664,1
luna_run,daxpy,instruction_retired_err,8,16,0.0914104653597648,1
luna_run,daxpy,uops_retired_any_err,8,16,0.03835770914416944,1
luna_run,daxpy,l1_bw,8,16,-0.021913646255325922,1
luna_run,daxpy,ai,8,16,3.75509520634434e-07,1
luna_run,daxpy,ai_err,8,16,-0.9999996435136392,1
luna_run,daxpy,fp_arith_scalar_double_err,8,32,-0.9999954458156072,1
luna_run,daxpy,unhalted_reference_cycles_err,8,32,0.24952110600064348,1
luna_run,daxpy,instruction_retired_err,8,32,0.1547938910089495,1
luna_run,daxpy,uops_retired_any_err,8,32,0.07629613206268832,1
luna_run,daxpy,l1_bw,8,32,-0.033589247402498794,1
luna_run,daxpy,ai,8,32,3.9293750190665206e-07,1
luna_run,daxpy,ai_err,8,32,-0.9999995825103654,1
luna_run,triad,fp_arith_scalar_double_err,12,1,-0.9999944689377304,1
luna_run,triad,unhalted_reference_cycles_err,12,1,-0.02617403140453237,1
luna_run,triad,instruction_retired_err,12,1,-0.01987286393617591,1
luna_run,triad,uops_retired_any_err,12,1,-0.022681198546196178,1
luna_run,triad,l1_bw,12,1,-0.024981831329637577,1
luna_run,triad,ai,12,1,3.5460335944324304e-07,1
luna_run,triad,ai_err,12,1,-0.9999996425694477,1
luna_run,triad,fp_arith_scalar_double_err,12,2,-0.9999748858986628,1
luna_run,triad,unhalted_reference_cycles_err,12,2,23.40231627823271,1
luna_run,triad,instruction_retired_err,12,2,23.691484399219178,1
luna_run,triad,uops_retired_any_err,12,2,23.651809766610246,1
luna_run,triad,l1_bw,12,2,23.562310489462643,1
luna_run,triad,ai,12,2,2.968918515252292e-07,1
luna_run,triad,ai_err,12,2,-0.999999648688,1
luna_run,triad,fp_arith_scalar_double_err,12,4,-0.9999945020215848,1
luna_run,triad,unhalted_reference_cycles_err,12,4,-0.022109727781415612,1
luna_run,triad,instruction_retired_err,12,4,-0.016293887579757242,1
luna_run,triad,uops_retired_any_err,12,4,-0.017307216903684867,1
luna_run,triad,l1_bw,12,4,-0.01990318523509456,1
luna_run,triad,ai,12,4,3.506782848380196e-07,1
luna_run,triad,ai_err,12,4,-0.9999996552698199,1
luna_run,triad,fp_arith_scalar_double_err,12,8,-0.9999943825465378,1
luna_run,triad,unhalted_reference_cycles_err,12,8,-0.02120939741282165,1
luna_run,triad,instruction_retired_err,12,8,-0.01583774412642988,1
luna_run,triad,uops_retired_any_err,12,8,-0.01640100008249601,1
luna_run,triad,l1_bw,12,8,-0.018961109242694008,1
luna_run,triad,ai,12,8,3.579219104261857e-07,1
luna_run,triad,ai_err,12,8,-0.9999996306346981,1
luna_run,triad,fp_arith_scalar_double_err,12,16,-0.9999939683036506,1
luna_run,triad,unhalted_reference_cycles_err,12,16,0.1478521149457267,1
luna_run,triad,instruction_retired_err,12,16,0.10834069820961559,1
luna_run,triad,uops_retired_any_err,12,16,0.06795534265388091,1
luna_run,triad,l1_bw,12,16,-0.021066233169450672,1
luna_run,triad,ai,12,16,3.851415692791057e-07,1
luna_run,triad,ai_err,12,16,-0.9999996266003154,1
luna_run,triad,fp_arith_scalar_double_err,12,32,-0.9999939147215917,1
luna_run,triad,unhalted_reference_cycles_err,12,32,0.2819319880407359,1
luna_run,triad,instruction_retired_err,12,32,0.19320931218535375,1
luna_run,triad,uops_retired_any_err,12,32,0.11978421933404049,1
luna_run,triad,l1_bw,12,32,-0.015450469438894903,1
luna_run,triad,ai,12,32,3.861923415604847e-07,1
luna_run,triad,ai_err,12,32,-0.9999995968040416,1
luna_run,sum,fp_arith_scalar_double_err,12,1,-0.9999951810263343,1
luna_run,sum,unhalted_reference_cycles_err,12,1,-0.018811593787090124,1
luna_run,sum,instruction_retired_err,12,1,-0.014241695999318625,1
luna_run,sum,uops_retired_any_err,12,1,-0.014095213907650617,1
luna_run,sum,l1_bw,12,1,-0.014475449626449834,1
luna_run,sum,ai,12,1,6.112206661667135e-07,1
luna_run,sum,ai_err,12,1,-0.9999993857149854,1
luna_run,sum,fp_arith_scalar_double_err,12,2,-0.999995313207046,1
luna_run,sum,unhalted_reference_cycles_err,12,2,-0.02032456286080401,1
luna_run,sum,instruction_retired_err,12,2,-0.016496393661262116,1
luna_run,sum,uops_retired_any_err,12,2,-0.013580536378900712,1
luna_run,sum,l1_bw,12,2,-0.015396695788107422,1
luna_run,sum,ai,12,2,5.950092844888069e-07,1
luna_run,sum,ai_err,12,2,-0.9999994068437215,1
luna_run,sum,fp_arith_scalar_double_err,12,4,-0.9999953146221616,1
luna_run,sum,unhalted_reference_cycles_err,12,4,-0.01919053564455573,1
luna_run,sum,instruction_retired_err,12,4,-0.014291212827604318,1
luna_run,sum,uops_retired_any_err,12,4,-0.01436496060217722,1
luna_run,sum,l1_bw,12,4,-0.014495423767672357,1
luna_run,sum,ai,12,4,5.942871464734307e-07,1
luna_run,sum,ai_err,12,4,-0.9999994071612854,1
luna_run,sum,fp_arith_scalar_double_err,12,8,-0.9999952993930609,1
luna_run,sum,unhalted_reference_cycles_err,12,8,-0.018570179276856398,1
luna_run,sum,instruction_retired_err,12,8,-0.013926625059471167,1
luna_run,sum,uops_retired_any_err,12,8,-0.01423777151302145,1
luna_run,sum,l1_bw,12,8,-0.014469291073958591,1
luna_run,sum,ai,12,8,5.96213529192292e-07,1
luna_run,sum,ai_err,12,8,-0.9999994074276981,1
luna_run,sum,fp_arith_scalar_double_err,12,16,-0.999994990673883,1
luna_run,sum,unhalted_reference_cycles_err,12,16,0.125684418914659,1
luna_run,sum,instruction_retired_err,12,16,0.09154823081158114,1
luna_run,sum,uops_retired_any_err,12,16,0.05100329608351268,1
luna_run,sum,l1_bw,12,16,-0.030275786485384638,1
luna_run,sum,ai,12,16,6.455558098507939e-07,1
luna_run,sum,ai_err,12,16,-0.9999993492726953,1
luna_run,sum,fp_arith_scalar_double_err,12,32,-0.9999944106854617,1
luna_run,sum,unhalted_reference_cycles_err,12,32,0.33727389144649217,1
luna_run,sum,instruction_retired_err,12,32,0.2456229578780753,1
luna_run,sum,uops_retired_any_err,12,32,0.1498926448801947,1
luna_run,sum,l1_bw,12,32,0.020040545933725663,1
luna_run,sum,ai,12,32,6.885258215909945e-07,1
luna_run,sum,ai_err,12,32,-0.9999992644785485,1
luna_run,stream,fp_arith_scalar_double_err,12,1,-0.9999955432661959,1
luna_run,stream,unhalted_reference_cycles_err,12,1,-0.028476520251210512,1
luna_run,stream,instruction_retired_err,12,1,-0.027025841880489305,1
luna_run,stream,uops_retired_any_err,12,1,-0.02546216999229729,1
luna_run,stream,l1_bw,12,1,-0.027701284928456225,1
luna_run,stream,ai,12,1,3.819696298970811e-07,1
luna_run,stream,ai_err,12,1,-0.9999996185423675,1
luna_run,stream,fp_arith_scalar_double_err,12,2,-0.9999954271282,1
luna_run,stream,unhalted_reference_cycles_err,12,2,-0.025646827419209747,1
luna_run,stream,instruction_retired_err,12,2,-0.020311542570749675,1
luna_run,stream,uops_retired_any_err,12,2,-0.01903307385321725,1
luna_run,stream,l1_bw,12,2,-0.021615424710635246,1
luna_run,stream,ai,12,2,3.8949271354938284e-07,1
luna_run,stream,ai_err,12,2,-0.999999609672743,1
luna_run,stream,fp_arith_scalar_double_err,12,4,-0.9999954476683965,1
luna_run,stream,unhalted_reference_cycles_err,12,4,-0.0264601896898688,1
luna_run,stream,instruction_retired_err,12,4,-0.023878428438986434,1
luna_run,stream,uops_retired_any_err,12,4,-0.02384667996071363,1
luna_run,stream,l1_bw,12,4,-0.027680980272654778,1
luna_run,stream,ai,12,4,3.9019293983900334e-07,1
luna_run,stream,ai_err,12,4,-0.9999996165824612,1
luna_run,stream,fp_arith_scalar_double_err,12,8,-0.9999954517571614,1
luna_run,stream,unhalted_reference_cycles_err,12,8,-0.02537966184576086,1
luna_run,stream,instruction_retired_err,12,8,-0.02017071789409557,1
luna_run,stream,uops_retired_any_err,12,8,-0.021800294002620343,1
luna_run,stream,l1_bw,12,8,-0.023706615927933064,1
luna_run,stream,ai,12,8,3.8822520734488535e-07,1
luna_run,stream,ai_err,12,8,-0.9999996126742339,1
luna_run,stream,fp_arith_scalar_double_err,12,16,-0.9999951809337823,1
luna_run,stream,unhalted_reference_cycles_err,12,16,0.13865655144562658,1
luna_run,stream,instruction_retired_err,12,16,0.09166792101789242,1
luna_run,stream,uops_retired_any_err,12,16,0.03707684835349642,1
luna_run,stream,l1_bw,12,16,-0.031746149212873054,1
luna_run,stream,ai,12,16,4.1482457572429033e-07,1
luna_run,stream,ai_err,12,16,-0.9999995795643399,1
luna_run,stream,fp_arith_scalar_double_err,12,32,-0.999995044282393,1
luna_run,stream,unhalted_reference_cycles_err,12,32,0.24832426649087205,1
luna_run,stream,instruction_retired_err,12,32,0.15877657570863601,1
luna_run,stream,uops_retired_any_err,12,32,0.07229232013717798,1
luna_run,stream,l1_bw,12,32,-0.04565542785297753,1
luna_run,stream,ai,12,32,4.326649505694619e-07,1
luna_run,stream,ai_err,12,32,-0.9999995362622035,1
luna_run,peakflops,fp_arith_scalar_double_err,12,1,-0.9999974122127603,1
luna_run,peakflops,unhalted_reference_cycles_err,12,1,-0.01720654926131241,1
luna_run,peakflops,instruction_retired_err,12,1,-0.015295178624455688,1
luna_run,peakflops,uops_retired_any_err,12,1,-0.013189401814562735,1
luna_run,peakflops,l1_bw,12,1,-0.00870406706238733,1
luna_run,peakflops,ai,12,1,5.22103648137292e-06,1
luna_run,peakflops,ai_err,12,1,-0.9999947879595871,1
luna_run,peakflops,fp_arith_scalar_double_err,12,2,-0.9999974169500303,1
luna_run,peakflops,unhalted_reference_cycles_err,12,2,-0.015449764640666186,1
luna_run,peakflops,instruction_retired_err,12,2,-0.01312589641514693,1
luna_run,peakflops,uops_retired_any_err,12,2,-0.012279007295690893,1
luna_run,peakflops,l1_bw,12,2,-0.007456675788599415,1
luna_run,peakflops,ai,12,2,5.20497672323442e-06,1
luna_run,peakflops,ai_err,12,2,-0.9999948317162778,1
luna_run,peakflops,fp_arith_scalar_double_err,12,4,-0.9999974155890057,1
luna_run,peakflops,unhalted_reference_cycles_err,12,4,-0.018621330024416512,1
luna_run,peakflops,instruction_retired_err,12,4,-0.01624473784064454,1
luna_run,peakflops,uops_retired_any_err,12,4,-0.014484884517923218,1
luna_run,peakflops,l1_bw,12,4,-0.009754043200243643,1
luna_run,peakflops,ai,12,4,5.219759884836677e-06,1
luna_run,peakflops,ai_err,12,4,-0.999994791759013,1
luna_run,peakflops,fp_arith_scalar_double_err,12,8,-0.9999974168202911,1
luna_run,peakflops,unhalted_reference_cycles_err,12,8,-0.014825166793615084,1
luna_run,peakflops,instruction_retired_err,12,8,-0.012597695583672415,1
luna_run,peakflops,uops_retired_any_err,12,8,-0.011500414797916397,1
luna_run,peakflops,l1_bw,12,8,-0.00728408853561891,1
luna_run,peakflops,ai,12,8,5.204303240056898e-06,1
luna_run,peakflops,ai_err,12,8,-0.9999947896451306,1
luna_run,peakflops,fp_arith_scalar_double_err,12,16,-0.9999973065859515,1
luna_run,peakflops,unhalted_reference_cycles_err,12,16,0.14161214573378475,1
luna_run,peakflops,instruction_retired_err,12,16,0.09406782885301722,1
luna_run,peakflops,uops_retired_any_err,12,16,0.05119028022943856,1
luna_run,peakflops,l1_bw,12,16,-0.02012486250086766,1
luna_run,peakflops,ai,12,16,5.4995289753687865e-06,1
luna_run,peakflops,ai_err,12,16,-0.9999944828233709,1
luna_run,peakflops,fp_arith_scalar_double_err,12,32,-0.9999970397675595,1
luna_run,peakflops,unhalted_reference_cycles_err,12,32,0.26233052138658114,1
luna_run,peakflops,instruction_retired_err,12,32,0.17107640495371082,1
luna_run,peakflops,uops_retired_any_err,12,32,0.08749744509117736,1
luna_run,peakflops,l1_bw,12,32,-0.023085384047950706,1
luna_run,peakflops,ai,12,32,6.063897739761151e-06,1
luna_run,peakflops,ai_err,12,32,-0.9999940288069253,1
luna_run,ddot,fp_arith_scalar_double_err,12,1,-0.9999964046174025,1
luna_run,ddot,unhalted_reference_cycles_err,12,1,-0.02283679457852654,1
luna_run,ddot,instruction_retired_err,12,1,-0.014983980313488524,1
luna_run,ddot,uops_retired_any_err,12,1,-0.016864516131889645,1
luna_run,ddot,l1_bw,12,1,-0.017390628393661133,1
luna_run,ddot,ai,12,1,4.5738237685657374e-07,1
luna_run,ddot,ai_err,12,1,-0.999999541407102,1
luna_run,ddot,fp_arith_scalar_double_err,12,2,-0.9999964048638808,1
luna_run,ddot,unhalted_reference_cycles_err,12,2,-0.02402543621769254,1
luna_run,ddot,instruction_retired_err,12,2,-0.017205342456906705,1
luna_run,ddot,uops_retired_any_err,12,2,-0.016015221472283323,1
luna_run,ddot,l1_bw,12,2,-0.015881043149254464,1
luna_run,ddot,ai,12,2,4.566493208739638e-07,1
luna_run,ddot,ai_err,12,2,-0.9999995454268376,1
luna_run,ddot,fp_arith_scalar_double_err,12,4,-0.9999964053397709,1
luna_run,ddot,unhalted_reference_cycles_err,12,4,-0.024462645038967612,1
luna_run,ddot,instruction_retired_err,12,4,-0.017903719802154754,1
luna_run,ddot,uops_retired_any_err,12,4,-0.01563960800536891,1
luna_run,ddot,l1_bw,12,4,-0.015644052234920363,1
luna_run,ddot,ai,12,4,4.5647285134216995e-07,1
luna_run,ddot,ai_err,12,4,-0.999999542387508,1
luna_run,ddot,fp_arith_scalar_double_err,12,8,-0.999996346436814,1
luna_run,ddot,unhalted_reference_cycles_err,12,8,-0.00859816809126166,1
luna_run,ddot,instruction_retired_err,12,8,-0.009062768205378957,1
luna_run,ddot,uops_retired_any_err,12,8,-0.015580447834703927,1
luna_run,ddot,l1_bw,12,8,-0.02074348060994202,1
luna_run,ddot,ai,12,8,4.6647425743336223e-07,1
luna_run,ddot,ai_err,12,8,-0.9999995158395988,1
luna_run,ddot,fp_arith_scalar_double_err,12,16,-0.9999961311561967,1
luna_run,ddot,unhalted_reference_cycles_err,12,16,0.15609140365851565,1
luna_run,ddot,instruction_retired_err,12,16,0.0991556223336552,1
luna_run,ddot,uops_retired_any_err,12,16,0.05264321294226018,1
luna_run,ddot,l1_bw,12,16,-0.012051772000822065,1
luna_run,ddot,ai,12,16,4.903024189190064e-07,1
luna_run,ddot,ai_err,12,16,-0.9999995149099736,1
luna_run,ddot,fp_arith_scalar_double_err,12,32,-0.9999961104822219,1
luna_run,ddot,unhalted_reference_cycles_err,12,32,0.2542654399666905,1
luna_run,ddot,instruction_retired_err,12,32,0.15058750648455504,1
luna_run,ddot,uops_retired_any_err,12,32,0.0689068557395909,1
luna_run,ddot,l1_bw,12,32,-0.05104498194113912,1
luna_run,ddot,ai,12,32,5.127188164233589e-07,1
luna_run,ddot,ai_err,12,32,-0.9999995220178506,1
luna_run,daxpy,fp_arith_scalar_double_err,12,1,-0.9999959437416184,1
luna_run,daxpy,unhalted_reference_cycles_err,12,1,-0.02131963984765361,1
luna_run,daxpy,instruction_retired_err,12,1,-0.022344345019973837,1
luna_run,daxpy,uops_retired_any_err,12,1,-0.022773727284094242,1
luna_run,daxpy,l1_bw,12,1,-0.023333225669520157,1
luna_run,daxpy,ai,12,1,3.460970204480657e-07,1
luna_run,daxpy,ai_err,12,1,-0.9999996547245422,1
luna_run,daxpy,fp_arith_scalar_double_err,12,2,-0.999995897755674,1
luna_run,daxpy,unhalted_reference_cycles_err,12,2,-0.022420125499832733,1
luna_run,daxpy,instruction_retired_err,12,2,-0.020570217558317217,1
luna_run,daxpy,uops_retired_any_err,12,2,-0.019708378804867446,1
luna_run,daxpy,l1_bw,12,2,-0.020875953171851275,1
luna_run,daxpy,ai,12,2,3.4914196458148615e-07,1
luna_run,daxpy,ai_err,12,2,-0.9999996522461537,1
luna_run,daxpy,fp_arith_scalar_double_err,12,4,-0.9999960037899697,1
luna_run,daxpy,unhalted_reference_cycles_err,12,4,-0.018603398190708383,1
luna_run,daxpy,instruction_retired_err,12,4,-0.013417261261899698,1
luna_run,daxpy,uops_retired_any_err,12,4,-0.012633326695262573,1
luna_run,daxpy,l1_bw,12,4,-0.01852106754689026,1
luna_run,daxpy,ai,12,4,3.393162950261745e-07,1
luna_run,daxpy,ai_err,12,4,-0.9999996550392375,1
luna_run,daxpy,fp_arith_scalar_double_err,12,8,-0.999995991329935,1
luna_run,daxpy,unhalted_reference_cycles_err,12,8,-0.016885392038588895,1
luna_run,daxpy,instruction_retired_err,12,8,-0.014962114918285805,1
luna_run,daxpy,uops_retired_any_err,12,8,-0.014822233931920127,1
luna_run,daxpy,l1_bw,12,8,-0.01582483929557244,1
luna_run,daxpy,ai,12,8,3.394262211995432e-07,1
luna_run,daxpy,ai_err,12,8,-0.9999996584393315,1
luna_run,daxpy,fp_arith_scalar_double_err,12,16,-0.9999957663768184,1
luna_run,daxpy,unhalted_reference_cycles_err,12,16,0.13735913796777427,1
luna_run,daxpy,instruction_retired_err,12,16,0.08410526607688695,1
luna_run,daxpy,uops_retired_any_err,12,16,0.026375574406489348,1
luna_run,daxpy,l1_bw,12,16,-0.027282612107140253,1
luna_run,daxpy,ai,12,16,3.628343645104085e-07,1
luna_run,daxpy,ai_err,12,16,-0.9999996131513734,1
luna_run,daxpy,fp_arith_scalar_double_err,12,32,-0.9999953919746957,1
luna_run,daxpy,unhalted_reference_cycles_err,12,32,0.2836690338571762,1
luna_run,daxpy,instruction_retired_err,12,32,0.1899254295949827,1
luna_run,daxpy,uops_retired_any_err,12,32,0.09867042812363182,1
luna_run,daxpy,l1_bw,12,32,-0.010166631534745499,1
luna_run,daxpy,ai,12,32,3.877651610439809e-07,1
luna_run,daxpy,ai_err,12,32,-0.9999996238859306,1
luna_run,triad,fp_arith_scalar_double_err,16,1,-0.9999945638827876,1
luna_run,triad,unhalted_reference_cycles_err,16,1,-0.013656035809627407,1
luna_run,triad,instruction_retired_err,16,1,-0.008273198586173114,1
luna_run,triad,uops_retired_any_err,16,1,-0.009433218345695576,1
luna_run,triad,l1_bw,16,1,-0.01241736533052537,1
luna_run,triad,ai,16,1,3.440406649429185e-07,1
luna_run,triad,ai_err,16,1,-0.999999658625211,1
luna_run,triad,fp_arith_scalar_double_err,16,2,-0.9999945164627255,1
luna_run,triad,unhalted_reference_cycles_err,16,2,-0.02155108181394417,1
luna_run,triad,instruction_retired_err,16,2,-0.01691569852859435,1
luna_run,triad,uops_retired_any_err,16,2,-0.01607073499733281,1
luna_run,triad,l1_bw,16,2,-0.019106586199336705,1
luna_run,triad,ai,16,2,3.494434611083256e-07,1
luna_run,triad,ai_err,16,2,-0.9999996447632994,1
luna_run,triad,fp_arith_scalar_double_err,16,4,-0.999994416980745,1
luna_run,triad,unhalted_reference_cycles_err,16,4,-0.01750284808288665,1
luna_run,triad,instruction_retired_err,16,4,-0.012740657893392487,1
luna_run,triad,uops_retired_any_err,16,4,-0.016402089230892952,1
luna_run,triad,l1_bw,16,4,-0.017730208710468855,1
luna_run,triad,ai,16,4,3.553348800117077e-07,1
luna_run,triad,ai_err,16,4,-0.9999996554844252,1
luna_run,triad,fp_arith_scalar_double_err,16,8,-0.9999944096948529,1
luna_run,triad,unhalted_reference_cycles_err,16,8,-0.014871578468365397,1
luna_run,triad,instruction_retired_err,16,8,-0.0071129582858035206,1
luna_run,triad,uops_retired_any_err,16,8,-0.008222473258541413,1
luna_run,triad,l1_bw,16,8,-0.012193521740156907,1
luna_run,triad,ai,16,8,3.5370947690869876e-07,1
luna_run,triad,ai_err,16,8,-0.9999996420103985,1
luna_run,triad,fp_arith_scalar_double_err,16,16,-0.9999941017618846,1
luna_run,triad,unhalted_reference_cycles_err,16,16,0.14560933905070042,1
luna_run,triad,instruction_retired_err,16,16,0.09982576924296603,1
luna_run,triad,uops_retired_any_err,16,16,0.04763009862330881,1
luna_run,triad,l1_bw,16,16,-0.022786188067939944,1
luna_run,triad,ai,16,16,3.7708011673146063e-07,1
luna_run,triad,ai_err,16,16,-0.9999996274663804,1
luna_run,triad,fp_arith_scalar_double_err,16,32,-0.9999938980582783,1
luna_run,triad,unhalted_reference_cycles_err,16,32,0.26786018368826564,1
luna_run,triad,instruction_retired_err,16,32,0.1859949426640813,1
luna_run,triad,uops_retired_any_err,16,32,0.10593041766401842,1
luna_run,triad,l1_bw,16,32,-0.028227302398132422,1
luna_run,triad,ai,16,32,3.9241076680525594e-07,1
luna_run,triad,ai_err,16,32,-0.9999996089388551,1
luna_run,sum,fp_arith_scalar_double_err,16,1,-0.9999953390492117,1
luna_run,sum,unhalted_reference_cycles_err,16,1,-0.017731144880908448,1
luna_run,sum,instruction_retired_err,16,1,-0.014274981971709068,1
luna_run,sum,uops_retired_any_err,16,1,-0.01189761380613716,1
luna_run,sum,l1_bw,16,1,-0.012126378691833957,1
luna_run,sum,ai,16,1,5.897782458591083e-07,1
luna_run,sum,ai_err,16,1,-0.9999994127711862,1
luna_run,sum,fp_arith_scalar_double_err,16,2,-0.9999953429577901,1
luna_run,sum,unhalted_reference_cycles_err,16,2,-0.017098673220232972,1
luna_run,sum,instruction_retired_err,16,2,-0.012946300543114247,1
luna_run,sum,uops_retired_any_err,16,2,-0.011969753906115157,1
luna_run,sum,l1_bw,16,2,-0.012708629918511493,1
luna_run,sum,ai,16,2,5.896324638541222e-07,1
luna_run,sum,ai_err,16,2,-0.9999994123220389,1
luna_run,sum,fp_arith_scalar_double_err,16,4,-0.9999952072690036,1
luna_run,sum,unhalted_reference_cycles_err,16,4,-0.018911381773498544,1
luna_run,sum,instruction_retired_err,16,4,-0.014480983977912256,1
luna_run,sum,uops_retired_any_err,16,4,-0.013806403471288,1
luna_run,sum,l1_bw,16,4,-0.013709241611647214,1
luna_run,sum,ai,16,4,6.07422013285789e-07,1
luna_run,sum,ai_err,16,4,-0.9999993935991928,1
luna_run,sum,fp_arith_scalar_double_err,16,8,-0.999995344833932,1
luna_run,sum,unhalted_reference_cycles_err,16,8,-0.017656544575712762,1
luna_run,sum,instruction_retired_err,16,8,-0.013216982593982353,1
luna_run,sum,uops_retired_any_err,16,8,-0.013118261113731731,1
luna_run,sum,l1_bw,16,8,-0.014554924470067006,1
luna_run,sum,ai,16,8,5.904899905823754e-07,1
luna_run,sum,ai_err,16,8,-0.9999994088241295,1
luna_run,sum,fp_arith_scalar_double_err,16,16,-0.9999949272443224,1
luna_run,sum,unhalted_reference_cycles_err,16,16,0.14811281389298725,1
luna_run,sum,instruction_retired_err,16,16,0.08539572061952827,1
luna_run,sum,uops_retired_any_err,16,16,0.03700683493983173,1
luna_run,sum,l1_bw,16,16,-0.026421936738370917,1
luna_run,sum,ai,16,16,6.514399688740624e-07,1
luna_run,sum,ai_err,16,16,-0.9999993677517381,1
luna_run,sum,fp_arith_scalar_double_err,16,32,-0.99999350486646,1
luna_run,sum,unhalted_reference_cycles_err,16,32,0.9708076157344665,1
luna_run,sum,instruction_retired_err,16,32,0.8173997403946675,1
luna_run,sum,uops_retired_any_err,16,32,0.6838404668802389,1
luna_run,sum,l1_bw,16,32,0.49134942599373194,1
luna_run,sum,ai,16,32,6.36203407696643e-07,1
luna_run,sum,ai_err,16,32,-0.9999993346294684,1
luna_run,stream,fp_arith_scalar_double_err,16,1,-0.9999954659989075,1
luna_run,stream,unhalted_reference_cycles_err,16,1,-0.03229863137914573,1
luna_run,stream,instruction_retired_err,16,1,-0.02684669431574859,1
luna_run,stream,uops_retired_any_err,16,1,-0.028126099464306144,1
luna_run,stream,l1_bw,16,1,-0.028460790571679453,1
luna_run,stream,ai,16,1,3.889071150992375e-07,1
luna_run,stream,ai_err,16,1,-0.9999996108513216,1
luna_run,stream,fp_arith_scalar_double_err,16,2,-0.9999955998458913,1
luna_run,stream,unhalted_reference_cycles_err,16,2,-0.027968069406186534,1
luna_run,stream,instruction_retired_err,16,2,-0.02332387910141758,1
luna_run,stream,uops_retired_any_err,16,2,-0.024165016660974176,1
luna_run,stream,l1_bw,16,2,-0.02634555269034173,1
luna_run,stream,ai,16,2,3.766119776147316e-07,1
luna_run,stream,ai_err,16,2,-0.9999996247785456,1
luna_run,stream,fp_arith_scalar_double_err,16,4,-0.9999955898779225,1
luna_run,stream,unhalted_reference_cycles_err,16,4,-0.028523164682887885,1
luna_run,stream,instruction_retired_err,16,4,-0.0234882916292363,1
luna_run,stream,uops_retired_any_err,16,4,-0.022828105914481752,1
luna_run,stream,l1_bw,16,4,-0.025101046653321406,1
luna_run,stream,ai,16,4,3.7697462550261947e-07,1
luna_run,stream,ai_err,16,4,-0.99999962360091,1
luna_run,stream,fp_arith_scalar_double_err,16,8,-0.9999954954929386,1
luna_run,stream,unhalted_reference_cycles_err,16,8,-0.02766345989992768,1
luna_run,stream,instruction_retired_err,16,8,-0.02213403516907153,1
luna_run,stream,uops_retired_any_err,16,8,-0.02100123595807025,1
luna_run,stream,l1_bw,16,8,-0.023446322717783154,1
luna_run,stream,ai,16,8,3.8439224800159323e-07,1
luna_run,stream,ai_err,16,8,-0.9999996181554467,1
luna_run,stream,fp_arith_scalar_double_err,16,16,-0.9999953310592451,1
luna_run,stream,unhalted_reference_cycles_err,16,16,0.14277191753516916,1
luna_run,stream,instruction_retired_err,16,16,0.07427115907494243,1
luna_run,stream,uops_retired_any_err,16,16,0.01343719090510635,1
luna_run,stream,l1_bw,16,16,-0.03506443893202668,1
luna_run,stream,ai,16,16,4.032722093798854e-07,1
luna_run,stream,ai_err,16,16,-0.9999995866755119,1
luna_run,stream,fp_arith_scalar_double_err,16,32,-0.9999950769363913,1
luna_run,stream,unhalted_reference_cycles_err,16,32,0.25103189146996807,1
luna_run,stream,instruction_retired_err,16,32,0.1585909223225353,1
luna_run,stream,uops_retired_any_err,16,32,0.0741517204904063,1
luna_run,stream,l1_bw,16,32,-0.04168934255681065,1
luna_run,stream,ai,16,32,4.2822589701048887e-07,1
luna_run,stream,ai_err,16,32,-0.9999995769077458,1
luna_run,peakflops,fp_arith_scalar_double_err,16,1,-0.9999974146260714,1
luna_run,peakflops,unhalted_reference_cycles_err,16,1,-0.0163747796235234,1
luna_run,peakflops,instruction_retired_err,16,1,-0.01441467476288041,1
luna_run,peakflops,uops_retired_any_err,16,1,-0.014341220439470937,1
luna_run,peakflops,l1_bw,16,1,-0.010000320731187153,1
luna_run,peakflops,ai,16,1,5.223004060752839e-06,1
luna_run,peakflops,ai_err,16,1,-0.9999947943819084,1
luna_run,peakflops,fp_arith_scalar_double_err,16,2,-0.9999974094381683,1
luna_run,peakflops,unhalted_reference_cycles_err,16,2,-0.017556290804723075,1
luna_run,peakflops,instruction_retired_err,16,2,-0.015393105462864917,1
luna_run,peakflops,uops_retired_any_err,16,2,-0.013847562983147531,1
luna_run,peakflops,l1_bw,16,2,-0.009115463335759414,1
luna_run,peakflops,ai,16,2,5.228819865932825e-06,1
luna_run,peakflops,ai_err,16,2,-0.9999947761797628,1
luna_run,peakflops,fp_arith_scalar_double_err,16,4,-0.9999974126342358,1
luna_run,peakflops,unhalted_reference_cycles_err,16,4,-0.01752363842108967,1
luna_run,peakflops,instruction_retired_err,16,4,-0.015108604708855129,1
luna_run,peakflops,uops_retired_any_err,16,4,-0.014372199124366927,1
luna_run,peakflops,l1_bw,16,4,-0.009898434627872252,1
luna_run,peakflops,ai,16,4,5.2264789052661385e-06,1
luna_run,peakflops,ai_err,16,4,-0.9999947951627141,1
luna_run,peakflops,fp_arith_scalar_double_err,16,8,-0.999997370248426,1
luna_run,peakflops,unhalted_reference_cycles_err,16,8,-0.017662879729488608,1
luna_run,peakflops,instruction_retired_err,16,8,-0.015535423068518897,1
luna_run,peakflops,uops_retired_any_err,16,8,-0.01309414911064155,1
luna_run,peakflops,l1_bw,16,8,-0.008440447109266358,1
luna_run,peakflops,ai,16,8,5.304166427365884e-06,1
luna_run,peakflops,ai_err,16,8,-0.9999946479227867,1
luna_run,peakflops,fp_arith_scalar_double_err,16,16,-0.9999971215854851,1
luna_run,peakflops,unhalted_reference_cycles_err,16,16,0.16266699497356482,1
luna_run,peakflops,instruction_retired_err,16,16,0.09741729428789424,1
luna_run,peakflops,uops_retired_any_err,16,16,0.03439511331426629,1
luna_run,peakflops,l1_bw,16,16,-0.01747883951104077,1
luna_run,peakflops,ai,16,16,5.860762419014969e-06,1
luna_run,peakflops,ai_err,16,16,-0.9999939259347106,1
luna_run,peakflops,fp_arith_scalar_double_err,16,32,-0.9999970782496798,1
luna_run,peakflops,unhalted_reference_cycles_err,16,32,0.24281333752102927,1
luna_run,peakflops,instruction_retired_err,16,32,0.15016871367033266,1
luna_run,peakflops,uops_retired_any_err,16,32,0.07001019629499294,1
luna_run,peakflops,l1_bw,16,32,-0.04184248424368192,1
luna_run,peakflops,ai,16,32,6.099072354485237e-06,1
luna_run,peakflops,ai_err,16,32,-0.9999939503786663,1
luna_run,ddot,fp_arith_scalar_double_err,16,1,-0.9999964148865188,1
luna_run,ddot,unhalted_reference_cycles_err,16,1,-0.024391810469556487,1
luna_run,ddot,instruction_retired_err,16,1,-0.02036188412446169,1
luna_run,ddot,uops_retired_any_err,16,1,-0.018053528122204728,1
luna_run,ddot,l1_bw,16,1,-0.01839898038627412,1
luna_run,ddot,ai,16,1,4.565399936155981e-07,1
luna_run,ddot,ai_err,16,1,-0.9999995442895211,1
luna_run,ddot,fp_arith_scalar_double_err,16,2,-0.9999963585871222,1
luna_run,ddot,unhalted_reference_cycles_err,16,2,-0.023341194024605418,1
luna_run,ddot,instruction_retired_err,16,2,-0.017331373807742936,1
luna_run,ddot,uops_retired_any_err,16,2,-0.016531138576008814,1
luna_run,ddot,l1_bw,16,2,-0.01861113661809828,1
luna_run,ddot,ai,16,2,4.637862749783642e-07,1
luna_run,ddot,ai_err,16,2,-0.9999995288332283,1
luna_run,ddot,fp_arith_scalar_double_err,16,4,-0.9999966118423806,1
luna_run,ddot,unhalted_reference_cycles_err,16,4,-0.02469673250212078,1
luna_run,ddot,instruction_retired_err,16,4,-0.03156330751922545,1
luna_run,ddot,uops_retired_any_err,16,4,-0.02951897306571414,1
luna_run,ddot,l1_bw,16,4,-0.030980504444192238,1
luna_run,ddot,ai,16,4,4.3708642398024354e-07,1
luna_run,ddot,ai_err,16,4,-0.9999995853051767,1
luna_run,ddot,fp_arith_scalar_double_err,16,8,-0.9999964566391938,1
luna_run,ddot,unhalted_reference_cycles_err,16,8,-0.023874774144482854,1
luna_run,ddot,instruction_retired_err,16,8,-0.017685821817262547,1
luna_run,ddot,uops_retired_any_err,16,8,-0.015867337805836743,1
luna_run,ddot,l1_bw,16,8,-0.016816561635697946,1
luna_run,ddot,ai,16,8,4.5046236047721985e-07,1
luna_run,ddot,ai_err,16,8,-0.9999995440959792,1
luna_run,ddot,fp_arith_scalar_double_err,16,16,-0.9999962169493817,1
luna_run,ddot,unhalted_reference_cycles_err,16,16,0.14005774655431769,1
luna_run,ddot,instruction_retired_err,16,16,0.09450756645793447,1
luna_run,ddot,uops_retired_any_err,16,16,0.04527583390688312,1
luna_run,ddot,l1_bw,16,16,-0.026969647861307847,1
luna_run,ddot,ai,16,16,4.859899592460671e-07,1
luna_run,ddot,ai_err,16,16,-0.9999995280067522,1
luna_run,ddot,fp_arith_scalar_double_err,16,32,-0.9999959456864255,1
luna_run,ddot,unhalted_reference_cycles_err,16,32,0.28525246738326543,1
luna_run,ddot,instruction_retired_err,16,32,0.19225020280216412,1
luna_run,ddot,uops_retired_any_err,16,32,0.10692104765973547,1
luna_run,ddot,l1_bw,16,32,0.0005295270385601963,1
luna_run,ddot,ai,16,32,5.069155007381316e-07,1
luna_run,ddot,ai_err,16,32,-0.9999994944805686,1
luna_run,daxpy,fp_arith_scalar_double_err,16,1,-0.9999960288756132,1
luna_run,daxpy,unhalted_reference_cycles_err,16,1,-0.02144977176353196,1
luna_run,daxpy,instruction_retired_err,16,1,-0.024039948878464577,1
luna_run,daxpy,uops_retired_any_err,16,1,-0.02276308330824109,1
luna_run,daxpy,l1_bw,16,1,-0.023393624599943597,1
luna_run,daxpy,ai,16,1,3.3885833288900945e-07,1
luna_run,daxpy,ai_err,16,1,-0.999999663022424,1
luna_run,daxpy,fp_arith_scalar_double_err,16,2,-0.9999959162939508,1
luna_run,daxpy,unhalted_reference_cycles_err,16,2,-0.02241911611594204,1
luna_run,daxpy,instruction_retired_err,16,2,-0.023122705620977207,1
luna_run,daxpy,uops_retired_any_err,16,2,-0.02227751906438546,1
luna_run,daxpy,l1_bw,16,2,-0.02312746889957067,1
luna_run,daxpy,ai,16,2,3.483666174536786e-07,1
luna_run,daxpy,ai_err,16,2,-0.999999651263819,1
luna_run,daxpy,fp_arith_scalar_double_err,16,4,-0.9999958770365835,1
luna_run,daxpy,unhalted_reference_cycles_err,16,4,-0.02174277786548512,1
luna_run,daxpy,instruction_retired_err,16,4,-0.02084532652086421,1
luna_run,daxpy,uops_retired_any_err,16,4,-0.020287356124878416,1
luna_run,daxpy,l1_bw,16,4,-0.02152074753001529,1
luna_run,daxpy,ai,16,4,3.5112553751968066e-07,1
luna_run,daxpy,ai_err,16,4,-0.9999996484186455,1
luna_run,daxpy,fp_arith_scalar_double_err,16,8,-0.9999959076740212,1
luna_run,daxpy,unhalted_reference_cycles_err,16,8,-0.021470538226136607,1
luna_run,daxpy,instruction_retired_err,16,8,-0.020886643861526902,1
luna_run,daxpy,uops_retired_any_err,16,8,-0.021007555644885153,1
luna_run,daxpy,l1_bw,16,8,-0.021808014896983963,1
luna_run,daxpy,ai,16,8,3.4862774360382696e-07,1
luna_run,daxpy,ai_err,16,8,-0.9999996494731948,1
luna_run,daxpy,fp_arith_scalar_double_err,16,16,-0.9999957793600062,1
luna_run,daxpy,unhalted_reference_cycles_err,16,16,0.13595473524726445,1
luna_run,daxpy,instruction_retired_err,16,16,0.0771320711274497,1
luna_run,daxpy,uops_retired_any_err,16,16,0.03187402453387446,1
luna_run,daxpy,l1_bw,16,16,-0.03463099245509775,1
luna_run,daxpy,ai,16,16,3.64455278498066e-07,1
luna_run,daxpy,ai_err,16,16,-0.9999996454980471,1
luna_run,daxpy,fp_arith_scalar_double_err,16,32,-0.9999956359435276,1
luna_run,daxpy,unhalted_reference_cycles_err,16,32,0.25672370972047215,1
luna_run,daxpy,instruction_retired_err,16,32,0.16635245800414641,1
luna_run,daxpy,uops_retired_any_err,16,32,0.07854447566461233,1
luna_run,daxpy,l1_bw,16,32,-0.05008656754036842,1
luna_run,daxpy,ai,16,32,3.828276695359513e-07,1
luna_run,daxpy,ai_err,16,32,-0.9999996052716724,1
luna_run,triad,fp_arith_scalar_double_err,20,1,-0.999994550334044,1
luna_run,triad,unhalted_reference_cycles_err,20,1,-0.01791311192342223,1
luna_run,triad,instruction_retired_err,20,1,-0.01257774387053424,1
luna_run,triad,uops_retired_any_err,20,1,-0.014893187441892324,1
luna_run,triad,l1_bw,20,1,-0.018137334188656675,1
luna_run,triad,ai,20,1,3.4692196562691605e-07,1
luna_run,triad,ai_err,20,1,-0.9999996579383181,1
luna_run,triad,fp_arith_scalar_double_err,20,2,-0.9999944497930351,1
luna_run,triad,unhalted_reference_cycles_err,20,2,-0.02219131767429858,1
luna_run,triad,instruction_retired_err,20,2,-0.017869705819158782,1
luna_run,triad,uops_retired_any_err,20,2,-0.020977385320089165,1
luna_run,triad,l1_bw,20,2,-0.024164080955206904,1
luna_run,triad,ai,20,2,3.5554774476575786e-07,1
luna_run,triad,ai_err,20,2,-0.9999996443691451,1
luna_run,triad,fp_arith_scalar_double_err,20,4,-0.9999944721864216,1
luna_run,triad,unhalted_reference_cycles_err,20,4,-0.021655620707709572,1
luna_run,triad,instruction_retired_err,20,4,-0.01467135174987366,1
luna_run,triad,uops_retired_any_err,20,4,-0.013585307855922464,1
luna_run,triad,l1_bw,20,4,-0.016621094577907083,1
luna_run,triad,ai,20,4,3.5134866618902695e-07,1
luna_run,triad,ai_err,20,4,-0.999999646837651,1
luna_run,triad,fp_arith_scalar_double_err,20,8,-0.9999945554761851,1
luna_run,triad,unhalted_reference_cycles_err,20,8,-0.014290773360880618,1
luna_run,triad,instruction_retired_err,20,8,-0.0072729913131938445,1
luna_run,triad,uops_retired_any_err,20,8,-0.007261054026759186,1
luna_run,triad,l1_bw,20,8,-0.00953187672802701,1
luna_run,triad,ai,20,8,3.4355818322247936e-07,1
luna_run,triad,ai_err,20,8,-0.9999996567379683,1
luna_run,triad,fp_arith_scalar_double_err,20,16,-0.9999942539616413,1
luna_run,triad,unhalted_reference_cycles_err,20,16,0.14160409909254384,1
luna_run,triad,instruction_retired_err,20,16,0.10205392814184107,1
luna_run,triad,uops_retired_any_err,20,16,0.057567159659059695,1
luna_run,triad,l1_bw,20,16,-0.025401545255756292,1
luna_run,triad,ai,20,16,3.686752525734821e-07,1
luna_run,triad,ai_err,20,16,-0.9999996312130937,1
luna_run,triad,fp_arith_scalar_double_err,20,32,-0.999993792786012,1
luna_run,triad,unhalted_reference_cycles_err,20,32,0.24902247010647524,1
luna_run,triad,instruction_retired_err,20,32,0.1654451574334298,1
luna_run,triad,uops_retired_any_err,20,32,0.08047852756691458,1
luna_run,triad,l1_bw,20,32,-0.049174485315635987,1
luna_run,triad,ai,20,32,4.0814402334792787e-07,1
luna_run,triad,ai_err,20,32,-0.9999996048670623,1
luna_run,sum,fp_arith_scalar_double_err,20,1,-0.9999953325509018,1
luna_run,sum,unhalted_reference_cycles_err,20,1,-0.016679373110191905,1
luna_run,sum,instruction_retired_err,20,1,-0.012397170443404052,1
luna_run,sum,uops_retired_any_err,20,1,-0.012820508953120988,1
luna_run,sum,l1_bw,20,1,-0.01267077291597147,1
luna_run,sum,ai,20,1,5.909285687846389e-07,1
luna_run,sum,ai_err,20,1,-0.9999994116169699,1
luna_run,sum,fp_arith_scalar_double_err,20,2,-0.9999951977789385,1
luna_run,sum,unhalted_reference_cycles_err,20,2,-0.017180697641985272,1
luna_run,sum,instruction_retired_err,20,2,-0.013482345091132344,1
luna_run,sum,uops_retired_any_err,20,2,-0.012123262638226714,1
luna_run,sum,l1_bw,20,2,-0.013179450399092544,1
luna_run,sum,ai,20,2,6.082979401163029e-07,1
luna_run,sum,ai_err,20,2,-0.9999993934058272,1
luna_run,sum,fp_arith_scalar_double_err,20,4,-0.999995319592286,1
luna_run,sum,unhalted_reference_cycles_err,20,4,-0.019377351028609473,1
luna_run,sum,instruction_retired_err,20,4,-0.014900626353149713,1
luna_run,sum,uops_retired_any_err,20,4,-0.013470489339349327,1
luna_run,sum,l1_bw,20,4,-0.013190632202699193,1
luna_run,sum,ai,20,4,5.928758565386466e-07,1
luna_run,sum,ai_err,20,4,-0.9999994106607325,1
luna_run,sum,fp_arith_scalar_double_err,20,8,-0.9999953136718925,1
luna_run,sum,unhalted_reference_cycles_err,20,8,-0.01841821712437196,1
luna_run,sum,instruction_retired_err,20,8,-0.013464864302937876,1
luna_run,sum,uops_retired_any_err,20,8,-0.013595548674277012,1
luna_run,sum,l1_bw,20,8,-0.012863726690178441,1
luna_run,sum,ai,20,8,5.934304544193552e-07,1
luna_run,sum,ai_err,20,8,-0.9999994073862665,1
luna_run,sum,fp_arith_scalar_double_err,20,16,-0.9999951687731636,1
luna_run,sum,unhalted_reference_cycles_err,20,16,0.11534163373650876,1
luna_run,sum,instruction_retired_err,20,16,0.07750702075324704,1
luna_run,sum,uops_retired_any_err,20,16,0.03458494702634075,1
luna_run,sum,l1_bw,20,16,-0.04523490511737083,1
luna_run,sum,ai,20,16,6.325173067641739e-07,1
luna_run,sum,ai_err,20,16,-0.9999993640345844,1
luna_run,sum,fp_arith_scalar_double_err,20,32,-0.9999948281364546,1
luna_run,sum,unhalted_reference_cycles_err,20,32,0.2892813575749629,1
luna_run,sum,instruction_retired_err,20,32,0.1991518187040405,1
luna_run,sum,uops_retired_any_err,20,32,0.11033760717524033,1
luna_run,sum,l1_bw,20,32,-0.023603913381389563,1
luna_run,sum,ai,20,32,6.621567403537662e-07,1
luna_run,sum,ai_err,20,32,-0.9999993098066021,1
luna_run,stream,fp_arith_scalar_double_err,20,1,-0.9999955777277839,1
luna_run,stream,unhalted_reference_cycles_err,20,1,-0.026916324552561488,1
luna_run,stream,instruction_retired_err,20,1,-0.023410947117124915,1
luna_run,stream,uops_retired_any_err,20,1,-0.020291324046440434,1
luna_run,stream,l1_bw,20,1,-0.02413290224116202,1
luna_run,stream,ai,20,1,3.7763370681001604e-07,1
luna_run,stream,ai_err,20,1,-0.9999996258979937,1
luna_run,stream,fp_arith_scalar_double_err,20,2,-0.9999955809801384,1
luna_run,stream,unhalted_reference_cycles_err,20,2,-0.028531537811384313,1
luna_run,stream,instruction_retired_err,20,2,-0.022516483808162006,1
luna_run,stream,uops_retired_any_err,20,2,-0.02293661097434001,1
luna_run,stream,l1_bw,20,2,-0.025198346632863345,1
luna_run,stream,ai,20,2,3.7778293683788287e-07,1
luna_run,stream,ai_err,20,2,-0.999999623185712,1
luna_run,stream,fp_arith_scalar_double_err,20,4,-0.9999955226291659,1
luna_run,stream,unhalted_reference_cycles_err,20,4,-0.026963846690585668,1
luna_run,stream,instruction_retired_err,20,4,-0.022836924161993424,1
luna_run,stream,uops_retired_any_err,20,4,-0.022547386516096255,1
luna_run,stream,l1_bw,20,4,-0.02404644382710776,1
luna_run,stream,ai,20,4,3.823152810281613e-07,1
luna_run,stream,ai_err,20,4,-0.9999996279086819,1
luna_run,stream,fp_arith_scalar_double_err,20,8,-0.9999924339295984,1
luna_run,stream,unhalted_reference_cycles_err,20,8,7.046833295840548,1
luna_run,stream,instruction_retired_err,20,8,7.087878381112045,1
luna_run,stream,uops_retired_any_err,20,8,7.077306920421826,1
luna_run,stream,l1_bw,20,8,7.047914055547509,1
luna_run,stream,ai,20,8,3.0871697728083893e-07,1
luna_run,stream,ai_err,20,8,-0.9999996253616288,1
luna_run,stream,fp_arith_scalar_double_err,20,16,-0.9999953398512248,1
luna_run,stream,unhalted_reference_cycles_err,20,16,0.1592821058771029,1
luna_run,stream,instruction_retired_err,20,16,0.10176864180894248,1
luna_run,stream,uops_retired_any_err,20,16,0.046877791966413285,1
luna_run,stream,l1_bw,20,16,-0.018096925568317622,1
luna_run,stream,ai,20,16,3.9559341926016424e-07,1
luna_run,stream,ai_err,20,16,-0.9999996168288934,1
luna_run,stream,fp_arith_scalar_double_err,20,32,-0.9999948175266362,1
luna_run,stream,unhalted_reference_cycles_err,20,32,0.26762690838406716,1
luna_run,stream,instruction_retired_err,20,32,0.18459250111527406,1
luna_run,stream,uops_retired_any_err,20,32,0.10558569862446268,1
luna_run,stream,l1_bw,20,32,-0.023005849301619363,1
luna_run,stream,ai,20,32,4.4191825518997107e-07,1
luna_run,stream,ai_err,20,32,-0.9999995685683594,1
luna_run,peakflops,fp_arith_scalar_double_err,20,1,-0.999997386750331,1
luna_run,peakflops,unhalted_reference_cycles_err,20,1,-0.015219284724345724,1
luna_run,peakflops,instruction_retired_err,20,1,-0.013162850320237864,1
luna_run,peakflops,uops_retired_any_err,20,1,-0.012089868060237508,1
luna_run,peakflops,l1_bw,20,1,-0.008023056138442364,1
luna_run,peakflops,ai,20,1,5.268789126419101e-06,1
luna_run,peakflops,ai_err,20,1,-0.9999948117738416,1
luna_run,peakflops,fp_arith_scalar_double_err,20,2,-0.9999974015849332,1
luna_run,peakflops,unhalted_reference_cycles_err,20,2,-0.016821017196851494,1
luna_run,peakflops,instruction_retired_err,20,2,-0.013896311915907884,1
luna_run,peakflops,uops_retired_any_err,20,2,-0.013017783263027717,1
luna_run,peakflops,l1_bw,20,2,-0.006577677118608263,1
luna_run,peakflops,ai,20,2,5.2313302694330945e-06,1
luna_run,peakflops,ai_err,20,2,-0.9999947980191266,1
luna_run,peakflops,fp_arith_scalar_double_err,20,4,-0.9999974059670577,1
luna_run,peakflops,unhalted_reference_cycles_err,20,4,-0.015076106372537465,1
luna_run,peakflops,instruction_retired_err,20,4,-0.012371056502415545,1
luna_run,peakflops,uops_retired_any_err,20,4,-0.012805357650190788,1
luna_run,peakflops,l1_bw,20,4,-0.006092664449614618,1
luna_run,peakflops,ai,20,4,5.219870654403528e-06,1
luna_run,peakflops,ai_err,20,4,-0.9999947720099203,1
luna_run,peakflops,fp_arith_scalar_double_err,20,8,-0.9999973929751378,1
luna_run,peakflops,unhalted_reference_cycles_err,20,8,-0.016466194154258464,1
luna_run,peakflops,instruction_retired_err,20,8,-0.0152408411249833,1
luna_run,peakflops,uops_retired_any_err,20,8,-0.013121164632613452,1
luna_run,peakflops,l1_bw,20,8,-0.007408188775516842,1
luna_run,peakflops,ai,20,8,5.252973716794791e-06,1
luna_run,peakflops,ai_err,20,8,-0.9999947922741524,1
luna_run,peakflops,fp_arith_scalar_double_err,20,16,-0.999997239668253,1
luna_run,peakflops,unhalted_reference_cycles_err,20,16,0.15999104578669623,1
luna_run,peakflops,instruction_retired_err,20,16,0.1072859736982059,1
luna_run,peakflops,uops_retired_any_err,20,16,0.05842919873600173,1
luna_run,peakflops,l1_bw,20,16,-0.006971415654937824,1
luna_run,peakflops,ai,20,16,5.560495619240824e-06,1
luna_run,peakflops,ai_err,20,16,-0.9999945426063817,1
luna_run,peakflops,fp_arith_scalar_double_err,20,32,-0.999997072503081,1
luna_run,peakflops,unhalted_reference_cycles_err,20,32,0.260586115099646,1
luna_run,peakflops,instruction_retired_err,20,32,0.16859461158145347,1
luna_run,peakflops,uops_retired_any_err,20,32,0.07675794177120887,1
luna_run,peakflops,l1_bw,20,32,-0.02658745107130133,1
luna_run,peakflops,ai,20,32,6.018694916356573e-06,1
luna_run,peakflops,ai_err,20,32,-0.9999940327140396,1
luna_run,ddot,fp_arith_scalar_double_err,20,1,-0.9999965763037678,1
luna_run,ddot,unhalted_reference_cycles_err,20,1,-0.02283036419073926,1
luna_run,ddot,instruction_retired_err,20,1,-0.02657993924202679,1
luna_run,ddot,uops_retired_any_err,20,1,-0.026094886125160022,1
luna_run,ddot,l1_bw,20,1,-0.027445750193712832,1
luna_run,ddot,ai,20,1,4.399714037568519e-07,1
luna_run,ddot,ai_err,20,1,-0.9999995436495136,1
luna_run,ddot,fp_arith_scalar_double_err,20,2,-0.9999966644014786,1
luna_run,ddot,unhalted_reference_cycles_err,20,2,-0.02277663558257643,1
luna_run,ddot,instruction_retired_err,20,2,-0.03130711320503153,1
luna_run,ddot,uops_retired_any_err,20,2,-0.031232088644030355,1
luna_run,ddot,l1_bw,20,2,-0.031618086390734136,1
luna_run,ddot,ai,20,2,4.3054218968704736e-07,1
luna_run,ddot,ai_err,20,2,-0.9999995714814881,1
luna_run,ddot,fp_arith_scalar_double_err,20,4,-0.9999965933113716,1
luna_run,ddot,unhalted_reference_cycles_err,20,4,-0.022899914152647933,1
luna_run,ddot,instruction_retired_err,20,4,-0.03491070408783854,1
luna_run,ddot,uops_retired_any_err,20,4,-0.03459617246938827,1
luna_run,ddot,l1_bw,20,4,-0.035136013990360024,1
luna_run,ddot,ai,20,4,4.413302125623321e-07,1
luna_run,ddot,ai_err,20,4,-0.9999995743723348,1
luna_run,ddot,fp_arith_scalar_double_err,20,8,-0.9999966526979926,1
luna_run,ddot,unhalted_reference_cycles_err,20,8,-0.017237701662783104,1
luna_run,ddot,instruction_retired_err,20,8,-0.027724246024854533,1
luna_run,ddot,uops_retired_any_err,20,8,-0.025893482341800875,1
luna_run,ddot,l1_bw,20,8,-0.02849865620456523,1
luna_run,ddot,ai,20,8,4.3064107769417525e-07,1
luna_run,ddot,ai_err,20,8,-0.9999995645567534,1
luna_run,ddot,fp_arith_scalar_double_err,20,16,-0.9999961491843841,1
luna_run,ddot,unhalted_reference_cycles_err,20,16,0.17269133681921178,1
luna_run,ddot,instruction_retired_err,20,16,0.1110466406288873,1
luna_run,ddot,uops_retired_any_err,20,16,0.06380857772672532,1
luna_run,ddot,l1_bw,20,16,-0.0077544246177135194,1
luna_run,ddot,ai,20,16,4.848907241815936e-07,1
luna_run,ddot,ai_err,20,16,-0.9999995349306104,1
luna_run,ddot,fp_arith_scalar_double_err,20,32,-0.9999943174090998,1
luna_run,ddot,unhalted_reference_cycles_err,20,32,2.4040179585977306,1
luna_run,ddot,instruction_retired_err,20,32,2.1125765361123805,1
luna_run,ddot,uops_retired_any_err,20,32,1.9049862962917297,1
luna_run,ddot,l1_bw,20,32,1.5588925815754624,1
luna_run,ddot,ai,20,32,3.897424978162919e-07,1
luna_run,ddot,ai_err,20,32,-0.9999994930424027,1
luna_run,daxpy,fp_arith_scalar_double_err,20,1,-0.9999960048680567,1
luna_run,daxpy,unhalted_reference_cycles_err,20,1,-0.01528430591970666,1
luna_run,daxpy,instruction_retired_err,20,1,-0.012712001972111095,1
luna_run,daxpy,uops_retired_any_err,20,1,-0.012058047694138676,1
luna_run,daxpy,l1_bw,20,1,-0.013673237995696181,1
luna_run,daxpy,ai,20,1,3.375589929376982e-07,1
luna_run,daxpy,ai_err,20,1,-0.9999996577415731,1
luna_run,daxpy,fp_arith_scalar_double_err,20,2,-0.9999959083511114,1
luna_run,daxpy,unhalted_reference_cycles_err,20,2,-0.019146238980968865,1
luna_run,daxpy,instruction_retired_err,20,2,-0.018334904614724434,1
luna_run,daxpy,uops_retired_any_err,20,2,-0.017851933056968052,1
luna_run,daxpy,l1_bw,20,2,-0.01864973480684446,1
luna_run,daxpy,ai,20,2,3.4744750242193654e-07,1
luna_run,daxpy,ai_err,20,2,-0.9999996523793948,1
luna_run,daxpy,fp_arith_scalar_double_err,20,4,-0.9999960004598553,1
luna_run,daxpy,unhalted_reference_cycles_err,20,4,-0.019620234755798705,1
luna_run,daxpy,instruction_retired_err,20,4,-0.016648531730009197,1
luna_run,daxpy,uops_retired_any_err,20,4,-0.016389927479619884,1
luna_run,daxpy,l1_bw,20,4,-0.017514708856399303,1
luna_run,daxpy,ai,20,4,3.392377034428231e-07,1
luna_run,daxpy,ai_err,20,4,-0.9999996629459473,1
luna_run,daxpy,fp_arith_scalar_double_err,20,8,-0.9999960044537425,1
luna_run,daxpy,unhalted_reference_cycles_err,20,8,-0.020512459445528906,1
luna_run,daxpy,instruction_retired_err,20,8,-0.019687053996372744,1
luna_run,daxpy,uops_retired_any_err,20,8,-0.01899936405324919,1
luna_run,daxpy,l1_bw,20,8,-0.019652515962242986,1
luna_run,daxpy,ai,20,8,3.396323739592998e-07,1
luna_run,daxpy,ai_err,20,8,-0.9999996607653587,1
luna_run,daxpy,fp_arith_scalar_double_err,20,16,-0.9999957879160238,1
luna_run,daxpy,unhalted_reference_cycles_err,20,16,0.13510667425031744,1
luna_run,daxpy,instruction_retired_err,20,16,0.06795753633034188,1
luna_run,daxpy,uops_retired_any_err,20,16,0.017296792164444914,1
luna_run,daxpy,l1_bw,20,16,-0.047739129949340674,1
luna_run,daxpy,ai,20,16,3.685631231934523e-07,1
luna_run,daxpy,ai_err,20,16,-0.9999996308811211,1
luna_run,daxpy,fp_arith_scalar_double_err,20,32,-0.9999953880630579,1
luna_run,daxpy,unhalted_reference_cycles_err,20,32,0.2585102650209898,1
luna_run,daxpy,instruction_retired_err,20,32,0.14399334535996305,1
luna_run,daxpy,uops_retired_any_err,20,32,0.060552797932388006,1
luna_run,daxpy,l1_bw,20,32,-0.05024766943192,1
luna_run,daxpy,ai,20,32,4.0458151677347336e-07,1
luna_run,daxpy,ai_err,20,32,-0.9999995934640127,1
luna_run,triad,fp_arith_scalar_double_err,24,1,-0.9999944863591833,1
luna_run,triad,unhalted_reference_cycles_err,24,1,-0.01939799965884937,1
luna_run,triad,instruction_retired_err,24,1,-0.014219218285338791,1
luna_run,triad,uops_retired_any_err,24,1,-0.016144817152384652,1
luna_run,triad,l1_bw,24,1,-0.017800186749715678,1
luna_run,triad,ai,24,1,3.5091079183152353e-07,1
luna_run,triad,ai_err,24,1,-0.9999996553616293,1
luna_run,triad,fp_arith_scalar_double_err,24,2,-0.9999944952728642,1
luna_run,triad,unhalted_reference_cycles_err,24,2,-0.020244194534183066,1
luna_run,triad,instruction_retired_err,24,2,-0.011996620208657207,1
luna_run,triad,uops_retired_any_err,24,2,-0.01282988316715259,1
luna_run,triad,l1_bw,24,2,-0.01677111716481345,1
luna_run,triad,ai,24,2,3.4997090536053804e-07,1
luna_run,triad,ai_err,24,2,-0.9999996538419637,1
luna_run,triad,fp_arith_scalar_double_err,24,4,-0.9999944441710257,1
luna_run,triad,unhalted_reference_cycles_err,24,4,-0.02335765388091024,1
luna_run,triad,instruction_retired_err,24,4,-0.01763080220818506,1
luna_run,triad,uops_retired_any_err,24,4,-0.0175533641318113,1
luna_run,triad,l1_bw,24,4,-0.020575429558780382,1
luna_run,triad,ai,24,4,3.545941727281089e-07,1
luna_run,triad,ai_err,24,4,-0.9999996553546572,1
luna_run,triad,fp_arith_scalar_double_err,24,8,-0.9999944030394742,1
luna_run,triad,unhalted_reference_cycles_err,24,8,-0.019019657694401282,1
luna_run,triad,instruction_retired_err,24,8,-0.012448864114466811,1
luna_run,triad,uops_retired_any_err,24,8,-0.013772796738438293,1
luna_run,triad,l1_bw,24,8,-0.016046630444771975,1
luna_run,triad,ai,24,8,3.555457012166332e-07,1
luna_run,triad,ai_err,24,8,-0.999999641467681,1
luna_run,triad,fp_arith_scalar_double_err,24,16,-0.9999939468043814,1
luna_run,triad,unhalted_reference_cycles_err,24,16,0.18105231232311506,1
luna_run,triad,instruction_retired_err,24,16,0.12228440981654819,1
luna_run,triad,uops_retired_any_err,24,16,0.06904378655723724,1
luna_run,triad,l1_bw,24,16,-0.004638296206820106,1
luna_run,triad,ai,24,16,3.7983048625972476e-07,1
luna_run,triad,ai_err,24,16,-0.9999996260199837,1
luna_run,triad,fp_arith_scalar_double_err,24,32,-0.99999402111889,1
luna_run,triad,unhalted_reference_cycles_err,24,32,0.26580106426763295,1
luna_run,triad,instruction_retired_err,24,32,0.1700485643412926,1
luna_run,triad,uops_retired_any_err,24,32,0.08553413200216972,1
luna_run,triad,l1_bw,24,32,-0.038689159659444285,1
luna_run,triad,ai,24,32,3.888628349690444e-07,1
luna_run,triad,ai_err,24,32,-0.999999610105694,1
luna_run,sum,fp_arith_scalar_double_err,24,1,-0.9999953421372042,1
luna_run,sum,unhalted_reference_cycles_err,24,1,-0.01558302831435608,1
luna_run,sum,instruction_retired_err,24,1,-0.011539794867769954,1
luna_run,sum,uops_retired_any_err,24,1,-0.011988186639879108,1
luna_run,sum,l1_bw,24,1,-0.012112402450590228,1
luna_run,sum,ai,24,1,5.893719270756954e-07,1
luna_run,sum,ai_err,24,1,-0.9999994127805203,1
luna_run,sum,fp_arith_scalar_double_err,24,2,-0.9999952702495439,1
luna_run,sum,unhalted_reference_cycles_err,24,2,-0.016531507538744033,1
luna_run,sum,instruction_retired_err,24,2,-0.011714262411822397,1
luna_run,sum,uops_retired_any_err,24,2,-0.011459479193837024,1
luna_run,sum,l1_bw,24,2,-0.011857648358944553,1
luna_run,sum,ai,24,2,5.983210179804837e-07,1
luna_run,sum,ai_err,24,2,-0.9999993953879623,1
luna_run,sum,fp_arith_scalar_double_err,24,4,-0.9999952160169292,1
luna_run,sum,unhalted_reference_cycles_err,24,4,-0.01730723215789069,1
luna_run,sum,instruction_retired_err,24,4,-0.012909109054591895,1
luna_run,sum,uops_retired_any_err,24,4,-0.012442480569768682,1
luna_run,sum,l1_bw,24,4,-0.012671456191164335,1
luna_run,sum,ai,24,4,6.056738324319524e-07,1
luna_run,sum,ai_err,24,4,-0.9999993951922358,1
luna_run,sum,fp_arith_scalar_double_err,24,8,-0.9999953400276059,1
luna_run,sum,unhalted_reference_cycles_err,24,8,-0.017135092640594155,1
luna_run,sum,instruction_retired_err,24,8,-0.013257469052666787,1
luna_run,sum,uops_retired_any_err,24,8,-0.012338800919850594,1
luna_run,sum,l1_bw,24,8,-0.012620103497219105,1
luna_run,sum,ai,24,8,5.899455289391919e-07,1
luna_run,sum,ai_err,24,8,-0.9999994129958876,1
luna_run,sum,fp_arith_scalar_double_err,24,16,-0.9999950925587439,1
luna_run,sum,unhalted_reference_cycles_err,24,16,0.14151652152691643,1
luna_run,sum,instruction_retired_err,24,16,0.08793816937964359,1
luna_run,sum,uops_retired_any_err,24,16,0.03605399215792804,1
luna_run,sum,l1_bw,24,16,-0.02478087530733534,1
luna_run,sum,ai,24,16,6.294356469825404e-07,1
luna_run,sum,ai_err,24,16,-0.9999993846503716,1
luna_run,sum,fp_arith_scalar_double_err,24,32,-0.9999948264249026,1
luna_run,sum,unhalted_reference_cycles_err,24,32,0.27466247291209084,1
luna_run,sum,instruction_retired_err,24,32,0.1702113845942313,1
luna_run,sum,uops_retired_any_err,24,32,0.0861739061862158,1
luna_run,sum,l1_bw,24,32,-0.01762833836266294,1
luna_run,sum,ai,24,32,6.582407789956462e-07,1
luna_run,sum,ai_err,24,32,-0.9999993449849697,1
luna_run,stream,fp_arith_scalar_double_err,24,1,-0.999995499774595,1
luna_run,stream,unhalted_reference_cycles_err,24,1,-0.027234065637331432,1
luna_run,stream,instruction_retired_err,24,1,-0.02228938088134349,1
luna_run,stream,uops_retired_any_err,24,1,-0.022053904019789503,1
luna_run,stream,l1_bw,24,1,-0.02507475060483461,1
luna_run,stream,ai,24,1,3.846596783611065e-07,1
luna_run,stream,ai_err,24,1,-0.9999996237936658,1
luna_run,stream,fp_arith_scalar_double_err,24,2,-0.9999955830332896,1
luna_run,stream,unhalted_reference_cycles_err,24,2,-0.027364545512196612,1
luna_run,stream,instruction_retired_err,24,2,-0.023357153311686973,1
luna_run,stream,uops_retired_any_err,24,2,-0.022572566502965883,1
luna_run,stream,l1_bw,24,2,-0.024208859282004738,1
luna_run,stream,ai,24,2,3.7721192061208735e-07,1
luna_run,stream,ai_err,24,2,-0.999999627448265,1
luna_run,stream,fp_arith_scalar_double_err,24,4,-0.9999955831735102,1
luna_run,stream,unhalted_reference_cycles_err,24,4,-0.026710383138826847,1
luna_run,stream,instruction_retired_err,24,4,-0.021731169554506557,1
luna_run,stream,uops_retired_any_err,24,4,-0.02083654915450903,1
luna_run,stream,l1_bw,24,4,-0.022673328662505175,1
luna_run,stream,ai,24,4,3.766113303719825e-07,1
luna_run,stream,ai_err,24,4,-0.9999996241429304,1
luna_run,stream,fp_arith_scalar_double_err,24,8,-0.9999954644997923,1
luna_run,stream,unhalted_reference_cycles_err,24,8,-0.0253790905413193,1
luna_run,stream,instruction_retired_err,24,8,-0.02128671516769151,1
luna_run,stream,uops_retired_any_err,24,8,-0.0205202274993058,1
luna_run,stream,l1_bw,24,8,-0.02176339344733599,1
luna_run,stream,ai,24,8,3.8637898171379234e-07,1
luna_run,stream,ai_err,24,8,-0.999999612470104,1
luna_run,stream,fp_arith_scalar_double_err,24,16,-0.9999952018757414,1
luna_run,stream,unhalted_reference_cycles_err,24,16,0.13829430546410054,1
luna_run,stream,instruction_retired_err,24,16,0.0778205699058783,1
luna_run,stream,uops_retired_any_err,24,16,0.026959715668300445,1
luna_run,stream,l1_bw,24,16,-0.03782980361978435,1
luna_run,stream,ai,24,16,4.1553163557817555e-07,1
luna_run,stream,ai_err,24,16,-0.9999995965189077,1
luna_run,stream,fp_arith_scalar_double_err,24,32,-0.9999948114954285,1
luna_run,stream,unhalted_reference_cycles_err,24,32,0.25657335569264633,1
luna_run,stream,instruction_retired_err,24,32,0.149165740649146,1
luna_run,stream,uops_retired_any_err,24,32,0.0697625878836687,1
luna_run,stream,l1_bw,24,32,-0.053355173008516,1
luna_run,stream,ai,24,32,4.567143443571926e-07,1
luna_run,stream,ai_err,24,32,-0.9999995411681204,1
luna_run,peakflops,fp_arith_scalar_double_err,24,1,-0.9999974114914838,1
luna_run,peakflops,unhalted_reference_cycles_err,24,1,-0.014972283343141922,1
luna_run,peakflops,instruction_retired_err,24,1,-0.01283399331644815,1
luna_run,peakflops,uops_retired_any_err,24,1,-0.012290975136140631,1
luna_run,peakflops,l1_bw,24,1,-0.0075487260817385105,1
luna_run,peakflops,ai,24,1,5.216394616165788e-06,1
luna_run,peakflops,ai_err,24,1,-0.9999948126832257,1
luna_run,peakflops,fp_arith_scalar_double_err,24,2,-0.9999973487407832,1
luna_run,peakflops,unhalted_reference_cycles_err,24,2,-0.014948735091571262,1
luna_run,peakflops,instruction_retired_err,24,2,-0.0128732855658845,1
luna_run,peakflops,uops_retired_any_err,24,2,-0.011583288280977206,1
luna_run,peakflops,l1_bw,24,2,-0.007083605366309522,1
luna_run,peakflops,ai,24,2,5.340354131229189e-06,1
luna_run,peakflops,ai_err,24,2,-0.9999946528643704,1
luna_run,peakflops,fp_arith_scalar_double_err,24,4,-0.9999974186836508,1
luna_run,peakflops,unhalted_reference_cycles_err,24,4,-0.015703601194477335,1
luna_run,peakflops,instruction_retired_err,24,4,-0.01340883483842535,1
luna_run,peakflops,uops_retired_any_err,24,4,-0.011752162918558956,1
luna_run,peakflops,l1_bw,24,4,-0.007370572837927757,1
luna_run,peakflops,ai,24,4,5.200980310783591e-06,1
luna_run,peakflops,ai_err,24,4,-0.9999948252846467,1
luna_run,peakflops,fp_arith_scalar_double_err,24,8,-0.9999974169517487,1
luna_run,peakflops,unhalted_reference_cycles_err,24,8,-0.012991945818754853,1
luna_run,peakflops,instruction_retired_err,24,8,-0.010651125886488656,1
luna_run,peakflops,uops_retired_any_err,24,8,-0.00988281193561977,1
luna_run,peakflops,l1_bw,24,8,-0.0055891355144328265,1
luna_run,peakflops,ai,24,8,5.195205306195386e-06,1
luna_run,peakflops,ai_err,24,8,-0.9999948035190316,1
luna_run,peakflops,fp_arith_scalar_double_err,24,16,-0.9999972308215892,1
luna_run,peakflops,unhalted_reference_cycles_err,24,16,0.14536954065760493,1
luna_run,peakflops,instruction_retired_err,24,16,0.08866832318546723,1
luna_run,peakflops,uops_retired_any_err,24,16,0.034330267645139856,1
luna_run,peakflops,l1_bw,24,16,-0.021558668053423723,1
luna_run,peakflops,ai,24,16,5.661962588606694e-06,1
luna_run,peakflops,ai_err,24,16,-0.9999942130813789,1
luna_run,peakflops,fp_arith_scalar_double_err,24,32,-0.9999971434961075,1
luna_run,peakflops,unhalted_reference_cycles_err,24,32,0.2823570825954633,1
luna_run,peakflops,instruction_retired_err,24,32,0.18570750950799486,1
luna_run,peakflops,uops_retired_any_err,24,32,0.09694106502181127,1
luna_run,peakflops,l1_bw,24,32,-0.019846762449180738,1
luna_run,peakflops,ai,24,32,5.831615661857765e-06,1
luna_run,peakflops,ai_err,24,32,-0.9999941560915135,1
luna_run,ddot,fp_arith_scalar_double_err,24,1,-0.99999652483996,1
luna_run,ddot,unhalted_reference_cycles_err,24,1,-0.020723312214972492,1
luna_run,ddot,instruction_retired_err,24,1,-0.01567183504829344,1
luna_run,ddot,uops_retired_any_err,24,1,-0.013689661885609175,1
luna_run,ddot,l1_bw,24,1,-0.015085240032468483,1
luna_run,ddot,ai,24,1,4.410244985847519e-07,1
luna_run,ddot,ai_err,24,1,-0.9999995865033676,1
luna_run,ddot,fp_arith_scalar_double_err,24,2,-0.9999967639738913,1
luna_run,ddot,unhalted_reference_cycles_err,24,2,-0.02267220270184434,1
luna_run,ddot,instruction_retired_err,24,2,-0.01847457473971341,1
luna_run,ddot,uops_retired_any_err,24,2,-0.017717291609644758,1
luna_run,ddot,l1_bw,24,2,-0.017824072293715715,1
luna_run,ddot,ai,24,2,4.1184811266835495e-07,1
luna_run,ddot,ai_err,24,2,-0.9999995887481464,1
luna_run,ddot,fp_arith_scalar_double_err,24,4,-0.9999967184649777,1
luna_run,ddot,unhalted_reference_cycles_err,24,4,-0.022687607346242943,1
luna_run,ddot,instruction_retired_err,24,4,-0.028874770549434662,1
luna_run,ddot,uops_retired_any_err,24,4,-0.027071232433148396,1
luna_run,ddot,l1_bw,24,4,-0.028632762513834113,1
luna_run,ddot,ai,24,4,4.223914139129965e-07,1
luna_run,ddot,ai_err,24,4,-0.9999995753100089,1
luna_run,ddot,fp_arith_scalar_double_err,24,8,-0.999996482332121,1
luna_run,ddot,unhalted_reference_cycles_err,24,8,-0.022915800542285956,1
luna_run,ddot,instruction_retired_err,24,8,-0.01633107424247102,1
luna_run,ddot,uops_retired_any_err,24,8,-0.014681297141954023,1
luna_run,ddot,l1_bw,24,8,-0.014846193548083867,1
luna_run,ddot,ai,24,8,4.46296732643508e-07,1
luna_run,ddot,ai_err,24,8,-0.999999549696093,1
luna_run,ddot,fp_arith_scalar_double_err,24,16,-0.9999964011342956,1
luna_run,ddot,unhalted_reference_cycles_err,24,16,0.12735182340753118,1
luna_run,ddot,instruction_retired_err,24,16,0.05915675032142913,1
luna_run,ddot,uops_retired_any_err,24,16,0.01581113533156292,1
luna_run,ddot,l1_bw,24,16,-0.04929261689674763,1
luna_run,ddot,ai,24,16,4.732661894844572e-07,1
luna_run,ddot,ai_err,24,16,-0.9999995448760525,1
luna_run,ddot,fp_arith_scalar_double_err,24,32,-0.9999962494028507,1
luna_run,ddot,unhalted_reference_cycles_err,24,32,0.2648613525139005,1
luna_run,ddot,instruction_retired_err,24,32,0.1674348132712808,1
luna_run,ddot,uops_retired_any_err,24,32,0.07528082002643227,1
luna_run,ddot,l1_bw,24,32,-0.035950696846740536,1
luna_run,ddot,ai,24,32,4.865927177365922e-07,1
luna_run,ddot,ai_err,24,32,-0.9999995378068386,1
luna_run,daxpy,fp_arith_scalar_double_err,24,1,-0.9999959643839242,1
luna_run,daxpy,unhalted_reference_cycles_err,24,1,-0.020542738247931333,1
luna_run,daxpy,instruction_retired_err,24,1,-0.01852533339422715,1
luna_run,daxpy,uops_retired_any_err,24,1,-0.017955871900235874,1
luna_run,daxpy,l1_bw,24,1,-0.018463396995190003,1
luna_run,daxpy,ai,24,1,3.4263115646283686e-07,1
luna_run,daxpy,ai_err,24,1,-0.9999996583610407,1
luna_run,daxpy,fp_arith_scalar_double_err,24,2,-0.9999960421295084,1
luna_run,daxpy,unhalted_reference_cycles_err,24,2,-0.018815976133957173,1
luna_run,daxpy,instruction_retired_err,24,2,-0.019607818343462174,1
luna_run,daxpy,uops_retired_any_err,24,2,-0.018100889922456762,1
luna_run,daxpy,l1_bw,24,2,-0.018592854053488046,1
luna_run,daxpy,ai,24,2,3.3607400975033996e-07,1
luna_run,daxpy,ai_err,24,2,-0.9999996648814458,1
luna_run,daxpy,fp_arith_scalar_double_err,24,4,-0.999995902253031,1
luna_run,daxpy,unhalted_reference_cycles_err,24,4,-0.019675604406464608,1
luna_run,daxpy,instruction_retired_err,24,4,-0.01800409553185741,1
luna_run,daxpy,uops_retired_any_err,24,4,-0.01754113853067692,1
luna_run,daxpy,l1_bw,24,4,-0.018941040084325386,1
luna_run,daxpy,ai,24,4,3.480736402473171e-07,1
luna_run,daxpy,ai_err,24,4,-0.999999654465113,1
luna_run,daxpy,fp_arith_scalar_double_err,24,8,-0.9999960120786846,1
luna_run,daxpy,unhalted_reference_cycles_err,24,8,-0.019456781729946842,1
luna_run,daxpy,instruction_retired_err,24,8,-0.017499052994991035,1
luna_run,daxpy,uops_retired_any_err,24,8,-0.015882230967221703,1
luna_run,daxpy,l1_bw,24,8,-0.01794611658411735,1
luna_run,daxpy,ai,24,8,3.3840418603063533e-07,1
luna_run,daxpy,ai_err,24,8,-0.9999996627087034,1
luna_run,daxpy,fp_arith_scalar_double_err,24,16,-0.9999957424684098,1
luna_run,daxpy,unhalted_reference_cycles_err,24,16,0.16690602796188003,1
luna_run,daxpy,instruction_retired_err,24,16,0.1048404140860106,1
luna_run,daxpy,uops_retired_any_err,24,16,0.04317754005078634,1
luna_run,daxpy,l1_bw,24,16,-0.012478665211281544,1
luna_run,daxpy,ai,24,16,3.5945380981945536e-07,1
luna_run,daxpy,ai_err,24,16,-0.9999996531523124,1
luna_run,daxpy,fp_arith_scalar_double_err,24,32,-0.9999955548296391,1
luna_run,daxpy,unhalted_reference_cycles_err,24,32,0.2451760847777989,1
luna_run,daxpy,instruction_retired_err,24,32,0.1540275109180732,1
luna_run,daxpy,uops_retired_any_err,24,32,0.0680833444762056,1
luna_run,daxpy,l1_bw,24,32,-0.038541023114826045,1
luna_run,daxpy,ai,24,32,3.856249004752907e-07,1
luna_run,daxpy,ai_err,24,32,-0.9999996001707758,1
