poseidon_run,triad,fp_arith_scalar_double_err,1,1,-0.000532943517947957,1
poseidon_run,triad,fp_arith_scalar_double_err,1,2,-0.008326648398894144,1
poseidon_run,triad,fp_arith_scalar_double_err,1,4,-0.0046237271369447795,1
poseidon_run,triad,fp_arith_scalar_double_err,1,8,-0.0011981762770643858,1
poseidon_run,triad,fp_arith_scalar_double_err,1,16,-0.007012705408980529,1
poseidon_run,sum,fp_arith_scalar_double_err,1,1,-0.00021464825115516633,1
poseidon_run,sum,fp_arith_scalar_double_err,1,2,-0.0071976206891183996,1
poseidon_run,sum,fp_arith_scalar_double_err,1,4,-0.0029638798423263853,1
poseidon_run,sum,fp_arith_scalar_double_err,1,8,-0.0008049605638995734,1
poseidon_run,sum,fp_arith_scalar_double_err,1,16,-0.006523953556825902,1
poseidon_run,stream,fp_arith_scalar_double_err,1,1,-0.008870901739283328,1
poseidon_run,stream,fp_arith_scalar_double_err,1,2,-0.011092876556619806,1
poseidon_run,stream,fp_arith_scalar_double_err,1,4,-0.002626459707538189,1
poseidon_run,stream,fp_arith_scalar_double_err,1,8,-0.00010451487820929715,1
poseidon_run,stream,fp_arith_scalar_double_err,1,16,-0.005735038559896916,1
poseidon_run,peakflops,fp_arith_scalar_double_err,1,1,-0.005244612649366842,1
poseidon_run,peakflops,fp_arith_scalar_double_err,1,2,-0.011918958407686295,1
poseidon_run,peakflops,fp_arith_scalar_double_err,1,4,-0.002653048394451791,1
poseidon_run,peakflops,fp_arith_scalar_double_err,1,8,-0.0007449393016130197,1
poseidon_run,peakflops,fp_arith_scalar_double_err,1,16,-0.006137975564993132,1
poseidon_run,ddot,fp_arith_scalar_double_err,1,1,-0.007814201543480549,1
poseidon_run,ddot,fp_arith_scalar_double_err,1,2,-0.0059018544033675405,1
poseidon_run,ddot,fp_arith_scalar_double_err,1,4,-0.011025993320773727,1
poseidon_run,ddot,fp_arith_scalar_double_err,1,8,-0.0010839009193693067,1
poseidon_run,ddot,fp_arith_scalar_double_err,1,16,-0.00684383897412032,1
poseidon_run,daxpy,fp_arith_scalar_double_err,1,1,-0.003524643502520335,1
poseidon_run,daxpy,fp_arith_scalar_double_err,1,2,-0.00504852963835235,1
poseidon_run,daxpy,fp_arith_scalar_double_err,1,4,-0.003184179417652612,1
poseidon_run,daxpy,fp_arith_scalar_double_err,1,8,-0.0007506338589937559,1
poseidon_run,daxpy,fp_arith_scalar_double_err,1,16,-0.006002685124651451,1
poseidon_run,triad,fp_arith_scalar_double_err,4,1,-0.00013062690708525498,1
poseidon_run,triad,instruction_retired_err,4,1,0.0021670562015647828,1
poseidon_run,triad,l1_bw,4,1,0.001830480449140522,1
poseidon_run,triad,ai,4,1,0.06237765378708399,1
poseidon_run,triad,ai_err,4,1,-0.9376141235774627,1
poseidon_run,triad,fp_arith_scalar_double_err,4,2,-0.00999312685147479,1
poseidon_run,triad,instruction_retired_err,4,2,-0.0082318260091862,1
poseidon_run,triad,l1_bw,4,2,-0.009809341925274951,1
poseidon_run,triad,ai,4,2,0.06248877470151192,1
poseidon_run,triad,ai_err,4,2,-0.9376308459111538,1
poseidon_run,triad,fp_arith_scalar_double_err,4,4,-0.004685913960348017,1
poseidon_run,triad,instruction_retired_err,4,4,-0.0024206584726642233,1
poseidon_run,triad,l1_bw,4,4,-0.002498469594383545,1
poseidon_run,triad,ai,4,4,0.06236326669519124,1
poseidon_run,triad,ai_err,4,4,-0.9377940965204302,1
poseidon_run,triad,fp_arith_scalar_double_err,4,8,-0.001365922111526411,1
poseidon_run,triad,instruction_retired_err,4,8,0.0010263899795188638,1
poseidon_run,triad,l1_bw,4,8,-0.0008305689254285471,1
poseidon_run,triad,ai,4,8,0.0624666148150421,1
poseidon_run,triad,ai_err,4,8,-0.9373896085105241,1
poseidon_run,triad,fp_arith_scalar_double_err,4,16,-0.006534305813803518,1
poseidon_run,triad,instruction_retired_err,4,16,0.03968667657760889,1
poseidon_run,triad,l1_bw,4,16,0.012161579870340172,1
poseidon_run,triad,ai,4,16,0.06136434627001577,1
poseidon_run,triad,ai_err,4,16,-0.9388318772190444,1
poseidon_run,sum,fp_arith_scalar_double_err,4,1,-0.00015931385166694921,1
poseidon_run,sum,instruction_retired_err,4,1,0.0020293413611406417,1
poseidon_run,sum,l1_bw,4,1,0.001525866959918893,1
poseidon_run,sum,ai,4,1,0.12478967450189067,1
poseidon_run,sum,ai_err,4,1,-0.8752335687601482,1
poseidon_run,sum,fp_arith_scalar_double_err,4,2,-0.005956731127338759,1
poseidon_run,sum,instruction_retired_err,4,2,-0.0037302464910620274,1
poseidon_run,sum,l1_bw,4,2,-0.003897308167424085,1
poseidon_run,sum,ai,4,2,0.12474187259641088,1
poseidon_run,sum,ai_err,4,2,-0.8754050237089759,1
poseidon_run,sum,fp_arith_scalar_double_err,4,4,-0.0023239283791804998,1
poseidon_run,sum,instruction_retired_err,4,4,-0.0001697662221310662,1
poseidon_run,sum,l1_bw,4,4,-0.0009865759215906941,1
poseidon_run,sum,ai,4,4,0.12483287291864616,1
poseidon_run,sum,ai_err,4,4,-0.8753251589874878,1
poseidon_run,sum,fp_arith_scalar_double_err,4,8,-0.0011751609176623395,1
poseidon_run,sum,instruction_retired_err,4,8,0.0010125743254128187,1
poseidon_run,sum,l1_bw,4,8,0.001484782020219731,1
poseidon_run,sum,ai,4,8,0.12466800753279819,1
poseidon_run,sum,ai_err,4,8,-0.8752085452181634,1
poseidon_run,sum,fp_arith_scalar_double_err,4,16,-0.006151281976616714,1
poseidon_run,sum,instruction_retired_err,4,16,0.03666861079123901,1
poseidon_run,sum,l1_bw,4,16,-0.01187664810614687,1
poseidon_run,sum,ai,4,16,0.12574081499949605,1
poseidon_run,sum,ai_err,4,16,-0.8758930933844342,1
poseidon_run,stream,fp_arith_scalar_double_err,4,1,0.00031861584415171143,1
poseidon_run,stream,instruction_retired_err,4,1,0.002032284727902487,1
poseidon_run,stream,l1_bw,4,1,0.001957566916396625,1
poseidon_run,stream,ai,4,1,0.083197115626782,1
poseidon_run,stream,ai_err,4,1,-0.9168334837495186,1
poseidon_run,stream,fp_arith_scalar_double_err,4,2,-0.0067904379482166145,1
poseidon_run,stream,instruction_retired_err,4,2,-0.005134182870577233,1
poseidon_run,stream,l1_bw,4,2,-0.004761115933674338,1
poseidon_run,stream,ai,4,2,0.08316500718505876,1
poseidon_run,stream,ai_err,4,2,-0.9165861137504078,1
poseidon_run,stream,fp_arith_scalar_double_err,4,4,-0.002903854433333629,1
poseidon_run,stream,instruction_retired_err,4,4,-0.0013054477570896901,1
poseidon_run,stream,l1_bw,4,4,-0.0005770319210096191,1
poseidon_run,stream,ai,4,4,0.0831397041331501,1
poseidon_run,stream,ai_err,4,4,-0.9169232825989142,1
poseidon_run,stream,fp_arith_scalar_double_err,4,8,-0.001332746625330899,1
poseidon_run,stream,instruction_retired_err,4,8,0.0002601902050755061,1
poseidon_run,stream,l1_bw,4,8,0.0017550449127416235,1
poseidon_run,stream,ai,4,8,0.08307652158681222,1
poseidon_run,stream,ai_err,4,8,-0.916784416117048,1
poseidon_run,stream,fp_arith_scalar_double_err,4,16,-0.006162773966375657,1
poseidon_run,stream,instruction_retired_err,4,16,0.035014705333198434,1
poseidon_run,stream,l1_bw,4,16,-0.014649142898459836,1
poseidon_run,stream,ai,4,16,0.08409051066578217,1
poseidon_run,stream,ai_err,4,16,-0.9149222385820315,1
poseidon_run,peakflops,fp_arith_scalar_double_err,4,1,-0.00019181410280571436,1
poseidon_run,peakflops,instruction_retired_err,4,1,0.00012000212694943619,1
poseidon_run,peakflops,l1_bw,4,1,0.003786740940581687,1
poseidon_run,peakflops,ai,4,1,1.9920729077208332,1
poseidon_run,peakflops,ai_err,4,1,0.9921417387241831,1
poseidon_run,peakflops,fp_arith_scalar_double_err,4,2,-0.007468893972418125,1
poseidon_run,peakflops,instruction_retired_err,4,2,-0.007136937279800135,1
poseidon_run,peakflops,l1_bw,4,2,-0.003485235705809493,1
poseidon_run,peakflops,ai,4,2,1.992024490000512,1
poseidon_run,peakflops,ai_err,4,2,0.9927803777387632,1
poseidon_run,peakflops,fp_arith_scalar_double_err,4,4,-0.00387130830844937,1
poseidon_run,peakflops,instruction_retired_err,4,4,-0.003628107863955375,1
poseidon_run,peakflops,l1_bw,4,4,2.2306076552573467e-05,1
poseidon_run,peakflops,ai,4,4,1.9922180495613555,1
poseidon_run,peakflops,ai_err,4,4,0.9932119691976029,1
poseidon_run,peakflops,fp_arith_scalar_double_err,4,8,-0.000854044354332611,1
poseidon_run,peakflops,instruction_retired_err,4,8,-0.0004771914461464222,1
poseidon_run,peakflops,l1_bw,4,8,0.0038183206516969365,1
poseidon_run,peakflops,ai,4,8,1.9906953162821264,1
poseidon_run,peakflops,ai_err,4,8,0.9887408946567582,1
poseidon_run,peakflops,fp_arith_scalar_double_err,4,16,-0.006208292454833514,1
poseidon_run,peakflops,instruction_retired_err,4,16,0.030523113010670126,1
poseidon_run,peakflops,l1_bw,4,16,-0.02413829363932836,1
poseidon_run,peakflops,ai,4,16,2.0371013848035155,1
poseidon_run,peakflops,ai_err,4,16,0.984604009186915,1
poseidon_run,ddot,fp_arith_scalar_double_err,4,1,-0.0002624060389375403,1
poseidon_run,ddot,instruction_retired_err,4,1,0.001200118291715739,1
poseidon_run,ddot,l1_bw,4,1,0.00150325073785164,1
poseidon_run,ddot,ai,4,1,0.12477962588585574,1
poseidon_run,ddot,ai_err,4,1,-0.8752237616007181,1
poseidon_run,ddot,fp_arith_scalar_double_err,4,2,-0.013390098027127645,1
poseidon_run,ddot,instruction_retired_err,4,2,-0.011601590966988056,1
poseidon_run,ddot,l1_bw,4,2,-0.01103819004160269,1
poseidon_run,ddot,ai,4,2,0.12470248228353663,1
poseidon_run,ddot,ai_err,4,2,-0.8752555901632431,1
poseidon_run,ddot,fp_arith_scalar_double_err,4,4,-0.005241053337692309,1
poseidon_run,ddot,instruction_retired_err,4,4,-0.003919197781193904,1
poseidon_run,ddot,l1_bw,4,4,-0.002780517386394254,1
poseidon_run,ddot,ai,4,4,0.12469160847212336,1
poseidon_run,ddot,ai_err,4,4,-0.8753173245668872,1
poseidon_run,ddot,fp_arith_scalar_double_err,4,8,-0.00015623332902044178,1
poseidon_run,ddot,instruction_retired_err,4,8,0.0012901157164475266,1
poseidon_run,ddot,l1_bw,4,8,0.0005832416077643399,1
poseidon_run,ddot,ai,4,8,0.12490797113060781,1
poseidon_run,ddot,ai_err,4,8,-0.8749369981618247,1
poseidon_run,ddot,fp_arith_scalar_double_err,4,16,-0.005770530930013888,1
poseidon_run,ddot,instruction_retired_err,4,16,0.03574910358957902,1
poseidon_run,ddot,l1_bw,4,16,-0.003994228794480013,1
poseidon_run,ddot,ai,4,16,0.12479674793783335,1
poseidon_run,ddot,ai_err,4,16,-0.8753565138377655,1
poseidon_run,daxpy,fp_arith_scalar_double_err,4,1,-9.931644334929061e-05,1
poseidon_run,daxpy,instruction_retired_err,4,1,0.0010322414353227643,1
poseidon_run,daxpy,l1_bw,4,1,0.0012191379319542457,1
poseidon_run,daxpy,ai,4,1,0.08322359636707559,1
poseidon_run,daxpy,ai_err,4,1,-0.9167739539506811,1
poseidon_run,daxpy,fp_arith_scalar_double_err,4,2,-0.006736626481456986,1
poseidon_run,daxpy,instruction_retired_err,4,2,-0.005625665204615504,1
poseidon_run,daxpy,l1_bw,4,2,-0.005634362239746019,1
poseidon_run,daxpy,ai,4,2,0.08324154286203146,1
poseidon_run,daxpy,ai_err,4,2,-0.9168076588873595,1
poseidon_run,daxpy,fp_arith_scalar_double_err,4,4,-0.0022602567343812294,1
poseidon_run,daxpy,instruction_retired_err,4,4,-0.001102530700032539,1
poseidon_run,daxpy,l1_bw,4,4,-0.0004033529915670495,1
poseidon_run,daxpy,ai,4,4,0.08317878420960222,1
poseidon_run,daxpy,ai_err,4,4,-0.9169245620999443,1
poseidon_run,daxpy,fp_arith_scalar_double_err,4,8,8.44755190138873e-05,1
poseidon_run,daxpy,instruction_retired_err,4,8,0.0011569992214474382,1
poseidon_run,daxpy,l1_bw,4,8,0.001676995456834746,1
poseidon_run,daxpy,ai,4,8,0.08320046635439338,1
poseidon_run,daxpy,ai_err,4,8,-0.9168927773230552,1
poseidon_run,daxpy,fp_arith_scalar_double_err,4,16,-0.006739581834526881,1
poseidon_run,daxpy,instruction_retired_err,4,16,0.03450328343411854,1
poseidon_run,daxpy,l1_bw,4,16,-0.004721833263870846,1
poseidon_run,daxpy,ai,4,16,0.08317010085845346,1
poseidon_run,daxpy,ai_err,4,16,-0.91600242200776,1
poseidon_run,triad,fp_arith_scalar_double_err,8,1,-0.00030321387173749923,1
poseidon_run,triad,unhalted_reference_cycles_err,8,1,-0.0013530965008349699,1
poseidon_run,triad,instruction_retired_err,8,1,0.0019840647806868895,1
poseidon_run,triad,uops_retired_any_err,8,1,-0.3984390559545201,1
poseidon_run,triad,l1_bw,8,1,0.0016749269724541196,1
poseidon_run,triad,ai,8,1,0.062376573494723836,1
poseidon_run,triad,ai_err,8,1,-0.9376245248692601,1
poseidon_run,triad,fp_arith_scalar_double_err,8,2,-0.01008725740717193,1
poseidon_run,triad,unhalted_reference_cycles_err,8,2,-0.010952774750005771,1
poseidon_run,triad,instruction_retired_err,8,2,-0.007859560928312626,1
poseidon_run,triad,uops_retired_any_err,8,2,-0.4052729962934272,1
poseidon_run,triad,l1_bw,8,2,-0.009208214295749502,1
poseidon_run,triad,ai,8,2,0.062445687238666656,1
poseidon_run,triad,ai_err,8,2,-0.937635504793698,1
poseidon_run,triad,fp_arith_scalar_double_err,8,4,-0.005349800291942511,1
poseidon_run,triad,unhalted_reference_cycles_err,8,4,-0.004857800244401999,1
poseidon_run,triad,instruction_retired_err,8,4,-0.003092657516206067,1
poseidon_run,triad,uops_retired_any_err,8,4,-0.4008871355240621,1
poseidon_run,triad,l1_bw,8,4,-0.002618213285541613,1
poseidon_run,triad,ai,8,4,0.06232915522336394,1
poseidon_run,triad,ai_err,8,4,-0.9376875965565503,1
poseidon_run,triad,fp_arith_scalar_double_err,8,8,-6.320914743191189e-05,1
poseidon_run,triad,unhalted_reference_cycles_err,8,8,-0.002281882266671796,1
poseidon_run,triad,instruction_retired_err,8,8,0.0019889513635470645,1
poseidon_run,triad,uops_retired_any_err,8,8,-0.39775944914957045,1
poseidon_run,triad,l1_bw,8,8,0.002730432537656135,1
poseidon_run,triad,ai,8,8,0.0623258885554323,1
poseidon_run,triad,ai_err,8,8,-0.9377217715623455,1
poseidon_run,triad,fp_arith_scalar_double_err,8,16,-0.008226924413143332,1
poseidon_run,triad,unhalted_reference_cycles_err,8,16,0.08740045100569124,1
poseidon_run,triad,instruction_retired_err,8,16,0.03949069450087968,1
poseidon_run,triad,uops_retired_any_err,8,16,-0.4016005527601196,1
poseidon_run,triad,l1_bw,8,16,0.003341390257669364,1
poseidon_run,triad,ai,8,16,0.061810496480068054,1
poseidon_run,triad,ai_err,8,16,-0.9361012232621435,1
poseidon_run,sum,fp_arith_scalar_double_err,8,1,-0.0002452952060771115,1
poseidon_run,sum,unhalted_reference_cycles_err,8,1,-0.0005443059366618252,1
poseidon_run,sum,instruction_retired_err,8,1,0.001943991137813464,1
poseidon_run,sum,uops_retired_any_err,8,1,-0.44301169789577394,1
poseidon_run,sum,l1_bw,8,1,0.0014277075292439744,1
poseidon_run,sum,ai,8,1,0.12479116853011935,1
poseidon_run,sum,ai_err,8,1,-0.8752147943641039,1
poseidon_run,sum,fp_arith_scalar_double_err,8,2,-0.0075530585061558495,1
poseidon_run,sum,unhalted_reference_cycles_err,8,2,-0.00813876869043573,1
poseidon_run,sum,instruction_retired_err,8,2,-0.005342517403654453,1
poseidon_run,sum,uops_retired_any_err,8,2,-0.4470093313452505,1
poseidon_run,sum,l1_bw,8,2,-0.005783363407361888,1
poseidon_run,sum,ai,8,2,0.12477750851683389,1
poseidon_run,sum,ai_err,8,2,-0.8752120347467283,1
poseidon_run,sum,fp_arith_scalar_double_err,8,4,-0.001227632427516536,1
poseidon_run,sum,unhalted_reference_cycles_err,8,4,-0.0027942476506896655,1
poseidon_run,sum,instruction_retired_err,8,4,0.001153950819300379,1
poseidon_run,sum,uops_retired_any_err,8,4,-0.44313427198476574,1
poseidon_run,sum,l1_bw,8,4,0.0011173844459986349,1
poseidon_run,sum,ai,8,4,0.12470742655900256,1
poseidon_run,sum,ai_err,8,4,-0.8753736247974649,1
poseidon_run,sum,fp_arith_scalar_double_err,8,8,-0.0007711025375632331,1
poseidon_run,sum,unhalted_reference_cycles_err,8,8,-0.0011840536190854869,1
poseidon_run,sum,instruction_retired_err,8,8,0.0013328130688586798,1
poseidon_run,sum,uops_retired_any_err,8,8,-0.44333117727527105,1
poseidon_run,sum,l1_bw,8,8,0.0009078785748216688,1
poseidon_run,sum,ai,8,8,0.12479039377120438,1
poseidon_run,sum,ai_err,8,8,-0.8750507804685019,1
poseidon_run,sum,fp_arith_scalar_double_err,8,16,-0.007274845398899069,1
poseidon_run,sum,unhalted_reference_cycles_err,8,16,0.08173950472623912,1
poseidon_run,sum,instruction_retired_err,8,16,0.033975626543102044,1
poseidon_run,sum,uops_retired_any_err,8,16,-0.4473133247162028,1
poseidon_run,sum,l1_bw,8,16,-0.005479911922755639,1
poseidon_run,sum,ai,8,16,0.12478539176096629,1
poseidon_run,sum,ai_err,8,16,-0.8753195343114979,1
poseidon_run,stream,fp_arith_scalar_double_err,8,1,0.0001402534633732079,1
poseidon_run,stream,unhalted_reference_cycles_err,8,1,-0.0013606782752410517,1
poseidon_run,stream,instruction_retired_err,8,1,0.0018007246167909155,1
poseidon_run,stream,uops_retired_any_err,8,1,-0.3061448253654421,1
poseidon_run,stream,l1_bw,8,1,0.001970901602768745,1
poseidon_run,stream,ai,8,1,0.08318107877801513,1
poseidon_run,stream,ai_err,8,1,-0.9168217714183309,1
poseidon_run,stream,fp_arith_scalar_double_err,8,2,-0.0016952490219607696,1
poseidon_run,stream,unhalted_reference_cycles_err,8,2,-0.003147662636799574,1
poseidon_run,stream,instruction_retired_err,8,2,-1.5150426898275036e-05,1
poseidon_run,stream,uops_retired_any_err,8,2,-0.3067462549748904,1
poseidon_run,stream,l1_bw,8,2,0.0014109082428656434,1
poseidon_run,stream,ai,8,2,0.08307544840466119,1
poseidon_run,stream,ai_err,8,2,-0.9167289490910622,1
poseidon_run,stream,fp_arith_scalar_double_err,8,4,-0.003344665119141231,1
poseidon_run,stream,unhalted_reference_cycles_err,8,4,-0.004876996737655779,1
poseidon_run,stream,instruction_retired_err,8,4,-0.0016610819440508612,1
poseidon_run,stream,uops_retired_any_err,8,4,-0.30811791316669035,1
poseidon_run,stream,l1_bw,8,4,-0.0008099137275354124,1
poseidon_run,stream,ai,8,4,0.08312200969743216,1
poseidon_run,stream,ai_err,8,4,-0.916899465320232,1
poseidon_run,stream,fp_arith_scalar_double_err,8,8,-6.171067153802953e-05,1
poseidon_run,stream,unhalted_reference_cycles_err,8,8,-0.0018489420649726975,1
poseidon_run,stream,instruction_retired_err,8,8,0.001539653613072319,1
poseidon_run,stream,uops_retired_any_err,8,8,-0.30665275396264446,1
poseidon_run,stream,l1_bw,8,8,0.001238073518317968,1
poseidon_run,stream,ai,8,8,0.083225256199297,1
poseidon_run,stream,ai_err,8,8,-0.9166760826797872,1
poseidon_run,stream,fp_arith_scalar_double_err,8,16,-0.005081416532192609,1
poseidon_run,stream,unhalted_reference_cycles_err,8,16,0.08520805652380062,1
poseidon_run,stream,instruction_retired_err,8,16,0.040161974500746475,1
poseidon_run,stream,uops_retired_any_err,8,16,-0.310256310567279,1
poseidon_run,stream,l1_bw,8,16,-3.086130073926239e-05,1
poseidon_run,stream,ai,8,16,0.08293069294226516,1
poseidon_run,stream,ai_err,8,16,-0.9182389624016091,1
poseidon_run,peakflops,fp_arith_scalar_double_err,8,1,-0.0005895054518218967,1
poseidon_run,peakflops,unhalted_reference_cycles_err,8,1,-0.001370186639555828,1
poseidon_run,peakflops,instruction_retired_err,8,1,-0.0002446466365987364,1
poseidon_run,peakflops,uops_retired_any_err,8,1,0.000200580225429032,1
poseidon_run,peakflops,l1_bw,8,1,0.003530141890007362,1
poseidon_run,peakflops,ai,8,1,1.991789664509413,1
poseidon_run,peakflops,ai_err,8,1,0.9914996470948545,1
poseidon_run,peakflops,fp_arith_scalar_double_err,8,2,-0.007606416999020177,1
poseidon_run,peakflops,unhalted_reference_cycles_err,8,2,-0.007786179028358913,1
poseidon_run,peakflops,instruction_retired_err,8,2,-0.006858046199209876,1
poseidon_run,peakflops,uops_retired_any_err,8,2,-0.007977023243542271,1
poseidon_run,peakflops,l1_bw,8,2,-0.004136179615820031,1
poseidon_run,peakflops,ai,8,2,1.9930584325249487,1
poseidon_run,peakflops,ai_err,8,2,0.9984822851910036,1
poseidon_run,peakflops,fp_arith_scalar_double_err,8,4,-0.004291509743219503,1
poseidon_run,peakflops,unhalted_reference_cycles_err,8,4,-0.004409876865146184,1
poseidon_run,peakflops,instruction_retired_err,8,4,-0.003909216947795285,1
poseidon_run,peakflops,uops_retired_any_err,8,4,-0.004169947693265313,1
poseidon_run,peakflops,l1_bw,8,4,-0.0010735343750620378,1
poseidon_run,peakflops,ai,8,4,1.9935711836102783,1
poseidon_run,peakflops,ai_err,8,4,0.9991169384595568,1
poseidon_run,peakflops,fp_arith_scalar_double_err,8,8,-0.000806812822619977,1
poseidon_run,peakflops,unhalted_reference_cycles_err,8,8,-0.0016072338561752197,1
poseidon_run,peakflops,instruction_retired_err,8,8,-0.00039885786613427733,1
poseidon_run,peakflops,uops_retired_any_err,8,8,-0.0007919811678117043,1
poseidon_run,peakflops,l1_bw,8,8,0.001905609748348448,1
poseidon_run,peakflops,ai,8,8,1.9945869549062025,1
poseidon_run,peakflops,ai_err,8,8,0.9888919599784356,1
poseidon_run,peakflops,fp_arith_scalar_double_err,8,16,-0.005976633756501513,1
poseidon_run,peakflops,unhalted_reference_cycles_err,8,16,0.09074889888301756,1
poseidon_run,peakflops,instruction_retired_err,8,16,0.043710348994609474,1
poseidon_run,peakflops,uops_retired_any_err,8,16,0.005907354932504755,1
poseidon_run,peakflops,l1_bw,8,16,0.016281190604924806,1
poseidon_run,peakflops,ai,8,16,1.9570377760994762,1
poseidon_run,peakflops,ai_err,8,16,0.937491994336122,1
poseidon_run,ddot,fp_arith_scalar_double_err,8,1,-0.0036795285155494578,1
poseidon_run,ddot,unhalted_reference_cycles_err,8,1,-0.004908900096909174,1
poseidon_run,ddot,instruction_retired_err,8,1,-0.0022136043420368265,1
poseidon_run,ddot,uops_retired_any_err,8,1,-0.2236825339362546,1
poseidon_run,ddot,l1_bw,8,1,-0.0019867435902191956,1
poseidon_run,ddot,ai,8,1,0.12478811878053796,1
poseidon_run,ddot,ai_err,8,1,-0.8752098961945506,1
poseidon_run,ddot,fp_arith_scalar_double_err,8,2,-0.007333230984412811,1
poseidon_run,ddot,unhalted_reference_cycles_err,8,2,-0.008518641393381418,1
poseidon_run,ddot,instruction_retired_err,8,2,-0.005852717847238688,1
poseidon_run,ddot,uops_retired_any_err,8,2,-0.2263657057742612,1
poseidon_run,ddot,l1_bw,8,2,-0.005587734841185771,1
poseidon_run,ddot,ai,8,2,0.12478141441082471,1
poseidon_run,ddot,ai_err,8,2,-0.8752377781548016,1
poseidon_run,ddot,fp_arith_scalar_double_err,8,4,-0.0033479022624658067,1
poseidon_run,ddot,unhalted_reference_cycles_err,8,4,-0.0032325390322231243,1
poseidon_run,ddot,instruction_retired_err,8,4,-0.0018154646332490109,1
poseidon_run,ddot,uops_retired_any_err,8,4,-0.22330381050752943,1
poseidon_run,ddot,l1_bw,8,4,-0.0027675306663864233,1
poseidon_run,ddot,ai,8,4,0.1249281511277456,1
poseidon_run,ddot,ai_err,8,4,-0.8744259246482051,1
poseidon_run,ddot,fp_arith_scalar_double_err,8,8,-0.0007361434516061423,1
poseidon_run,ddot,unhalted_reference_cycles_err,8,8,-0.001870628475390325,1
poseidon_run,ddot,instruction_retired_err,8,8,0.0007869227685696935,1
poseidon_run,ddot,uops_retired_any_err,8,8,-0.22108265930605212,1
poseidon_run,ddot,l1_bw,8,8,0.0011926388139802172,1
poseidon_run,ddot,ai,8,8,0.12475924212717744,1
poseidon_run,ddot,ai_err,8,8,-0.8753510990969864,1
poseidon_run,ddot,fp_arith_scalar_double_err,8,16,-0.006452527931770843,1
poseidon_run,ddot,unhalted_reference_cycles_err,8,16,0.08132380678201985,1
poseidon_run,ddot,instruction_retired_err,8,16,0.03573765371185257,1
poseidon_run,ddot,uops_retired_any_err,8,16,-0.22543850075427171,1
poseidon_run,ddot,l1_bw,8,16,-0.0014402203739712542,1
poseidon_run,ddot,ai,8,16,0.12440520864918098,1
poseidon_run,ddot,ai_err,8,16,-0.8778694555126719,1
poseidon_run,daxpy,fp_arith_scalar_double_err,8,1,-2.9088813383817233e-05,1
poseidon_run,daxpy,unhalted_reference_cycles_err,8,1,0.00034107062497849096,1
poseidon_run,daxpy,instruction_retired_err,8,1,0.00108982517240645,1
poseidon_run,daxpy,uops_retired_any_err,8,1,-0.3065667973880445,1
poseidon_run,daxpy,l1_bw,8,1,0.0013597031312202355,1
poseidon_run,daxpy,ai,8,1,0.08321774866032586,1
poseidon_run,daxpy,ai_err,8,1,-0.9167659948854137,1
poseidon_run,daxpy,fp_arith_scalar_double_err,8,2,-0.007147227785880689,1
poseidon_run,daxpy,unhalted_reference_cycles_err,8,2,-0.007378787452608302,1
poseidon_run,daxpy,instruction_retired_err,8,2,-0.006021944550563098,1
poseidon_run,daxpy,uops_retired_any_err,8,2,-0.3111275269042678,1
poseidon_run,daxpy,l1_bw,8,2,-0.005656033963835934,1
poseidon_run,daxpy,ai,8,2,0.08320879820402799,1
poseidon_run,daxpy,ai_err,8,2,-0.9167795228849316,1
poseidon_run,daxpy,fp_arith_scalar_double_err,8,4,-0.0031605506700200675,1
poseidon_run,daxpy,unhalted_reference_cycles_err,8,4,-0.0037193959806996043,1
poseidon_run,daxpy,instruction_retired_err,8,4,-0.0020582823249488077,1
poseidon_run,daxpy,uops_retired_any_err,8,4,-0.3082175540824097,1
poseidon_run,daxpy,l1_bw,8,4,-0.001139392280122826,1
poseidon_run,daxpy,ai,8,4,0.08316478615118351,1
poseidon_run,daxpy,ai_err,8,4,-0.9167479053004244,1
poseidon_run,daxpy,fp_arith_scalar_double_err,8,8,-5.184234285010457e-05,1
poseidon_run,daxpy,unhalted_reference_cycles_err,8,8,-0.0015137130416742603,1
poseidon_run,daxpy,instruction_retired_err,8,8,0.0011264119661005202,1
poseidon_run,daxpy,uops_retired_any_err,8,8,-0.30656353154120736,1
poseidon_run,daxpy,l1_bw,8,8,0.0013560579671782278,1
poseidon_run,daxpy,ai,8,8,0.08321619372869189,1
poseidon_run,daxpy,ai_err,8,8,-0.9168198453257022,1
poseidon_run,daxpy,fp_arith_scalar_double_err,8,16,-0.00702027626869942,1
poseidon_run,daxpy,unhalted_reference_cycles_err,8,16,0.07970555834388894,1
poseidon_run,daxpy,instruction_retired_err,8,16,0.03578543425770474,1
poseidon_run,daxpy,uops_retired_any_err,8,16,-0.31108714583974356,1
poseidon_run,daxpy,l1_bw,8,16,-0.008418995436080469,1
poseidon_run,daxpy,ai,8,16,0.0834530345932569,1
poseidon_run,daxpy,ai_err,8,16,-0.9165299012846165,1
poseidon_run,triad,fp_arith_scalar_double_err,12,1,-0.000763002282728173,1
poseidon_run,triad,unhalted_reference_cycles_err,12,1,-0.0013521389141226128,1
poseidon_run,triad,instruction_retired_err,12,1,0.0015271309280708105,1
poseidon_run,triad,uops_retired_any_err,12,1,-0.3989399268588258,1
poseidon_run,triad,l1_bw,12,1,0.0008749852988709001,1
poseidon_run,triad,ai,12,1,0.06239772808602594,1
poseidon_run,triad,ai_err,12,1,-0.9375610961465728,1
poseidon_run,triad,fp_arith_scalar_double_err,12,2,-0.013757923425504675,1
poseidon_run,triad,unhalted_reference_cycles_err,12,2,-0.013287734539923445,1
poseidon_run,triad,instruction_retired_err,12,2,-0.011481657627624537,1
poseidon_run,triad,uops_retired_any_err,12,2,-0.4068271482150088,1
poseidon_run,triad,l1_bw,12,2,-0.012342005416668515,1
poseidon_run,triad,ai,12,2,0.06241048629600545,1
poseidon_run,triad,ai_err,12,2,-0.9376294657101617,1
poseidon_run,triad,fp_arith_scalar_double_err,12,4,-0.005585520843553465,1
poseidon_run,triad,unhalted_reference_cycles_err,12,4,-0.00653999973117196,1
poseidon_run,triad,instruction_retired_err,12,4,-0.0033715977969033823,1
poseidon_run,triad,uops_retired_any_err,12,4,-0.4013991689667702,1
poseidon_run,triad,l1_bw,12,4,-0.0033253175616953326,1
poseidon_run,triad,ai,12,4,0.06235829213299693,1
poseidon_run,triad,ai_err,12,4,-0.9376332596128144,1
poseidon_run,triad,fp_arith_scalar_double_err,12,8,-0.0014455368872465643,1
poseidon_run,triad,unhalted_reference_cycles_err,12,8,-0.0021613829513520808,1
poseidon_run,triad,instruction_retired_err,12,8,0.0008430546307384125,1
poseidon_run,triad,uops_retired_any_err,12,8,-0.39901805290632125,1
poseidon_run,triad,l1_bw,12,8,0.0008610705102089005,1
poseidon_run,triad,ai,12,8,0.06235598301799017,1
poseidon_run,triad,ai_err,12,8,-0.9377481953465864,1
poseidon_run,triad,fp_arith_scalar_double_err,12,16,-0.006851062917349089,1
poseidon_run,triad,unhalted_reference_cycles_err,12,16,0.08665924050071523,1
poseidon_run,triad,instruction_retired_err,12,16,0.044902318405382315,1
poseidon_run,triad,uops_retired_any_err,12,16,-0.39785589882862515,1
poseidon_run,triad,l1_bw,12,16,0.004583069758267847,1
poseidon_run,triad,ai,12,16,0.061797679845763454,1
poseidon_run,triad,ai_err,12,16,-0.9387363132531888,1
poseidon_run,sum,fp_arith_scalar_double_err,12,1,-0.003065752979399036,1
poseidon_run,sum,unhalted_reference_cycles_err,12,1,-0.002839042681849016,1
poseidon_run,sum,instruction_retired_err,12,1,-0.0009084698518721376,1
poseidon_run,sum,uops_retired_any_err,12,1,-0.44457260274617766,1
poseidon_run,sum,l1_bw,12,1,-0.001370084652987832,1
poseidon_run,sum,ai,12,1,0.12478946465114779,1
poseidon_run,sum,ai_err,12,1,-0.8751819009984562,1
poseidon_run,sum,fp_arith_scalar_double_err,12,2,-0.005325464837557114,1
poseidon_run,sum,unhalted_reference_cycles_err,12,2,-0.0061135894119526525,1
poseidon_run,sum,instruction_retired_err,12,2,-0.003140792644292651,1
poseidon_run,sum,uops_retired_any_err,12,2,-0.445819014941633,1
poseidon_run,sum,l1_bw,12,2,-0.0035367273783265684,1
poseidon_run,sum,ai,12,2,0.12477592890932805,1
poseidon_run,sum,ai_err,12,2,-0.8751240711022255,1
poseidon_run,sum,fp_arith_scalar_double_err,12,4,-0.0023829913350743603,1
poseidon_run,sum,unhalted_reference_cycles_err,12,4,-0.0032709899745651484,1
poseidon_run,sum,instruction_retired_err,12,4,-0.00018751999579443593,1
poseidon_run,sum,uops_retired_any_err,12,4,-0.44422231211609053,1
poseidon_run,sum,l1_bw,12,4,-0.00049031570595904,1
poseidon_run,sum,ai,12,4,0.1247633514818357,1
poseidon_run,sum,ai_err,12,4,-0.8751253651953819,1
poseidon_run,sum,fp_arith_scalar_double_err,12,8,-0.0008254754893637727,1
poseidon_run,sum,unhalted_reference_cycles_err,12,8,-0.0015100857855592806,1
poseidon_run,sum,instruction_retired_err,12,8,0.0017502234935891899,1
poseidon_run,sum,uops_retired_any_err,12,8,-0.4432344484308329,1
poseidon_run,sum,l1_bw,12,8,0.0005567322729940978,1
poseidon_run,sum,ai,12,8,0.1248274764798289,1
poseidon_run,sum,ai_err,12,8,-0.8752403036509657,1
poseidon_run,sum,fp_arith_scalar_double_err,12,16,-0.006127900614076245,1
poseidon_run,sum,unhalted_reference_cycles_err,12,16,0.08051877787538828,1
poseidon_run,sum,instruction_retired_err,12,16,0.038918836034385285,1
poseidon_run,sum,uops_retired_any_err,12,16,-0.442388393140841,1
poseidon_run,sum,l1_bw,12,16,-0.009608919183634443,1
poseidon_run,sum,ai,12,16,0.12545810289819503,1
poseidon_run,sum,ai_err,12,16,-0.8740999119711181,1
poseidon_run,stream,fp_arith_scalar_double_err,12,1,0.00028692111669752245,1
poseidon_run,stream,unhalted_reference_cycles_err,12,1,-0.0013418863191573792,1
poseidon_run,stream,instruction_retired_err,12,1,0.0019623008712049018,1
poseidon_run,stream,uops_retired_any_err,12,1,-0.3060615340311102,1
poseidon_run,stream,l1_bw,12,1,0.0021088913637445097,1
poseidon_run,stream,ai,12,1,0.08318182170366586,1
poseidon_run,stream,ai_err,12,1,-0.916828953428913,1
poseidon_run,stream,fp_arith_scalar_double_err,12,2,-0.010348070963397,1
poseidon_run,stream,unhalted_reference_cycles_err,12,2,-0.011684213401506958,1
poseidon_run,stream,instruction_retired_err,12,2,-0.008650168178498393,1
poseidon_run,stream,uops_retired_any_err,12,2,-0.31394675259349475,1
poseidon_run,stream,l1_bw,12,2,-0.009373076050159218,1
poseidon_run,stream,ai,12,2,0.08325132128968099,1
poseidon_run,stream,ai_err,12,2,-0.9167678987813367,1
poseidon_run,stream,fp_arith_scalar_double_err,12,4,-0.0039817364513135885,1
poseidon_run,stream,unhalted_reference_cycles_err,12,4,-0.005333807567207728,1
poseidon_run,stream,instruction_retired_err,12,4,-0.0023418803179750453,1
poseidon_run,stream,uops_retired_any_err,12,4,-0.3094833103200958,1
poseidon_run,stream,l1_bw,12,4,-0.002930172672289234,1
poseidon_run,stream,ai,12,4,0.08324565999893316,1
poseidon_run,stream,ai_err,12,4,-0.9169218361751115,1
poseidon_run,stream,fp_arith_scalar_double_err,12,8,-0.000717464071146627,1
poseidon_run,stream,unhalted_reference_cycles_err,12,8,-0.002149946947891823,1
poseidon_run,stream,instruction_retired_err,12,8,0.0009572702899430174,1
poseidon_run,stream,uops_retired_any_err,12,8,-0.30570737147537097,1
poseidon_run,stream,l1_bw,12,8,0.00259343972709634,1
poseidon_run,stream,ai,12,8,0.08305818803313585,1
poseidon_run,stream,ai_err,12,8,-0.9168320828658062,1
poseidon_run,stream,fp_arith_scalar_double_err,12,16,-0.0056031595175446555,1
poseidon_run,stream,unhalted_reference_cycles_err,12,16,0.08384294032384675,1
poseidon_run,stream,instruction_retired_err,12,16,0.04148819921354405,1
poseidon_run,stream,uops_retired_any_err,12,16,-0.3061821689868484,1
poseidon_run,stream,l1_bw,12,16,0.00020918666240700526,1
poseidon_run,stream,ai,12,16,0.08287040326537931,1
poseidon_run,stream,ai_err,12,16,-0.9168639850425859,1
poseidon_run,peakflops,fp_arith_scalar_double_err,12,1,-0.0005536616638584528,1
poseidon_run,peakflops,unhalted_reference_cycles_err,12,1,-0.001357996229128183,1
poseidon_run,peakflops,instruction_retired_err,12,1,-0.00023140462508263411,1
poseidon_run,peakflops,uops_retired_any_err,12,1,2.206409491569194e-05,1
poseidon_run,peakflops,l1_bw,12,1,0.0034139346077332157,1
poseidon_run,peakflops,ai,12,1,1.9920915781376347,1
poseidon_run,peakflops,ai_err,12,1,0.9920788017381224,1
poseidon_run,peakflops,fp_arith_scalar_double_err,12,2,-0.00963241124250379,1
poseidon_run,peakflops,unhalted_reference_cycles_err,12,2,-0.010631546051307183,1
poseidon_run,peakflops,instruction_retired_err,12,2,-0.00934476566898348,1
poseidon_run,peakflops,uops_retired_any_err,12,2,-0.008915117628017293,1
poseidon_run,peakflops,l1_bw,12,2,-0.005623241630354664,1
poseidon_run,peakflops,ai,12,2,1.99195691243198,1
poseidon_run,peakflops,ai_err,12,2,0.9978681415220059,1
poseidon_run,peakflops,fp_arith_scalar_double_err,12,4,-0.004752831190118595,1
poseidon_run,peakflops,unhalted_reference_cycles_err,12,4,-0.005765985663748306,1
poseidon_run,peakflops,instruction_retired_err,12,4,-0.004463485730946529,1
poseidon_run,peakflops,uops_retired_any_err,12,4,-0.004440724422091373,1
poseidon_run,peakflops,l1_bw,12,4,-0.0007527030277029844,1
poseidon_run,peakflops,ai,12,4,1.9919941528609437,1
poseidon_run,peakflops,ai_err,12,4,0.9903984027384127,1
poseidon_run,peakflops,fp_arith_scalar_double_err,12,8,-0.0011457841288266355,1
poseidon_run,peakflops,unhalted_reference_cycles_err,12,8,-0.001785995158198165,1
poseidon_run,peakflops,instruction_retired_err,12,8,-0.0007477626185946897,1
poseidon_run,peakflops,uops_retired_any_err,12,8,-0.00027866951721862546,1
poseidon_run,peakflops,l1_bw,12,8,0.0026701560399971206,1
poseidon_run,peakflops,ai,12,8,1.9923903700772647,1
poseidon_run,peakflops,ai_err,12,8,0.992551261551694,1
poseidon_run,peakflops,fp_arith_scalar_double_err,12,16,-0.00602153664441884,1
poseidon_run,peakflops,unhalted_reference_cycles_err,12,16,0.08152393680534971,1
poseidon_run,peakflops,instruction_retired_err,12,16,0.0355685102832756,1
poseidon_run,peakflops,uops_retired_any_err,12,16,-0.001887106425675343,1
poseidon_run,peakflops,l1_bw,12,16,-0.004027288741236291,1
poseidon_run,peakflops,ai,12,16,1.9969829305354043,1
poseidon_run,peakflops,ai_err,12,16,0.9699921504322204,1
poseidon_run,ddot,fp_arith_scalar_double_err,12,1,5.436390809737624e-05,1
poseidon_run,ddot,unhalted_reference_cycles_err,12,1,-9.526582084121854e-06,1
poseidon_run,ddot,instruction_retired_err,12,1,0.0015135042410437602,1
poseidon_run,ddot,uops_retired_any_err,12,1,-0.2206638949580293,1
poseidon_run,ddot,l1_bw,12,1,0.001853036963415703,1
poseidon_run,ddot,ai,12,1,0.12477558450761438,1
poseidon_run,ddot,ai_err,12,1,-0.8752067817689035,1
poseidon_run,ddot,fp_arith_scalar_double_err,12,2,-0.010183064923047377,1
poseidon_run,ddot,unhalted_reference_cycles_err,12,2,-0.007461961638841914,1
poseidon_run,ddot,instruction_retired_err,12,2,-0.008500301194220005,1
poseidon_run,ddot,uops_retired_any_err,12,2,-0.22898393305982986,1
poseidon_run,ddot,l1_bw,12,2,-0.00886355332699728,1
poseidon_run,ddot,ai,12,2,0.1248348402456485,1
poseidon_run,ddot,ai_err,12,2,-0.874794793011373,1
poseidon_run,ddot,fp_arith_scalar_double_err,12,4,-0.0041511309688488165,1
poseidon_run,ddot,unhalted_reference_cycles_err,12,4,-0.005060578181730628,1
poseidon_run,ddot,instruction_retired_err,12,4,-0.0026882362059868535,1
poseidon_run,ddot,uops_retired_any_err,12,4,-0.223662407186027,1
poseidon_run,ddot,l1_bw,12,4,-0.0021698708084088043,1
poseidon_run,ddot,ai,12,4,0.12475199658068144,1
poseidon_run,ddot,ai_err,12,4,-0.875328657291749,1
poseidon_run,ddot,fp_arith_scalar_double_err,12,8,-0.0003280341141944122,1
poseidon_run,ddot,unhalted_reference_cycles_err,12,8,-0.0013664231844299933,1
poseidon_run,ddot,instruction_retired_err,12,8,0.0011854280385763837,1
poseidon_run,ddot,uops_retired_any_err,12,8,-0.22201758858594475,1
poseidon_run,ddot,l1_bw,12,8,2.3709173232536446e-05,1
poseidon_run,ddot,ai,12,8,0.12495603819701215,1
poseidon_run,ddot,ai_err,12,8,-0.8749829315348066,1
poseidon_run,ddot,fp_arith_scalar_double_err,12,16,-0.013385757195816925,1
poseidon_run,ddot,unhalted_reference_cycles_err,12,16,0.0833188882578123,1
poseidon_run,ddot,instruction_retired_err,12,16,0.02938229930090106,1
poseidon_run,ddot,uops_retired_any_err,12,16,-0.2332743332910756,1
poseidon_run,ddot,l1_bw,12,16,-0.007183102014784485,1
poseidon_run,ddot,ai,12,16,0.12424306341156448,1
poseidon_run,ddot,ai_err,12,16,-0.8776675713929143,1
poseidon_run,daxpy,fp_arith_scalar_double_err,12,1,-0.007134722880526387,1
poseidon_run,daxpy,unhalted_reference_cycles_err,12,1,-0.007210497471908155,1
poseidon_run,daxpy,instruction_retired_err,12,1,-0.0060595283595193125,1
poseidon_run,daxpy,uops_retired_any_err,12,1,-0.3119679361728987,1
poseidon_run,daxpy,l1_bw,12,1,-0.006930177325366663,1
poseidon_run,daxpy,ai,12,1,0.08331733874733173,1
poseidon_run,daxpy,ai_err,12,1,-0.9167863892263921,1
poseidon_run,daxpy,fp_arith_scalar_double_err,12,2,-0.008001250051040453,1
poseidon_run,daxpy,unhalted_reference_cycles_err,12,2,-0.009033553726628025,1
poseidon_run,daxpy,instruction_retired_err,12,2,-0.006886630491847463,1
poseidon_run,daxpy,uops_retired_any_err,12,2,-0.31218997609640986,1
poseidon_run,daxpy,l1_bw,12,2,-0.00673282339205682,1
poseidon_run,daxpy,ai,12,2,0.08322691898356527,1
poseidon_run,daxpy,ai_err,12,2,-0.9167442281619127,1
poseidon_run,daxpy,fp_arith_scalar_double_err,12,4,-0.001810738956586322,1
poseidon_run,daxpy,unhalted_reference_cycles_err,12,4,-0.0028648980134801886,1
poseidon_run,daxpy,instruction_retired_err,12,4,-0.0006924129437560281,1
poseidon_run,daxpy,uops_retired_any_err,12,4,-0.3074082966974775,1
poseidon_run,daxpy,l1_bw,12,4,0.0002001706473194065,1
poseidon_run,daxpy,ai,12,4,0.08316592050472531,1
poseidon_run,daxpy,ai_err,12,4,-0.9167399825097772,1
poseidon_run,daxpy,fp_arith_scalar_double_err,12,8,-0.00036169859119428095,1
poseidon_run,daxpy,unhalted_reference_cycles_err,12,8,-0.0020252779355513246,1
poseidon_run,daxpy,instruction_retired_err,12,8,0.0008029477294212374,1
poseidon_run,daxpy,uops_retired_any_err,12,8,-0.30652345317074425,1
poseidon_run,daxpy,l1_bw,12,8,0.001365042227014533,1
poseidon_run,daxpy,ai,12,8,0.08318976755144826,1
poseidon_run,daxpy,ai_err,12,8,-0.9165885139841031,1
poseidon_run,daxpy,fp_arith_scalar_double_err,12,16,-0.00625166335253419,1
poseidon_run,daxpy,unhalted_reference_cycles_err,12,16,0.08051860762481315,1
poseidon_run,daxpy,instruction_retired_err,12,16,0.03466348401195123,1
poseidon_run,daxpy,uops_retired_any_err,12,16,-0.3088262165343454,1
poseidon_run,daxpy,l1_bw,12,16,-0.012192480486868749,1
poseidon_run,daxpy,ai,12,16,0.08384668432691282,1
poseidon_run,daxpy,ai_err,12,16,-0.9148714405383067,1
poseidon_run,triad,fp_arith_scalar_double_err,16,1,-0.015122556688642876,1
poseidon_run,triad,unhalted_reference_cycles_err,16,1,-0.015738498909346,1
poseidon_run,triad,instruction_retired_err,16,1,-0.012904633015958608,1
poseidon_run,triad,uops_retired_any_err,16,1,-0.4070192432241301,1
poseidon_run,triad,l1_bw,16,1,-0.012812414445214002,1
poseidon_run,triad,ai,16,1,0.06235643744897119,1
poseidon_run,triad,ai_err,16,1,-0.9377633056326704,1
poseidon_run,triad,fp_arith_scalar_double_err,16,2,-0.01264005833248437,1
poseidon_run,triad,unhalted_reference_cycles_err,16,2,-0.01298675133192594,1
poseidon_run,triad,instruction_retired_err,16,2,-0.01038841656782526,1
poseidon_run,triad,uops_retired_any_err,16,2,-0.4053824000955896,1
poseidon_run,triad,l1_bw,16,2,-0.010055486726675743,1
poseidon_run,triad,ai,16,2,0.062337101095770744,1
poseidon_run,triad,ai_err,16,2,-0.9374207474112308,1
poseidon_run,triad,fp_arith_scalar_double_err,16,4,-0.00485845646906169,1
poseidon_run,triad,unhalted_reference_cycles_err,16,4,-0.005451078916418319,1
poseidon_run,triad,instruction_retired_err,16,4,-0.002592363001824519,1
poseidon_run,triad,uops_retired_any_err,16,4,-0.40124111715707794,1
poseidon_run,triad,l1_bw,16,4,-0.0031234599595663126,1
poseidon_run,triad,ai,16,4,0.06239139279393352,1
poseidon_run,triad,ai_err,16,4,-0.9376738653007008,1
poseidon_run,triad,fp_arith_scalar_double_err,16,8,-0.002148974668547326,1
poseidon_run,triad,unhalted_reference_cycles_err,16,8,-0.002433956454878131,1
poseidon_run,triad,instruction_retired_err,16,8,0.00020701631187983334,1
poseidon_run,triad,uops_retired_any_err,16,8,-0.3991719744816621,1
poseidon_run,triad,l1_bw,16,8,0.00015624975024965143,1
poseidon_run,triad,ai,16,8,0.06235593903542986,1
poseidon_run,triad,ai_err,16,8,-0.9376379210139748,1
poseidon_run,triad,fp_arith_scalar_double_err,16,16,-0.006868390408984934,1
poseidon_run,triad,unhalted_reference_cycles_err,16,16,0.07510765815548541,1
poseidon_run,triad,instruction_retired_err,16,16,0.03536293654880773,1
poseidon_run,triad,uops_retired_any_err,16,16,-0.4031386558946914,1
poseidon_run,triad,l1_bw,16,16,-0.020167992605784897,1
poseidon_run,triad,ai,16,16,0.06336768971716594,1
poseidon_run,triad,ai_err,16,16,-0.9363457184787444,1
poseidon_run,sum,fp_arith_scalar_double_err,16,1,0.00014274961774254,1
poseidon_run,sum,unhalted_reference_cycles_err,16,1,0.0007526206655015571,1
poseidon_run,sum,instruction_retired_err,16,1,0.002305113249772334,1
poseidon_run,sum,uops_retired_any_err,16,1,-0.44283877362750457,1
poseidon_run,sum,l1_bw,16,1,0.0021802425915220668,1
poseidon_run,sum,ai,16,1,0.1247459331818723,1
poseidon_run,sum,ai_err,16,1,-0.8751776994992734,1
poseidon_run,sum,fp_arith_scalar_double_err,16,2,-0.006753344973481675,1
poseidon_run,sum,unhalted_reference_cycles_err,16,2,-0.007332947966287271,1
poseidon_run,sum,instruction_retired_err,16,2,-0.00443338436042243,1
poseidon_run,sum,uops_retired_any_err,16,2,-0.4464700666128883,1
poseidon_run,sum,l1_bw,16,2,-0.00491942620576325,1
poseidon_run,sum,ai,16,2,0.12476964129299566,1
poseidon_run,sum,ai_err,16,2,-0.8752328235327107,1
poseidon_run,sum,fp_arith_scalar_double_err,16,4,-0.002222375048207056,1
poseidon_run,sum,unhalted_reference_cycles_err,16,4,-0.0030788600138449826,1
poseidon_run,sum,instruction_retired_err,16,4,3.5242037415468705e-05,1
poseidon_run,sum,uops_retired_any_err,16,4,-0.4439273519310227,1
poseidon_run,sum,l1_bw,16,4,-0.0003870833556980094,1
poseidon_run,sum,ai,16,4,0.12477062257069432,1
poseidon_run,sum,ai_err,16,4,-0.8753383689305108,1
poseidon_run,sum,fp_arith_scalar_double_err,16,8,7.872426690936986e-06,1
poseidon_run,sum,unhalted_reference_cycles_err,16,8,-0.001362406687600192,1
poseidon_run,sum,instruction_retired_err,16,8,0.0021406243209035817,1
poseidon_run,sum,uops_retired_any_err,16,8,-0.4431616686923995,1
poseidon_run,sum,l1_bw,16,8,0.0007279124654491795,1
poseidon_run,sum,ai,16,8,0.1249103691439403,1
poseidon_run,sum,ai_err,16,8,-0.8751483450968179,1
poseidon_run,sum,fp_arith_scalar_double_err,16,16,-0.006708442847369837,1
poseidon_run,sum,unhalted_reference_cycles_err,16,16,0.07877895175369465,1
poseidon_run,sum,instruction_retired_err,16,16,0.0354460885219966,1
poseidon_run,sum,uops_retired_any_err,16,16,-0.4466599250569214,1
poseidon_run,sum,l1_bw,16,16,-0.007588065418918071,1
poseidon_run,sum,ai,16,16,0.1251391785260289,1
poseidon_run,sum,ai_err,16,16,-0.8776841331622621,1
poseidon_run,stream,fp_arith_scalar_double_err,16,1,-0.017543882463170946,1
poseidon_run,stream,unhalted_reference_cycles_err,16,1,-0.018303712710823653,1
poseidon_run,stream,instruction_retired_err,16,1,-0.015879628880445088,1
poseidon_run,stream,uops_retired_any_err,16,1,-0.3202363185437265,1
poseidon_run,stream,l1_bw,16,1,-0.018229072524820054,1
poseidon_run,stream,ai,16,1,0.08339433300398319,1
poseidon_run,stream,ai_err,16,1,-0.9162704125780852,1
poseidon_run,stream,fp_arith_scalar_double_err,16,2,-0.006629317210971584,1
poseidon_run,stream,unhalted_reference_cycles_err,16,2,-0.007182132381303263,1
poseidon_run,stream,instruction_retired_err,16,2,-0.004993995745022205,1
poseidon_run,stream,uops_retired_any_err,16,2,-0.3107688796001364,1
poseidon_run,stream,l1_bw,16,2,-0.004460070604168656,1
poseidon_run,stream,ai,16,2,0.08315204641343676,1
poseidon_run,stream,ai_err,16,2,-0.9167427580473684,1
poseidon_run,stream,fp_arith_scalar_double_err,16,4,-0.00407506940771609,1
poseidon_run,stream,unhalted_reference_cycles_err,16,4,-0.0053348408773144645,1
poseidon_run,stream,instruction_retired_err,16,4,-0.0024547917198920765,1
poseidon_run,stream,uops_retired_any_err,16,4,-0.30910408812675727,1
poseidon_run,stream,l1_bw,16,4,-0.001282992898819535,1
poseidon_run,stream,ai,16,4,0.08310078110889854,1
poseidon_run,stream,ai_err,16,4,-0.9167818286919506,1
poseidon_run,stream,fp_arith_scalar_double_err,16,8,-0.0005401056192959764,1
poseidon_run,stream,unhalted_reference_cycles_err,16,8,-0.001996560647535277,1
poseidon_run,stream,instruction_retired_err,16,8,0.0011462275382902204,1
poseidon_run,stream,uops_retired_any_err,16,8,-0.30616636677585185,1
poseidon_run,stream,l1_bw,16,8,0.0018625229630085975,1
poseidon_run,stream,ai,16,8,0.0831335086040964,1
poseidon_run,stream,ai_err,16,8,-0.9168515506108622,1
poseidon_run,stream,fp_arith_scalar_double_err,16,16,-0.005531973807421797,1
poseidon_run,stream,unhalted_reference_cycles_err,16,16,0.08856208173664872,1
poseidon_run,stream,instruction_retired_err,16,16,0.04145792441051348,1
poseidon_run,stream,uops_retired_any_err,16,16,-0.306912180550844,1
poseidon_run,stream,l1_bw,16,16,0.006000870846487374,1
poseidon_run,stream,ai,16,16,0.0823809924018454,1
poseidon_run,stream,ai_err,16,16,-0.9177043133098328,1
poseidon_run,peakflops,fp_arith_scalar_double_err,16,1,-0.004741552250562265,1
poseidon_run,peakflops,unhalted_reference_cycles_err,16,1,-0.004216960136494692,1
poseidon_run,peakflops,instruction_retired_err,16,1,-0.004417263852949827,1
poseidon_run,peakflops,uops_retired_any_err,16,1,-0.004201573373482686,1
poseidon_run,peakflops,l1_bw,16,1,3.9932722374011116e-05,1
poseidon_run,peakflops,ai,16,1,1.9904653626070536,1
poseidon_run,peakflops,ai_err,16,1,0.9912739991412707,1
poseidon_run,peakflops,fp_arith_scalar_double_err,16,2,-0.009012674310197326,1
poseidon_run,peakflops,unhalted_reference_cycles_err,16,2,-0.009023779995332656,1
poseidon_run,peakflops,instruction_retired_err,16,2,-0.008634547604097827,1
poseidon_run,peakflops,uops_retired_any_err,16,2,-0.007550329716713168,1
poseidon_run,peakflops,l1_bw,16,2,-0.004250165645145491,1
poseidon_run,peakflops,ai,16,2,1.9904489960090008,1
poseidon_run,peakflops,ai_err,16,2,0.985560987537186,1
poseidon_run,peakflops,fp_arith_scalar_double_err,16,4,-0.004125275818819151,1
poseidon_run,peakflops,unhalted_reference_cycles_err,16,4,-0.004949549391902053,1
poseidon_run,peakflops,instruction_retired_err,16,4,-0.0038251476270754685,1
poseidon_run,peakflops,uops_retired_any_err,16,4,-0.00398115101467823,1
poseidon_run,peakflops,l1_bw,16,4,-0.0005269214469280269,1
poseidon_run,peakflops,ai,16,4,1.9928000222017623,1
poseidon_run,peakflops,ai_err,16,4,0.9927698913748801,1
poseidon_run,peakflops,fp_arith_scalar_double_err,16,8,-0.00042946123395371254,1
poseidon_run,peakflops,unhalted_reference_cycles_err,16,8,-0.0014039008847867185,1
poseidon_run,peakflops,instruction_retired_err,16,8,-9.293278574672361e-05,1
poseidon_run,peakflops,uops_retired_any_err,16,8,0.0004864711455897134,1
poseidon_run,peakflops,l1_bw,16,8,0.0035380566010167823,1
poseidon_run,peakflops,ai,16,8,1.9920933194030854,1
poseidon_run,peakflops,ai_err,16,8,0.9917369593297785,1
poseidon_run,peakflops,fp_arith_scalar_double_err,16,16,-0.0066692428797211325,1
poseidon_run,peakflops,unhalted_reference_cycles_err,16,16,0.07150344479010724,1
poseidon_run,peakflops,instruction_retired_err,16,16,0.031013063395470344,1
poseidon_run,peakflops,uops_retired_any_err,16,16,-0.010291508354202379,1
poseidon_run,peakflops,l1_bw,16,16,-0.024662979987401225,1
poseidon_run,peakflops,ai,16,16,2.037604197369191,1
poseidon_run,peakflops,ai_err,16,16,1.0596670055582704,1
poseidon_run,ddot,fp_arith_scalar_double_err,16,1,-0.00016034117758823255,1
poseidon_run,ddot,unhalted_reference_cycles_err,16,1,-0.0007139745315726562,1
poseidon_run,ddot,instruction_retired_err,16,1,0.0013491972544175427,1
poseidon_run,ddot,uops_retired_any_err,16,1,-0.2207692641721821,1
poseidon_run,ddot,l1_bw,16,1,0.0016618900711709394,1
poseidon_run,ddot,ai,16,1,0.12477260057874259,1
poseidon_run,ddot,ai_err,16,1,-0.8752107869367632,1
poseidon_run,ddot,fp_arith_scalar_double_err,16,2,-0.008381501281187486,1
poseidon_run,ddot,unhalted_reference_cycles_err,16,2,-0.009453205153176332,1
poseidon_run,ddot,instruction_retired_err,16,2,-0.0069299634300779575,1
poseidon_run,ddot,uops_retired_any_err,16,2,-0.2275257935374549,1
poseidon_run,ddot,l1_bw,16,2,-0.007059231718296922,1
poseidon_run,ddot,ai,16,2,0.1248335473329899,1
poseidon_run,ddot,ai_err,16,2,-0.8749898466775852,1
poseidon_run,ddot,fp_arith_scalar_double_err,16,4,-0.0033081346402697746,1
poseidon_run,ddot,unhalted_reference_cycles_err,16,4,-0.004025252249720405,1
poseidon_run,ddot,instruction_retired_err,16,4,-0.001754238861395309,1
poseidon_run,ddot,uops_retired_any_err,16,4,-0.22300861721319293,1
poseidon_run,ddot,l1_bw,16,4,-0.0013987441540141072,1
poseidon_run,ddot,ai,16,4,0.124761023766469,1
poseidon_run,ddot,ai_err,16,4,-0.8753521094128538,1
poseidon_run,ddot,fp_arith_scalar_double_err,16,8,-0.000853609075604764,1
poseidon_run,ddot,unhalted_reference_cycles_err,16,8,-0.0020343627202294426,1
poseidon_run,ddot,instruction_retired_err,16,8,0.0006227911129596643,1
poseidon_run,ddot,uops_retired_any_err,16,8,-0.22123138722257,1
poseidon_run,ddot,l1_bw,16,8,0.0008167773353008865,1
poseidon_run,ddot,ai,16,8,0.12479151416748259,1
poseidon_run,ddot,ai_err,16,8,-0.875151979865011,1
poseidon_run,ddot,fp_arith_scalar_double_err,16,16,-0.006355296499640075,1
poseidon_run,ddot,unhalted_reference_cycles_err,16,16,0.08270043869368811,1
poseidon_run,ddot,instruction_retired_err,16,16,0.0374591136188123,1
poseidon_run,ddot,uops_retired_any_err,16,16,-0.2246223524967155,1
poseidon_run,ddot,l1_bw,16,16,-0.0021355669841389047,1
poseidon_run,ddot,ai,16,16,0.12450224580206276,1
poseidon_run,ddot,ai_err,16,16,-0.8735632422828565,1
poseidon_run,daxpy,fp_arith_scalar_double_err,16,1,-0.0070587025238143235,1
poseidon_run,daxpy,unhalted_reference_cycles_err,16,1,-0.006885767958340353,1
poseidon_run,daxpy,instruction_retired_err,16,1,-0.005951456888097541,1
poseidon_run,daxpy,uops_retired_any_err,16,1,-0.31239339285191725,1
poseidon_run,daxpy,l1_bw,16,1,-0.006986681130154068,1
poseidon_run,daxpy,ai,16,1,0.08332854794010079,1
poseidon_run,daxpy,ai_err,16,1,-0.9167699960008794,1
poseidon_run,daxpy,fp_arith_scalar_double_err,16,2,-0.007370016317839083,1
poseidon_run,daxpy,unhalted_reference_cycles_err,16,2,-0.008267098127786763,1
poseidon_run,daxpy,instruction_retired_err,16,2,-0.006254591547956667,1
poseidon_run,daxpy,uops_retired_any_err,16,2,-0.3119576763230528,1
poseidon_run,daxpy,l1_bw,16,2,-0.006425813782270628,1
poseidon_run,daxpy,ai,16,2,0.08325418750019344,1
poseidon_run,daxpy,ai_err,16,2,-0.9168247391596251,1
poseidon_run,daxpy,fp_arith_scalar_double_err,16,4,-0.0023301400977496006,1
poseidon_run,daxpy,unhalted_reference_cycles_err,16,4,-0.0035662852659148034,1
poseidon_run,daxpy,instruction_retired_err,16,4,-0.0011683955651781972,1
poseidon_run,daxpy,uops_retired_any_err,16,4,-0.3083116779098673,1
poseidon_run,daxpy,l1_bw,16,4,-0.0010637088927268794,1
poseidon_run,daxpy,ai,16,4,0.0832277159698224,1
poseidon_run,daxpy,ai_err,16,4,-0.9168371921999398,1
poseidon_run,daxpy,fp_arith_scalar_double_err,16,8,-8.93758266756404e-05,1
poseidon_run,daxpy,unhalted_reference_cycles_err,16,8,9.351602791133392e-06,1
poseidon_run,daxpy,instruction_retired_err,16,8,0.001661012197297929,1
poseidon_run,daxpy,uops_retired_any_err,16,8,-0.3069652839821078,1
poseidon_run,daxpy,l1_bw,16,8,0.001498596366830948,1
poseidon_run,daxpy,ai,16,8,0.0832016271537147,1
poseidon_run,daxpy,ai_err,16,8,-0.916791198199402,1
poseidon_run,daxpy,fp_arith_scalar_double_err,16,16,-0.00697291150967027,1
poseidon_run,daxpy,unhalted_reference_cycles_err,16,16,0.07851205652479422,1
poseidon_run,daxpy,instruction_retired_err,16,16,0.0373417740715042,1
poseidon_run,daxpy,uops_retired_any_err,16,16,-0.3099956339104482,1
poseidon_run,daxpy,l1_bw,16,16,-0.008836472042060641,1
poseidon_run,daxpy,ai,16,16,0.08350252968035893,1
poseidon_run,daxpy,ai_err,16,16,-0.9180433348842898,1
poseidon_run,triad,fp_arith_scalar_double_err,20,1,-0.01627971602676268,1
poseidon_run,triad,unhalted_reference_cycles_err,20,1,-0.015644409021870555,1
poseidon_run,triad,instruction_retired_err,20,1,-0.014056387625045767,1
poseidon_run,triad,uops_retired_any_err,20,1,-0.4095503779882647,1
poseidon_run,triad,l1_bw,20,1,-0.01692367415563975,1
poseidon_run,triad,ai,20,1,0.06254566035269339,1
poseidon_run,triad,ai_err,20,1,-0.9372085668578272,1
poseidon_run,triad,fp_arith_scalar_double_err,20,2,-0.010994777941257817,1
poseidon_run,triad,unhalted_reference_cycles_err,20,2,-0.011647289678932825,1
poseidon_run,triad,instruction_retired_err,20,2,-0.00877480862715524,1
poseidon_run,triad,uops_retired_any_err,20,2,-0.4056638206478846,1
poseidon_run,triad,l1_bw,20,2,-0.010348336584068755,1
poseidon_run,triad,ai,20,2,0.0624592719830552,1
poseidon_run,triad,ai_err,20,2,-0.9374434218179563,1
poseidon_run,triad,fp_arith_scalar_double_err,20,4,-0.004632542489109369,1
poseidon_run,triad,unhalted_reference_cycles_err,20,4,-0.0050495692715841894,1
poseidon_run,triad,instruction_retired_err,20,4,-0.002278227815148116,1
poseidon_run,triad,uops_retired_any_err,20,4,-0.40103937363979136,1
poseidon_run,triad,l1_bw,20,4,-0.0027139770633334563,1
poseidon_run,triad,ai,20,4,0.062379738593862234,1
poseidon_run,triad,ai_err,20,4,-0.9376914714404075,1
poseidon_run,triad,fp_arith_scalar_double_err,20,8,-0.0011704696609816188,1
poseidon_run,triad,unhalted_reference_cycles_err,20,8,-0.0011205404937197523,1
poseidon_run,triad,instruction_retired_err,20,8,0.0018318680004049536,1
poseidon_run,triad,uops_retired_any_err,20,8,-0.3984371388222153,1
poseidon_run,triad,l1_bw,20,8,0.0018229381025117843,1
poseidon_run,triad,ai,20,8,0.062313343910986876,1
poseidon_run,triad,ai_err,20,8,-0.9375978384205301,1
poseidon_run,triad,fp_arith_scalar_double_err,20,16,-0.0076534957171559065,1
poseidon_run,triad,unhalted_reference_cycles_err,20,16,0.08562523942253673,1
poseidon_run,triad,instruction_retired_err,20,16,0.03709680302197915,1
poseidon_run,triad,uops_retired_any_err,20,16,-0.40341872661712924,1
poseidon_run,triad,l1_bw,20,16,0.00023161243643442746,1
poseidon_run,triad,ai,20,16,0.062044884080846616,1
poseidon_run,triad,ai_err,20,16,-0.9378942567833699,1
poseidon_run,sum,fp_arith_scalar_double_err,20,1,-0.014266809262304236,1
poseidon_run,sum,unhalted_reference_cycles_err,20,1,-0.015050793478599285,1
poseidon_run,sum,instruction_retired_err,20,1,-0.012111083263983994,1
poseidon_run,sum,uops_retired_any_err,20,1,-0.4517526586930171,1
poseidon_run,sum,l1_bw,20,1,-0.013781506704157682,1
poseidon_run,sum,ai,20,1,0.12493874819680034,1
poseidon_run,sum,ai_err,20,1,-0.8748426113429101,1
poseidon_run,sum,fp_arith_scalar_double_err,20,2,-0.0041960632814032105,1
poseidon_run,sum,unhalted_reference_cycles_err,20,2,-0.005010079875394666,1
poseidon_run,sum,instruction_retired_err,20,2,-0.0018089980155694312,1
poseidon_run,sum,uops_retired_any_err,20,2,-0.4447467578947666,1
poseidon_run,sum,l1_bw,20,2,-0.0016286283163706465,1
poseidon_run,sum,ai,20,2,0.12467870292651945,1
poseidon_run,sum,ai_err,20,2,-0.875379652288706,1
poseidon_run,sum,fp_arith_scalar_double_err,20,4,-0.002213421863659421,1
poseidon_run,sum,unhalted_reference_cycles_err,20,4,-0.002963138310784334,1
poseidon_run,sum,instruction_retired_err,20,4,1.4330137424113355e-05,1
poseidon_run,sum,uops_retired_any_err,20,4,-0.44370674497650153,1
poseidon_run,sum,l1_bw,20,4,-0.00023928710094908321,1
poseidon_run,sum,ai,20,4,0.12475318169767624,1
poseidon_run,sum,ai_err,20,4,-0.8752093121818114,1
poseidon_run,sum,fp_arith_scalar_double_err,20,8,-0.00040228604016096474,1
poseidon_run,sum,unhalted_reference_cycles_err,20,8,-0.0014346411512569973,1
poseidon_run,sum,instruction_retired_err,20,8,0.0018376774279993259,1
poseidon_run,sum,uops_retired_any_err,20,8,-0.44344949276256496,1
poseidon_run,sum,l1_bw,20,8,0.0010081728599298516,1
poseidon_run,sum,ai,20,8,0.12482400266319146,1
poseidon_run,sum,ai_err,20,8,-0.8752358584134488,1
poseidon_run,sum,fp_arith_scalar_double_err,20,16,-0.0059053359627166445,1
poseidon_run,sum,unhalted_reference_cycles_err,20,16,0.08208031210913878,1
poseidon_run,sum,instruction_retired_err,20,16,0.039418395769781456,1
poseidon_run,sum,uops_retired_any_err,20,16,-0.4459259890353766,1
poseidon_run,sum,l1_bw,20,16,-0.008861556034496496,1
poseidon_run,sum,ai,20,16,0.1254383932742359,1
poseidon_run,sum,ai_err,20,16,-0.8758900967351481,1
poseidon_run,stream,fp_arith_scalar_double_err,20,1,-0.012685500979580945,1
poseidon_run,stream,unhalted_reference_cycles_err,20,1,-0.013294813012869442,1
poseidon_run,stream,instruction_retired_err,20,1,-0.011097286608216923,1
poseidon_run,stream,uops_retired_any_err,20,1,-0.31574748422524934,1
poseidon_run,stream,l1_bw,20,1,-0.011732910552055803,1
poseidon_run,stream,ai,20,1,0.08325416977351331,1
poseidon_run,stream,ai_err,20,1,-0.9168982153641724,1
poseidon_run,stream,fp_arith_scalar_double_err,20,2,-0.010642870611496318,1
poseidon_run,stream,unhalted_reference_cycles_err,20,2,-0.011743896951217726,1
poseidon_run,stream,instruction_retired_err,20,2,-0.008993829836173323,1
poseidon_run,stream,uops_retired_any_err,20,2,-0.31387581517984475,1
poseidon_run,stream,l1_bw,20,2,-0.009234026276763493,1
poseidon_run,stream,ai,20,2,0.083214836761518,1
poseidon_run,stream,ai_err,20,2,-0.9166924403707309,1
poseidon_run,stream,fp_arith_scalar_double_err,20,4,-0.003117697410278059,1
poseidon_run,stream,unhalted_reference_cycles_err,20,4,-0.004294813310093038,1
poseidon_run,stream,instruction_retired_err,20,4,-0.0013790073662727864,1
poseidon_run,stream,uops_retired_any_err,20,4,-0.30781145256744147,1
poseidon_run,stream,l1_bw,20,4,-0.0005202443241795523,1
poseidon_run,stream,ai,20,4,0.08311686489594479,1
poseidon_run,stream,ai_err,20,4,-0.9169131080750773,1
poseidon_run,stream,fp_arith_scalar_double_err,20,8,0.0003252576258058522,1
poseidon_run,stream,unhalted_reference_cycles_err,20,8,-0.001500609546604312,1
poseidon_run,stream,instruction_retired_err,20,8,0.0019511399671608865,1
poseidon_run,stream,uops_retired_any_err,20,8,-0.30597244119398326,1
poseidon_run,stream,l1_bw,20,8,0.0021926090584988337,1
poseidon_run,stream,ai,20,8,0.08317806975701031,1
poseidon_run,stream,ai_err,20,8,-0.9168222968765254,1
poseidon_run,stream,fp_arith_scalar_double_err,20,16,-0.00575776785368789,1
poseidon_run,stream,unhalted_reference_cycles_err,20,16,0.08992825277522595,1
poseidon_run,stream,instruction_retired_err,20,16,0.042610763091211076,1
poseidon_run,stream,uops_retired_any_err,20,16,-0.3069655370586961,1
poseidon_run,stream,l1_bw,20,16,0.007857596892812915,1
poseidon_run,stream,ai,20,16,0.08222907650985667,1
poseidon_run,stream,ai_err,20,16,-0.9182996612253211,1
poseidon_run,peakflops,fp_arith_scalar_double_err,20,1,-0.00017484709815640236,1
poseidon_run,peakflops,unhalted_reference_cycles_err,20,1,0.0005576597814474681,1
poseidon_run,peakflops,instruction_retired_err,20,1,0.00013021879662509443,1
poseidon_run,peakflops,uops_retired_any_err,20,1,0.0025460772605475873,1
poseidon_run,peakflops,l1_bw,20,1,0.005041038580906461,1
poseidon_run,peakflops,ai,20,1,1.989632624959293,1
poseidon_run,peakflops,ai_err,20,1,0.9921450435605303,1
poseidon_run,peakflops,fp_arith_scalar_double_err,20,2,-0.011692974246368714,1
poseidon_run,peakflops,unhalted_reference_cycles_err,20,2,-0.012359621872486303,1
poseidon_run,peakflops,instruction_retired_err,20,2,-0.011371082274583694,1
poseidon_run,peakflops,uops_retired_any_err,20,2,-0.011275317898757976,1
poseidon_run,peakflops,l1_bw,20,2,-0.007704370998982922,1
poseidon_run,peakflops,ai,20,2,1.9919616016714412,1
poseidon_run,peakflops,ai_err,20,2,0.9922179104760493,1
poseidon_run,peakflops,fp_arith_scalar_double_err,20,4,-0.0034060327205937065,1
poseidon_run,peakflops,unhalted_reference_cycles_err,20,4,-0.003577367787557001,1
poseidon_run,peakflops,instruction_retired_err,20,4,-0.0030643476885626325,1
poseidon_run,peakflops,uops_retired_any_err,20,4,-0.001797433844197909,1
poseidon_run,peakflops,l1_bw,20,4,0.00143934839433615,1
poseidon_run,peakflops,ai,20,4,1.990325652871161,1
poseidon_run,peakflops,ai_err,20,4,0.9879587623005082,1
poseidon_run,peakflops,fp_arith_scalar_double_err,20,8,-0.00045904204589469007,1
poseidon_run,peakflops,unhalted_reference_cycles_err,20,8,-0.0018073859923913127,1
poseidon_run,peakflops,instruction_retired_err,20,8,-0.00019213272894905744,1
poseidon_run,peakflops,uops_retired_any_err,20,8,0.00033658469767753333,1
poseidon_run,peakflops,l1_bw,20,8,0.0038173576552963935,1
poseidon_run,peakflops,ai,20,8,1.991480299158082,1
poseidon_run,peakflops,ai_err,20,8,0.993429100206503,1
poseidon_run,peakflops,fp_arith_scalar_double_err,20,16,-0.006267613978605135,1
poseidon_run,peakflops,unhalted_reference_cycles_err,20,16,0.08297974000887064,1
poseidon_run,peakflops,instruction_retired_err,20,16,0.03714985300806797,1
poseidon_run,peakflops,uops_retired_any_err,20,16,-0.0022131299314594732,1
poseidon_run,peakflops,l1_bw,20,16,0.0014339855087738545,1
poseidon_run,peakflops,ai,20,16,1.9861766836803758,1
poseidon_run,peakflops,ai_err,20,16,1.0170944198280254,1
poseidon_run,ddot,fp_arith_scalar_double_err,20,1,-7.4526465804877635e-06,1
poseidon_run,ddot,unhalted_reference_cycles_err,20,1,0.0008270440575904256,1
poseidon_run,ddot,instruction_retired_err,20,1,0.0022353379677616104,1
poseidon_run,ddot,uops_retired_any_err,20,1,-0.22020516191782488,1
poseidon_run,ddot,l1_bw,20,1,0.0023418594496548506,1
poseidon_run,ddot,ai,20,1,0.12470726380510123,1
poseidon_run,ddot,ai_err,20,1,-0.8752071632507374,1
poseidon_run,ddot,fp_arith_scalar_double_err,20,2,-0.008701529480803752,1
poseidon_run,ddot,unhalted_reference_cycles_err,20,2,-0.00998744398131421,1
poseidon_run,ddot,instruction_retired_err,20,2,-0.007236839163991658,1
poseidon_run,ddot,uops_retired_any_err,20,2,-0.22769114897654788,1
poseidon_run,ddot,l1_bw,20,2,-0.007188272451503944,1
poseidon_run,ddot,ai,20,2,0.1248095651138437,1
poseidon_run,ddot,ai_err,20,2,-0.8751966639348935,1
poseidon_run,ddot,fp_arith_scalar_double_err,20,4,-0.01230593828802526,1
poseidon_run,ddot,unhalted_reference_cycles_err,20,4,-0.0046158664778992815,1
poseidon_run,ddot,instruction_retired_err,20,4,-0.010798833854681479,1
poseidon_run,ddot,uops_retired_any_err,20,4,-0.22989588300908248,1
poseidon_run,ddot,l1_bw,20,4,-0.009960588740448036,1
poseidon_run,ddot,ai,20,4,0.12470395098125871,1
poseidon_run,ddot,ai_err,20,4,-0.8752869415059952,1
poseidon_run,ddot,fp_arith_scalar_double_err,20,8,-0.0002144417914160711,1
poseidon_run,ddot,unhalted_reference_cycles_err,20,8,-0.0013116759756401943,1
poseidon_run,ddot,instruction_retired_err,20,8,0.001282667903663554,1
poseidon_run,ddot,uops_retired_any_err,20,8,-0.220703815729663,1
poseidon_run,ddot,l1_bw,20,8,0.0015650022290440479,1
poseidon_run,ddot,ai,20,8,0.12477794878396899,1
poseidon_run,ddot,ai_err,20,8,-0.8751838109056536,1
poseidon_run,ddot,fp_arith_scalar_double_err,20,16,-0.006223331018885499,1
poseidon_run,ddot,unhalted_reference_cycles_err,20,16,0.07918276204334723,1
poseidon_run,ddot,instruction_retired_err,20,16,0.03480178697381508,1
poseidon_run,ddot,uops_retired_any_err,20,16,-0.2256617209048178,1
poseidon_run,ddot,l1_bw,20,16,-0.013982922482965926,1
poseidon_run,ddot,ai,20,16,0.12601056116865497,1
poseidon_run,ddot,ai_err,20,16,-0.8728072813370581,1
poseidon_run,daxpy,fp_arith_scalar_double_err,20,1,-0.007879457010823175,1
poseidon_run,daxpy,unhalted_reference_cycles_err,20,1,-0.008159193500731042,1
poseidon_run,daxpy,instruction_retired_err,20,1,-0.006739811413971353,1
poseidon_run,daxpy,uops_retired_any_err,20,1,-0.3124208140852778,1
poseidon_run,daxpy,l1_bw,20,1,-0.007079313402299953,1
poseidon_run,daxpy,ai,20,1,0.08326790610309595,1
poseidon_run,daxpy,ai_err,20,1,-0.9167875102726009,1
poseidon_run,daxpy,fp_arith_scalar_double_err,20,2,-0.005185463560177603,1
poseidon_run,daxpy,unhalted_reference_cycles_err,20,2,-0.0057044502977249,1
poseidon_run,daxpy,instruction_retired_err,20,2,-0.004098645021389569,1
poseidon_run,daxpy,uops_retired_any_err,20,2,-0.3096942381551642,1
poseidon_run,daxpy,l1_bw,20,2,-0.0030727596405951177,1
poseidon_run,daxpy,ai,20,2,0.083156917761859,1
poseidon_run,daxpy,ai_err,20,2,-0.9169601913516557,1
poseidon_run,daxpy,fp_arith_scalar_double_err,20,4,-0.0031700300266387605,1
poseidon_run,daxpy,unhalted_reference_cycles_err,20,4,-0.004065261831889631,1
poseidon_run,daxpy,instruction_retired_err,20,4,-0.0019762101704083324,1
poseidon_run,daxpy,uops_retired_any_err,20,4,-0.3086458904027248,1
poseidon_run,daxpy,l1_bw,20,4,-0.0016147381211658654,1
poseidon_run,daxpy,ai,20,4,0.08320352077141988,1
poseidon_run,daxpy,ai_err,20,4,-0.9168061933741851,1
poseidon_run,daxpy,fp_arith_scalar_double_err,20,8,-5.6235972571373425e-05,1
poseidon_run,daxpy,unhalted_reference_cycles_err,20,8,-0.0014582343164862832,1
poseidon_run,daxpy,instruction_retired_err,20,8,0.0009924200443153634,1
poseidon_run,daxpy,uops_retired_any_err,20,8,-0.3069925560596401,1
poseidon_run,daxpy,l1_bw,20,8,0.0008268659016508638,1
poseidon_run,daxpy,ai,20,8,0.08325984003057417,1
poseidon_run,daxpy,ai_err,20,8,-0.9166625360020225,1
poseidon_run,daxpy,fp_arith_scalar_double_err,20,16,-0.0061525123066391635,1
poseidon_run,daxpy,unhalted_reference_cycles_err,20,16,0.0854138846431024,1
poseidon_run,daxpy,instruction_retired_err,20,16,0.03664042446786127,1
poseidon_run,daxpy,uops_retired_any_err,20,16,-0.31117213460655097,1
poseidon_run,daxpy,l1_bw,20,16,0.00031052675394299537,1
poseidon_run,daxpy,ai,20,16,0.08280127814889252,1
poseidon_run,daxpy,ai_err,20,16,-0.9176679126663485,1
poseidon_run,triad,fp_arith_scalar_double_err,24,1,-0.005901363061587339,1
poseidon_run,triad,unhalted_reference_cycles_err,24,1,-0.006514728795507973,1
poseidon_run,triad,instruction_retired_err,24,1,-0.003688470112541272,1
poseidon_run,triad,uops_retired_any_err,24,1,-0.4019742016504923,1
poseidon_run,triad,l1_bw,24,1,-0.004218800633680425,1
poseidon_run,triad,ai,24,1,0.06239747835597006,1
poseidon_run,triad,ai_err,24,1,-0.9379686380067439,1
poseidon_run,triad,fp_arith_scalar_double_err,24,2,-0.013009483891787585,1
poseidon_run,triad,unhalted_reference_cycles_err,24,2,-0.013368343242574581,1
poseidon_run,triad,instruction_retired_err,24,2,-0.010746177741324707,1
poseidon_run,triad,uops_retired_any_err,24,2,-0.40556094231199147,1
poseidon_run,triad,l1_bw,24,2,-0.01031129856582664,1
poseidon_run,triad,ai,24,2,0.062329660588500396,1
poseidon_run,triad,ai_err,24,2,-0.9377592608145273,1
poseidon_run,triad,fp_arith_scalar_double_err,24,4,-0.004983858213230511,1
poseidon_run,triad,unhalted_reference_cycles_err,24,4,-0.005516191430227891,1
poseidon_run,triad,instruction_retired_err,24,4,-0.0027869554363015273,1
poseidon_run,triad,uops_retired_any_err,24,4,-0.4012812123267592,1
poseidon_run,triad,l1_bw,24,4,-0.0032321528920519807,1
poseidon_run,triad,ai,24,4,0.06239017861233751,1
poseidon_run,triad,ai_err,24,4,-0.9375454608342086,1
poseidon_run,triad,fp_arith_scalar_double_err,24,8,-0.0011781713887984214,1
poseidon_run,triad,unhalted_reference_cycles_err,24,8,-0.0020000616904833138,1
poseidon_run,triad,instruction_retired_err,24,8,0.0010810623615742742,1
poseidon_run,triad,uops_retired_any_err,24,8,-0.39886950757006434,1
poseidon_run,triad,l1_bw,24,8,0.0011873570620297466,1
poseidon_run,triad,ai,24,8,0.06235233618794336,1
poseidon_run,triad,ai_err,24,8,-0.9376673225837276,1
poseidon_run,triad,fp_arith_scalar_double_err,24,16,-0.006195964893984442,1
poseidon_run,triad,unhalted_reference_cycles_err,24,16,0.0900345081242572,1
poseidon_run,triad,instruction_retired_err,24,16,0.04452661931580774,1
poseidon_run,triad,uops_retired_any_err,24,16,-0.3977200897387571,1
poseidon_run,triad,l1_bw,24,16,0.006373385796624758,1
poseidon_run,triad,ai,24,16,0.06176669659764196,1
poseidon_run,triad,ai_err,24,16,-0.939903980117213,1
poseidon_run,sum,fp_arith_scalar_double_err,24,1,-0.0027317545855164954,1
poseidon_run,sum,unhalted_reference_cycles_err,24,1,-0.002417587042894238,1
poseidon_run,sum,instruction_retired_err,24,1,-0.0005628761835048913,1
poseidon_run,sum,uops_retired_any_err,24,1,-0.44428028133967606,1
poseidon_run,sum,l1_bw,24,1,-4.390129913077357e-05,1
poseidon_run,sum,ai,24,1,0.12466467887900518,1
poseidon_run,sum,ai_err,24,1,-0.8751839206817258,1
poseidon_run,sum,fp_arith_scalar_double_err,24,2,-0.007121040961919469,1
poseidon_run,sum,unhalted_reference_cycles_err,24,2,-0.007853407440196192,1
poseidon_run,sum,instruction_retired_err,24,2,-0.00493994869922867,1
poseidon_run,sum,uops_retired_any_err,24,2,-0.446674828026429,1
poseidon_run,sum,l1_bw,24,2,-0.005335522472009713,1
poseidon_run,sum,ai,24,2,0.124775621830949,1
poseidon_run,sum,ai_err,24,2,-0.8750839009468003,1
poseidon_run,sum,fp_arith_scalar_double_err,24,4,-0.002084010973902221,1
poseidon_run,sum,unhalted_reference_cycles_err,24,4,-0.003152365159599209,1
poseidon_run,sum,instruction_retired_err,24,4,0.00014276971224419076,1
poseidon_run,sum,uops_retired_any_err,24,4,-0.4441799171535842,1
poseidon_run,sum,l1_bw,24,4,-0.0006950873214254758,1
poseidon_run,sum,ai,24,4,0.12482629023760594,1
poseidon_run,sum,ai_err,24,4,-0.8752753045640134,1
poseidon_run,sum,fp_arith_scalar_double_err,24,8,-0.0009914266822682813,1
poseidon_run,sum,unhalted_reference_cycles_err,24,8,-0.00181047670220702,1
poseidon_run,sum,instruction_retired_err,24,8,0.0011990301087771488,1
poseidon_run,sum,uops_retired_any_err,24,8,-0.4432022695757474,1
poseidon_run,sum,l1_bw,24,8,0.001177400943712496,1
poseidon_run,sum,ai,24,8,0.1247294177160229,1
poseidon_run,sum,ai_err,24,8,-0.8750629909681412,1
poseidon_run,sum,fp_arith_scalar_double_err,24,16,-0.00596534268031647,1
poseidon_run,sum,unhalted_reference_cycles_err,24,16,0.08219381823100373,1
poseidon_run,sum,instruction_retired_err,24,16,0.03820438296799287,1
poseidon_run,sum,uops_retired_any_err,24,16,-0.44446501637236074,1
poseidon_run,sum,l1_bw,24,16,-0.0019346898328562576,1
poseidon_run,sum,ai,24,16,0.1245199324221845,1
poseidon_run,sum,ai_err,24,16,-0.8736212881671825,1
poseidon_run,stream,fp_arith_scalar_double_err,24,1,-0.00822874367521768,1
poseidon_run,stream,unhalted_reference_cycles_err,24,1,-0.008835585915216762,1
poseidon_run,stream,instruction_retired_err,24,1,-0.00656721853752689,1
poseidon_run,stream,uops_retired_any_err,24,1,-0.3125805119276695,1
poseidon_run,stream,l1_bw,24,1,-0.006395219016433777,1
poseidon_run,stream,ai,24,1,0.08318239787103408,1
poseidon_run,stream,ai_err,24,1,-0.9172103289387865,1
poseidon_run,stream,fp_arith_scalar_double_err,24,2,-0.008474940642978424,1
poseidon_run,stream,unhalted_reference_cycles_err,24,2,-0.010311887120289635,1
poseidon_run,stream,instruction_retired_err,24,2,-0.007298489381397574,1
poseidon_run,stream,uops_retired_any_err,24,2,-0.31176323828011915,1
poseidon_run,stream,l1_bw,24,2,-0.0061692480973442225,1
poseidon_run,stream,ai,24,2,0.08314001795610018,1
poseidon_run,stream,ai_err,24,2,-0.9168206951895259,1
poseidon_run,stream,fp_arith_scalar_double_err,24,4,-0.0026244399417734558,1
poseidon_run,stream,unhalted_reference_cycles_err,24,4,-0.003554331900184785,1
poseidon_run,stream,instruction_retired_err,24,4,-0.0009787681434415229,1
poseidon_run,stream,uops_retired_any_err,24,4,-0.30799094206520394,1
poseidon_run,stream,l1_bw,24,4,-0.0009242537262589247,1
poseidon_run,stream,ai,24,4,0.08319173581816844,1
poseidon_run,stream,ai_err,24,4,-0.9169279689237397,1
poseidon_run,stream,fp_arith_scalar_double_err,24,8,-0.0001889852859533184,1
poseidon_run,stream,unhalted_reference_cycles_err,24,8,-0.001476269556926592,1
poseidon_run,stream,instruction_retired_err,24,8,0.0015530172000110588,1
poseidon_run,stream,uops_retired_any_err,24,8,-0.3058958443774014,1
poseidon_run,stream,l1_bw,24,8,0.0023136302690864165,1
poseidon_run,stream,ai,24,8,0.0831254140227258,1
poseidon_run,stream,ai_err,24,8,-0.916975119051819,1
poseidon_run,stream,fp_arith_scalar_double_err,24,16,-0.005950937205012393,1
poseidon_run,stream,unhalted_reference_cycles_err,24,16,0.08559172865884429,1
poseidon_run,stream,instruction_retired_err,24,16,0.041981989447395215,1
poseidon_run,stream,uops_retired_any_err,24,16,-0.3072611649165921,1
poseidon_run,stream,l1_bw,24,16,0.003200547211801996,1
poseidon_run,stream,ai,24,16,0.08259904471042341,1
poseidon_run,stream,ai_err,24,16,-0.9194162729533053,1
poseidon_run,peakflops,fp_arith_scalar_double_err,24,1,-0.005243532341315673,1
poseidon_run,peakflops,unhalted_reference_cycles_err,24,1,-0.005044065924109071,1
poseidon_run,peakflops,instruction_retired_err,24,1,-0.004897925306457596,1
poseidon_run,peakflops,uops_retired_any_err,24,1,-0.004625230438061622,1
poseidon_run,peakflops,l1_bw,24,1,-0.0002970028274770593,1
poseidon_run,peakflops,ai,24,1,1.990188771040365,1
poseidon_run,peakflops,ai_err,24,1,0.9914256660282215,1
poseidon_run,peakflops,fp_arith_scalar_double_err,24,2,-0.009952227969485626,1
poseidon_run,peakflops,unhalted_reference_cycles_err,24,2,-0.01053571873203075,1
poseidon_run,peakflops,instruction_retired_err,24,2,-0.009562690579204959,1
poseidon_run,peakflops,uops_retired_any_err,24,2,-0.010229922284792055,1
poseidon_run,peakflops,l1_bw,24,2,-0.006800036460995383,1
poseidon_run,peakflops,ai,24,2,1.9936516941779308,1
poseidon_run,peakflops,ai_err,24,2,0.9919337128382488,1
poseidon_run,peakflops,fp_arith_scalar_double_err,24,4,-0.004345294477994641,1
poseidon_run,peakflops,unhalted_reference_cycles_err,24,4,-0.004916156197724526,1
poseidon_run,peakflops,instruction_retired_err,24,4,-0.003984073308825911,1
poseidon_run,peakflops,uops_retired_any_err,24,4,-0.003356993182119399,1
poseidon_run,peakflops,l1_bw,24,4,-0.00021428353919490472,1
poseidon_run,peakflops,ai,24,4,1.9917363859282122,1
poseidon_run,peakflops,ai_err,24,4,0.9902861864086527,1
poseidon_run,peakflops,fp_arith_scalar_double_err,24,8,-0.0004412034310747695,1
poseidon_run,peakflops,unhalted_reference_cycles_err,24,8,-0.0016904908285496918,1
poseidon_run,peakflops,instruction_retired_err,24,8,-0.0001521968679561303,1
poseidon_run,peakflops,uops_retired_any_err,24,8,-0.0009530267909983124,1
poseidon_run,peakflops,l1_bw,24,8,0.0024842818685917594,1
poseidon_run,peakflops,ai,24,8,1.9941671715836244,1
poseidon_run,peakflops,ai_err,24,8,0.9919123932316882,1
poseidon_run,peakflops,fp_arith_scalar_double_err,24,16,-0.0063255776489100825,1
poseidon_run,peakflops,unhalted_reference_cycles_err,24,16,0.09415228943872288,1
poseidon_run,peakflops,instruction_retired_err,24,16,0.04019734230383435,1
poseidon_run,peakflops,uops_retired_any_err,24,16,0.002858579405562266,1
poseidon_run,peakflops,l1_bw,24,16,0.021643910656210557,1
poseidon_run,peakflops,ai,24,16,1.9462871900620504,1
poseidon_run,peakflops,ai_err,24,16,0.9401813176457381,1
poseidon_run,ddot,fp_arith_scalar_double_err,24,1,-0.01529638807315892,1
poseidon_run,ddot,unhalted_reference_cycles_err,24,1,-0.008412830740746688,1
poseidon_run,ddot,instruction_retired_err,24,1,-0.013893188051379585,1
poseidon_run,ddot,uops_retired_any_err,24,1,-0.23146279566605793,1
poseidon_run,ddot,l1_bw,24,1,-0.011931257698963048,1
poseidon_run,ddot,ai,24,1,0.12457678052697002,1
poseidon_run,ddot,ai_err,24,1,-0.875281581872398,1
poseidon_run,ddot,fp_arith_scalar_double_err,24,2,-0.008202233506380406,1
poseidon_run,ddot,unhalted_reference_cycles_err,24,2,-0.009557978338567466,1
poseidon_run,ddot,instruction_retired_err,24,2,-0.006794548487686437,1
poseidon_run,ddot,uops_retired_any_err,24,2,-0.22781366399226013,1
poseidon_run,ddot,l1_bw,24,2,-0.00718681916432985,1
poseidon_run,ddot,ai,24,2,0.12487211239246045,1
poseidon_run,ddot,ai_err,24,2,-0.8750843843165468,1
poseidon_run,ddot,fp_arith_scalar_double_err,24,4,-0.011488065589528047,1
poseidon_run,ddot,unhalted_reference_cycles_err,24,4,-0.004564606324686268,1
poseidon_run,ddot,instruction_retired_err,24,4,-0.009942289883146193,1
poseidon_run,ddot,uops_retired_any_err,24,4,-0.22965882698974793,1
poseidon_run,ddot,l1_bw,24,4,-0.009913504798194374,1
poseidon_run,ddot,ai,24,4,0.12480228765926166,1
poseidon_run,ddot,ai_err,24,4,-0.8750770591905778,1
poseidon_run,ddot,fp_arith_scalar_double_err,24,8,-0.0009854980906151708,1
poseidon_run,ddot,unhalted_reference_cycles_err,24,8,-0.0020978071614694556,1
poseidon_run,ddot,instruction_retired_err,24,8,0.00047334457797970414,1
poseidon_run,ddot,uops_retired_any_err,24,8,-0.22149521921311513,1
poseidon_run,ddot,l1_bw,24,8,0.0013124893517452222,1
poseidon_run,ddot,ai,24,8,0.12471325499596776,1
poseidon_run,ddot,ai_err,24,8,-0.8752032227153087,1
poseidon_run,ddot,fp_arith_scalar_double_err,24,16,-0.0062459590963389894,1
poseidon_run,ddot,unhalted_reference_cycles_err,24,16,0.08465157400025004,1
poseidon_run,ddot,instruction_retired_err,24,16,0.03798957853485868,1
poseidon_run,ddot,uops_retired_any_err,24,16,-0.22387657198369437,1
poseidon_run,ddot,l1_bw,24,16,0.0025019749769385233,1
poseidon_run,ddot,ai,24,16,0.1239369629984794,1
poseidon_run,ddot,ai_err,24,16,-0.8752783961284737,1
poseidon_run,daxpy,fp_arith_scalar_double_err,24,1,-0.000132257695433827,1
poseidon_run,daxpy,unhalted_reference_cycles_err,24,1,0.0003900322435737224,1
poseidon_run,daxpy,instruction_retired_err,24,1,0.0009604022489029606,1
poseidon_run,daxpy,uops_retired_any_err,24,1,-0.30505137870798543,1
poseidon_run,daxpy,l1_bw,24,1,0.0031908382890101987,1
poseidon_run,daxpy,ai,24,1,0.08305743462429249,1
poseidon_run,daxpy,ai_err,24,1,-0.9167785793792232,1
poseidon_run,daxpy,fp_arith_scalar_double_err,24,2,-0.006881962071110669,1
poseidon_run,daxpy,unhalted_reference_cycles_err,24,2,-0.00784415646597755,1
poseidon_run,daxpy,instruction_retired_err,24,2,-0.005777224780084144,1
poseidon_run,daxpy,uops_retired_any_err,24,2,-0.31097270600733734,1
poseidon_run,daxpy,l1_bw,24,2,-0.005119263735169566,1
poseidon_run,daxpy,ai,24,2,0.08318567886737274,1
poseidon_run,daxpy,ai_err,24,2,-0.9168977365296445,1
poseidon_run,daxpy,fp_arith_scalar_double_err,24,4,-0.002337537894008137,1
poseidon_run,daxpy,unhalted_reference_cycles_err,24,4,-0.00341735211329183,1
poseidon_run,daxpy,instruction_retired_err,24,4,-0.0012507546878067586,1
poseidon_run,daxpy,uops_retired_any_err,24,4,-0.3081337074429561,1
poseidon_run,daxpy,l1_bw,24,4,-0.0009198131958129558,1
poseidon_run,daxpy,ai,24,4,0.08321509919401095,1
poseidon_run,daxpy,ai_err,24,4,-0.9167573483866603,1
poseidon_run,daxpy,fp_arith_scalar_double_err,24,8,-0.0009397499156598262,1
poseidon_run,daxpy,unhalted_reference_cycles_err,24,8,-0.0022107942890874574,1
poseidon_run,daxpy,instruction_retired_err,24,8,0.00017444196058052423,1
poseidon_run,daxpy,uops_retired_any_err,24,8,-0.30737012576853656,1
poseidon_run,daxpy,l1_bw,24,8,0.00019672863909662406,1
poseidon_run,daxpy,ai,24,8,0.08323867259026159,1
poseidon_run,daxpy,ai_err,24,8,-0.9167700407589549,1
poseidon_run,daxpy,fp_arith_scalar_double_err,24,16,-0.005903847817541743,1
poseidon_run,daxpy,unhalted_reference_cycles_err,24,16,0.08577382814900122,1
poseidon_run,daxpy,instruction_retired_err,24,16,0.03782899083920229,1
poseidon_run,daxpy,uops_retired_any_err,24,16,-0.3106403028407175,1
poseidon_run,daxpy,l1_bw,24,16,0.003781453204422768,1
poseidon_run,daxpy,ai,24,16,0.08253801703385565,1
poseidon_run,daxpy,ai_err,24,16,-0.9174378777269229,1
